_runtime,_step,_timestamp,_wandb.runtime,eval/entropy,eval/loss,eval/mean_token_accuracy,eval/model_preparation_time,eval/num_tokens,eval/runtime,eval/samples_per_second,eval/steps_per_second,eval_after/epoch,eval_after/eval_entropy,eval_after/eval_loss,eval_after/eval_mean_token_accuracy,eval_after/eval_model_preparation_time,eval_after/eval_num_tokens,eval_after/eval_runtime,eval_after/eval_samples_per_second,eval_after/eval_steps_per_second,eval_after/num_input_tokens_seen,eval_before/eval_entropy,eval_before/eval_loss,eval_before/eval_mean_token_accuracy,eval_before/eval_model_preparation_time,eval_before/eval_num_tokens,eval_before/eval_runtime,eval_before/eval_samples_per_second,eval_before/eval_steps_per_second,eval_before/num_input_tokens_seen,total_flos,train/entropy,train/epoch,train/global_step,train/grad_norm,train/learning_rate,train/loss,train/mean_token_accuracy,train/num_input_tokens_seen,train/num_tokens,train/train_tokens_per_second,train_loss,train_runtime,train_samples_per_second,train_steps_per_second,accelerator_config,activation_offloading,adafactor,adam_beta1,adam_beta2,adam_epsilon,add_cross_attention,architectures,assistant_only_loss,attention_bias,attention_dropout,auto_find_batch_size,average_tokens_across_devices,bad_words_ids,batch_eval_metrics,begin_suppress_tokens,bf16,bf16_full_eval,bos_token_id,chat_template_path,chunk_size_feed_forward,completion_only_loss,cross_attention_hidden_size,data_config,data_seed,dataloader_drop_last,dataloader_num_workers,dataloader_persistent_workers,dataloader_pin_memory,dataloader_prefetch_factor,dataset_kwargs,dataset_num_proc,dataset_text_field,ddp_backend,ddp_broadcast_buffers,ddp_bucket_cap_mb,ddp_find_unused_parameters,ddp_timeout,debug,decoder_start_token_id,deepspeed,disable_tqdm,diversity_penalty,do_eval,do_predict,do_sample,do_train,dtype,early_stopping,effective_global_batch_size,encoder_no_repeat_ngram_size,eos_token,eos_token_id,eval_accumulation_steps,eval_delay,eval_do_concat_batches,eval_on_start,eval_packing,eval_steps,eval_strategy,eval_use_gather_object,exponential_decay_length_penalty,finetuning_task,forced_bos_token_id,forced_eos_token_id,fp16,fp16_backend,fp16_full_eval,fp16_opt_level,fsdp,fsdp_config,fsdp_min_num_params,fsdp_transformer_layer_cls_to_wrap,full_determinism,gradient_accumulation_steps,gradient_checkpointing,gradient_checkpointing_kwargs,greater_is_better,group_by_length,half_precision_backend,head_dim,hidden_act,hidden_size,hub_always_push,hub_model_id,hub_private_repo,hub_revision,hub_strategy,hub_token,id2label,ignore_data_skip,include_for_metrics,include_inputs_for_metrics,include_num_input_tokens_seen,include_tokens_per_second,initializer_range,intermediate_size,is_decoder,is_encoder_decoder,jit_mode_eval,label2id,label_names,label_smoothing_factor,layer_types,learning_rate,length_column_name,length_penalty,liger_kernel_config,load_best_model_at_end,local_rank,log_level,log_level_replica,log_on_each_node,logging_dir,logging_first_step,logging_nan_inf_filter,logging_steps,logging_strategy,lr_scheduler_type,max_grad_norm,max_length,max_position_embeddings,max_steps,max_window_layers,metric_for_best_model,min_length,model/num_parameters,model_config,model_init_kwargs,model_type,mp_parameters,neftune_noise_alpha,no_cuda,no_repeat_ngram_size,num_attention_heads,num_beam_groups,num_beams,num_hidden_layers,num_key_value_heads,num_return_sequences,num_train_epochs,optim,optim_args,optim_target_modules,output_attentions,output_dir,output_hidden_states,output_scores,overwrite_output_dir,packing,packing_strategy,pad_to_multiple_of,pad_token,pad_token_id,padding_free,parallelism_config,past_index,per_device_eval_batch_size,per_device_train_batch_size,per_gpu_eval_batch_size,per_gpu_train_batch_size,prediction_loss_only,prefix,problem_type,push_to_hub,push_to_hub_model_id,push_to_hub_organization,push_to_hub_token,ray_scope,remove_invalid_values,remove_unused_columns,repetition_penalty,report_to,restore_callback_states_from_checkpoint,resume_from_checkpoint,return_dict,return_dict_in_generate,rms_norm_eps,rope_scaling,rope_theta,run_name,save_on_each_node,save_only_model,save_safetensors,save_steps,save_strategy,save_total_limit,seed,sep_token_id,sft_trainer_config,skip_memory_metrics,sliding_window,suppress_tokens,task_specific_params,temperature,tf32,tf_legacy_loss,tie_encoder_decoder,tie_word_embeddings,tokenizer_class,top_k,top_p,torch_compile,torch_compile_backend,torch_compile_mode,torch_empty_cache_steps,torchdynamo,torchscript,tpu_metrics_debug,tpu_num_cores,transformers_version,typical_p,use_bfloat16,use_cache,use_cpu,use_ipex,use_legacy_prediction_loop,use_liger_kernel,use_mps_device,use_sliding_window,vocab_size,warmup_ratio,warmup_steps,weight_decay,State,Sweep,run_id
499,124,1767154305.5175357,499,6.360310855584267,3.927360773086548,0.31275982457475787,0.0006,2289028,51.7738,96.555,6.046,1,6.360310855584267,3.927360773086548,0.31275982457475787,0.0006,2289028,51.7738,96.555,6.046,6618144,6.482263562006828,4.035421371459961,0.2984516445833903,0.0006,0,52.1368,95.882,6.003,0,774383840815104,6.513822913169861,1,117,0.83203125,2.8525453514099965e-08,4.0489,0.30871810019016266,6618144,2289028,18604.953,4.019998045049162,355.7206,21.056,0.329,"{'dispatch_batches': None, 'even_batches': True, 'gradient_accumulation_kwargs': None, 'non_blocking': False, 'split_batches': False, 'use_seedable_sampler': True}",False,False,0.9,0.999,1e-08,False,['Qwen3ForCausalLM'],False,False,0,False,False,,False,,True,False,,,0,False,,"{'dataset': 'EleutherAI/minerva_math', 'shuffle_seed': 0, 'split_to_train_on': 'train'}",0,True,4,False,True,4,,,input_ids,,,,,1800,[],,,False,0,True,False,False,False,bfloat16,False,64,0,<EOS_TOKEN>,151643,,0,True,True,,50,steps,False,,,,,False,auto,False,O1,[],"{'min_num_params': 0, 'xla': False, 'xla_fsdp_grad_ckpt': False, 'xla_fsdp_v2': False}",0,,False,4,True,,False,False,auto,128,silu,96,False,RylanSchaeffer/mem_Qwen3-34M_minerva_math_rep_3_sbst_1.0000_epch_1_ot_1_sft,True,,end,<HUB_TOKEN>,"{'0': 'LABEL_0', '1': 'LABEL_1'}",False,[],False,True,False,0.02,256,False,False,False,"{'LABEL_0': 0, 'LABEL_1': 1}",,0,"['full_attention', 'full_attention', 'full_attention']",0.0001,length,1,,False,0,passive,warning,True,models/sft_language_model/RylanSchaeffer/mem_Qwen3-34M_minerva_math_rep_3_sbst_1.0000_epch_1_ot_1_sft/runs/Dec30_20-03-50_skampere1,False,True,1,steps,cosine,1,2048,32768,-1,28,eval_loss,0,34061856,"{'attn_implementation': 'eager', 'device_map': 'auto', 'initial_model_name_or_path': 'RylanSchaeffer/mem_Qwen3-34M_minerva_math_rep_3_sbst_1.0000_epch_1_ot_1', 'torch_dtype': 'bfloat16'}",,qwen3,,,False,0,32,1,1,3,32,1,1,adamw_torch,,,False,models/sft_language_model/RylanSchaeffer/mem_Qwen3-34M_minerva_math_rep_3_sbst_1.0000_epch_1_ot_1_sft,False,False,False,False,bfd,,<PAD_TOKEN>,151669,False,,-1,16,16,,,False,,,False,,,<PUSH_TO_HUB_TOKEN>,last,False,True,1,['wandb'],False,,True,False,1e-06,,10000,ethereal-sweep-35,False,False,True,500,best,1,0,,"{'data_seed': 0, 'dataloader_drop_last': True, 'dataloader_num_workers': 4, 'dataloader_prefetch_factor': 4, 'eval_on_start': True, 'eval_steps': 50, 'eval_strategy': 'steps', 'gradient_accumulation_steps': 4, 'gradient_checkpointing': True, 'hub_strategy': 'end', 'learning_rate': 0.0001, 'logging_steps': 1, 'lr_scheduler_type': 'cosine', 'max_grad_norm': 1, 'max_length': 2048, 'max_steps': -1, 'num_train_epochs': 1, 'optim': 'adamw_torch', 'per_device_eval_batch_size': 16, 'per_device_train_batch_size': 16, 'remove_unused_columns': True, 'report_to': 'wandb', 'save_strategy': 'best', 'save_total_limit': 1, 'torch_compile': False, 'warmup_ratio': 0.2, 'weight_decay': 0}",True,,,,1,,False,False,False,,50,1,False,,,,,False,False,,4.56.1,1,False,True,False,False,False,False,False,False,151670,0.2,0,0,finished,9auakwfg,uxfzacxb
647,124,1767149495.9193127,647,4.518845718640548,2.87079119682312,0.4694160543955289,0.0009,2289028,64.2149,77.848,4.874,1,4.518845718640548,2.87079119682312,0.4694160543955289,0.0009,2289028,64.2149,77.848,4.874,6618144,4.887665096001747,3.155097007751465,0.431110540834757,0.0009,0,63.8718,78.266,4.9,0,1533009933711360,4.6059266328811646,1,117,0.734375,2.8525453514099965e-08,2.9358,0.46466435492038727,6618144,2289028,13942.909,2.9725468036455984,474.6616,15.78,0.246,"{'dispatch_batches': None, 'even_batches': True, 'gradient_accumulation_kwargs': None, 'non_blocking': False, 'split_batches': False, 'use_seedable_sampler': True}",False,False,0.9,0.999,1e-08,False,['Qwen3ForCausalLM'],False,False,0,False,False,,False,,True,False,,,0,False,,"{'dataset': 'EleutherAI/minerva_math', 'shuffle_seed': 0, 'split_to_train_on': 'train'}",0,True,4,False,True,4,,,input_ids,,,,,1800,[],,,False,0,True,False,False,False,bfloat16,False,64,0,<EOS_TOKEN>,151643,,0,True,True,,50,steps,False,,,,,False,auto,False,O1,[],"{'min_num_params': 0, 'xla': False, 'xla_fsdp_grad_ckpt': False, 'xla_fsdp_v2': False}",0,,False,4,True,,False,False,auto,128,silu,160,False,RylanSchaeffer/mem_Qwen3-62M_minerva_math_rep_1_sbst_1.0000_epch_1_ot_1_sft,True,,end,<HUB_TOKEN>,"{'0': 'LABEL_0', '1': 'LABEL_1'}",False,[],False,True,False,0.02,512,False,False,False,"{'LABEL_0': 0, 'LABEL_1': 1}",,0,"['full_attention', 'full_attention', 'full_attention', 'full_attention', 'full_attention']",0.0001,length,1,,False,0,passive,warning,True,models/sft_language_model/RylanSchaeffer/mem_Qwen3-62M_minerva_math_rep_1_sbst_1.0000_epch_1_ot_1_sft/runs/Dec30_18-41-16_skampere1,False,True,1,steps,cosine,1,2048,32768,-1,28,eval_loss,0,62873440,"{'attn_implementation': 'eager', 'device_map': 'auto', 'initial_model_name_or_path': 'RylanSchaeffer/mem_Qwen3-62M_minerva_math_rep_1_sbst_1.0000_epch_1_ot_1', 'torch_dtype': 'bfloat16'}",,qwen3,,,False,0,32,1,1,5,32,1,1,adamw_torch,,,False,models/sft_language_model/RylanSchaeffer/mem_Qwen3-62M_minerva_math_rep_1_sbst_1.0000_epch_1_ot_1_sft,False,False,False,False,bfd,,<PAD_TOKEN>,151669,False,,-1,16,16,,,False,,,False,,,<PUSH_TO_HUB_TOKEN>,last,False,True,1,['wandb'],False,,True,False,1e-06,,10000,icy-sweep-27,False,False,True,500,best,1,0,,"{'data_seed': 0, 'dataloader_drop_last': True, 'dataloader_num_workers': 4, 'dataloader_prefetch_factor': 4, 'eval_on_start': True, 'eval_steps': 50, 'eval_strategy': 'steps', 'gradient_accumulation_steps': 4, 'gradient_checkpointing': True, 'hub_strategy': 'end', 'learning_rate': 0.0001, 'logging_steps': 1, 'lr_scheduler_type': 'cosine', 'max_grad_norm': 1, 'max_length': 2048, 'max_steps': -1, 'num_train_epochs': 1, 'optim': 'adamw_torch', 'per_device_eval_batch_size': 16, 'per_device_train_batch_size': 16, 'remove_unused_columns': True, 'report_to': 'wandb', 'save_strategy': 'best', 'save_total_limit': 1, 'torch_compile': False, 'warmup_ratio': 0.2, 'weight_decay': 0}",True,,,,1,,False,False,False,,50,1,False,,,,,False,False,,4.56.1,1,False,True,False,False,False,False,False,False,151670,0.2,0,0,finished,9auakwfg,wtytjtyt
1347,124,1767129206.5602643,1347,1.3462801371247342,0.8888667225837708,0.7618312545311756,0.002,2289028,121.9545,40.991,2.567,1,1.3462801371247342,0.8888667225837708,0.7618312545311756,0.002,2289028,121.9545,40.991,2.567,6618144,0.7115797706139393,0.29068654775619507,0.9430496018284408,0.002,0,122.2319,40.898,2.561,0,10191744380473344,1.4096614718437197,1,117,0.53515625,2.8525453514099965e-08,1.4227,0.6417734771966934,6618144,2289028,6276.63,1.45585136841505,1054.4116,7.103,0.111,"{'dispatch_batches': None, 'even_batches': True, 'gradient_accumulation_kwargs': None, 'non_blocking': False, 'split_batches': False, 'use_seedable_sampler': True}",False,False,0.9,0.999,1e-08,False,['Qwen3ForCausalLM'],False,False,0,False,False,,False,,True,False,,,0,False,,"{'dataset': 'EleutherAI/minerva_math', 'shuffle_seed': 0, 'split_to_train_on': 'train'}",0,True,4,False,True,4,,,input_ids,,,,,1800,[],,,False,0,True,False,False,False,bfloat16,False,64,0,<EOS_TOKEN>,151643,,0,True,True,,50,steps,False,,,,,False,auto,False,O1,[],"{'min_num_params': 0, 'xla': False, 'xla_fsdp_grad_ckpt': False, 'xla_fsdp_v2': False}",0,,False,4,True,,False,False,auto,128,silu,576,False,RylanSchaeffer/mem_Qwen3-344M_minerva_math_rep_32_sbst_1.0000_epch_1_ot_1_sft,True,,end,<HUB_TOKEN>,"{'0': 'LABEL_0', '1': 'LABEL_1'}",False,[],False,True,False,0.02,1536,False,False,False,"{'LABEL_0': 0, 'LABEL_1': 1}",,0,"['full_attention', 'full_attention', 'full_attention', 'full_attention', 'full_attention', 'full_attention', 'full_attention', 'full_attention', 'full_attention', 'full_attention', 'full_attention', 'full_attention', 'full_attention', 'full_attention']",0.0001,length,1,,False,0,passive,warning,True,models/sft_language_model/RylanSchaeffer/mem_Qwen3-344M_minerva_math_rep_32_sbst_1.0000_epch_1_ot_1_sft/runs/Dec30_12-51-30_skampere1,False,True,1,steps,cosine,1,2048,32768,-1,28,eval_loss,0,344023616,"{'attn_implementation': 'eager', 'device_map': 'auto', 'initial_model_name_or_path': 'RylanSchaeffer/mem_Qwen3-344M_minerva_math_rep_32_sbst_1.0000_epch_1_ot_1', 'torch_dtype': 'bfloat16'}",,qwen3,,,False,0,32,1,1,14,32,1,1,adamw_torch,,,False,models/sft_language_model/RylanSchaeffer/mem_Qwen3-344M_minerva_math_rep_32_sbst_1.0000_epch_1_ot_1_sft,False,False,False,False,bfd,,<PAD_TOKEN>,151669,False,,-1,16,16,,,False,,,False,,,<PUSH_TO_HUB_TOKEN>,last,False,True,1,['wandb'],False,,True,False,1e-06,,10000,vital-sweep-5,False,False,True,500,best,1,0,,"{'data_seed': 0, 'dataloader_drop_last': True, 'dataloader_num_workers': 4, 'dataloader_prefetch_factor': 4, 'eval_on_start': True, 'eval_steps': 50, 'eval_strategy': 'steps', 'gradient_accumulation_steps': 4, 'gradient_checkpointing': True, 'hub_strategy': 'end', 'learning_rate': 0.0001, 'logging_steps': 1, 'lr_scheduler_type': 'cosine', 'max_grad_norm': 1, 'max_length': 2048, 'max_steps': -1, 'num_train_epochs': 1, 'optim': 'adamw_torch', 'per_device_eval_batch_size': 16, 'per_device_train_batch_size': 16, 'remove_unused_columns': True, 'report_to': 'wandb', 'save_strategy': 'best', 'save_total_limit': 1, 'torch_compile': False, 'warmup_ratio': 0.2, 'weight_decay': 0}",True,,,,1,,False,False,False,,50,1,False,,,,,False,False,,4.56.1,1,False,True,False,False,False,False,False,False,151670,0.2,0,0,finished,9auakwfg,6o3t1ftx
509,124,1767156383.8716676,509,3.383996132092598,1.7607775926589966,0.6277099503920629,0.0007,2289028,52.3188,95.549,5.983,1,3.383996132092598,1.7607775926589966,0.6277099503920629,0.0007,2289028,52.3188,95.549,5.983,6618144,2.4806332763953085,0.5550927519798279,0.9390001352398823,0.0007,0,52.6382,94.969,5.946,0,774383840815104,3.519427537918091,1,117,1.3515625,2.8525453514099965e-08,2.7152,0.4414232447743416,6618144,2289028,18481.969,2.9223171645759516,358.0878,20.917,0.327,"{'dispatch_batches': None, 'even_batches': True, 'gradient_accumulation_kwargs': None, 'non_blocking': False, 'split_batches': False, 'use_seedable_sampler': True}",False,False,0.9,0.999,1e-08,False,['Qwen3ForCausalLM'],False,False,0,False,False,,False,,True,False,,,0,False,,"{'dataset': 'EleutherAI/minerva_math', 'shuffle_seed': 0, 'split_to_train_on': 'train'}",0,True,4,False,True,4,,,input_ids,,,,,1800,[],,,False,0,True,False,False,False,bfloat16,False,64,0,<EOS_TOKEN>,151643,,0,True,True,,50,steps,False,,,,,False,auto,False,O1,[],"{'min_num_params': 0, 'xla': False, 'xla_fsdp_grad_ckpt': False, 'xla_fsdp_v2': False}",0,,False,4,True,,False,False,auto,128,silu,96,False,RylanSchaeffer/mem_Qwen3-34M_minerva_math_rep_316_sbst_1.0000_epch_1_ot_1_sft,True,,end,<HUB_TOKEN>,"{'0': 'LABEL_0', '1': 'LABEL_1'}",False,[],False,True,False,0.02,256,False,False,False,"{'LABEL_0': 0, 'LABEL_1': 1}",,0,"['full_attention', 'full_attention', 'full_attention']",0.0001,length,1,,False,0,passive,warning,True,models/sft_language_model/RylanSchaeffer/mem_Qwen3-34M_minerva_math_rep_316_sbst_1.0000_epch_1_ot_1_sft/runs/Dec30_20-38-24_skampere1,False,True,1,steps,cosine,1,2048,32768,-1,28,eval_loss,0,34061856,"{'attn_implementation': 'eager', 'device_map': 'auto', 'initial_model_name_or_path': 'RylanSchaeffer/mem_Qwen3-34M_minerva_math_rep_316_sbst_1.0000_epch_1_ot_1', 'torch_dtype': 'bfloat16'}",,qwen3,,,False,0,32,1,1,3,32,1,1,adamw_torch,,,False,models/sft_language_model/RylanSchaeffer/mem_Qwen3-34M_minerva_math_rep_316_sbst_1.0000_epch_1_ot_1_sft,False,False,False,False,bfd,,<PAD_TOKEN>,151669,False,,-1,16,16,,,False,,,False,,,<PUSH_TO_HUB_TOKEN>,last,False,True,1,['wandb'],False,,True,False,1e-06,,10000,restful-sweep-39,False,False,True,500,best,1,0,,"{'data_seed': 0, 'dataloader_drop_last': True, 'dataloader_num_workers': 4, 'dataloader_prefetch_factor': 4, 'eval_on_start': True, 'eval_steps': 50, 'eval_strategy': 'steps', 'gradient_accumulation_steps': 4, 'gradient_checkpointing': True, 'hub_strategy': 'end', 'learning_rate': 0.0001, 'logging_steps': 1, 'lr_scheduler_type': 'cosine', 'max_grad_norm': 1, 'max_length': 2048, 'max_steps': -1, 'num_train_epochs': 1, 'optim': 'adamw_torch', 'per_device_eval_batch_size': 16, 'per_device_train_batch_size': 16, 'remove_unused_columns': True, 'report_to': 'wandb', 'save_strategy': 'best', 'save_total_limit': 1, 'torch_compile': False, 'warmup_ratio': 0.2, 'weight_decay': 0}",True,,,,1,,False,False,False,,50,1,False,,,,,False,False,,4.56.1,1,False,True,False,False,False,False,False,False,151670,0.2,0,0,finished,9auakwfg,hr946ci4
1355,124,1767133294.3044982,1355,1.6768372190686374,1.1683025360107422,0.7026236236859591,0.002,2289028,121.842,41.029,2.569,1,1.6768372190686374,1.1683025360107422,0.7026236236859591,0.002,2289028,121.842,41.029,2.569,6618144,0.06557040692617495,0.036239344626665115,0.9898896706409944,0.002,0,122.1686,40.919,2.562,0,10191744380473344,1.791409969329834,1,117,0.5859375,2.8525453514099965e-08,1.7378,0.5871838629245758,6618144,2289028,6272.993,2.040414966069735,1055.0228,7.099,0.111,"{'dispatch_batches': None, 'even_batches': True, 'gradient_accumulation_kwargs': None, 'non_blocking': False, 'split_batches': False, 'use_seedable_sampler': True}",False,False,0.9,0.999,1e-08,False,['Qwen3ForCausalLM'],False,False,0,False,False,,False,,True,False,,,0,False,,"{'dataset': 'EleutherAI/minerva_math', 'shuffle_seed': 0, 'split_to_train_on': 'train'}",0,True,4,False,True,4,,,input_ids,,,,,1800,[],,,False,0,True,False,False,False,bfloat16,False,64,0,<EOS_TOKEN>,151643,,0,True,True,,50,steps,False,,,,,False,auto,False,O1,[],"{'min_num_params': 0, 'xla': False, 'xla_fsdp_grad_ckpt': False, 'xla_fsdp_v2': False}",0,,False,4,True,,False,False,auto,128,silu,576,False,RylanSchaeffer/mem_Qwen3-344M_minerva_math_rep_1000_sbst_1.0000_epch_1_ot_1_sft,True,,end,<HUB_TOKEN>,"{'0': 'LABEL_0', '1': 'LABEL_1'}",False,[],False,True,False,0.02,1536,False,False,False,"{'LABEL_0': 0, 'LABEL_1': 1}",,0,"['full_attention', 'full_attention', 'full_attention', 'full_attention', 'full_attention', 'full_attention', 'full_attention', 'full_attention', 'full_attention', 'full_attention', 'full_attention', 'full_attention', 'full_attention', 'full_attention']",0.0001,length,1,,False,0,passive,warning,True,models/sft_language_model/RylanSchaeffer/mem_Qwen3-344M_minerva_math_rep_1000_sbst_1.0000_epch_1_ot_1_sft/runs/Dec30_13-59-39_skampere1,False,True,1,steps,cosine,1,2048,32768,-1,28,eval_loss,0,344023616,"{'attn_implementation': 'eager', 'device_map': 'auto', 'initial_model_name_or_path': 'RylanSchaeffer/mem_Qwen3-344M_minerva_math_rep_1000_sbst_1.0000_epch_1_ot_1', 'torch_dtype': 'bfloat16'}",,qwen3,,,False,0,32,1,1,14,32,1,1,adamw_torch,,,False,models/sft_language_model/RylanSchaeffer/mem_Qwen3-344M_minerva_math_rep_1000_sbst_1.0000_epch_1_ot_1_sft,False,False,False,False,bfd,,<PAD_TOKEN>,151669,False,,-1,16,16,,,False,,,False,,,<PUSH_TO_HUB_TOKEN>,last,False,True,1,['wandb'],False,,True,False,1e-06,,10000,warm-sweep-8,False,False,True,500,best,1,0,,"{'data_seed': 0, 'dataloader_drop_last': True, 'dataloader_num_workers': 4, 'dataloader_prefetch_factor': 4, 'eval_on_start': True, 'eval_steps': 50, 'eval_strategy': 'steps', 'gradient_accumulation_steps': 4, 'gradient_checkpointing': True, 'hub_strategy': 'end', 'learning_rate': 0.0001, 'logging_steps': 1, 'lr_scheduler_type': 'cosine', 'max_grad_norm': 1, 'max_length': 2048, 'max_steps': -1, 'num_train_epochs': 1, 'optim': 'adamw_torch', 'per_device_eval_batch_size': 16, 'per_device_train_batch_size': 16, 'remove_unused_columns': True, 'report_to': 'wandb', 'save_strategy': 'best', 'save_total_limit': 1, 'torch_compile': False, 'warmup_ratio': 0.2, 'weight_decay': 0}",True,,,,1,,False,False,False,,50,1,False,,,,,False,False,,4.56.1,1,False,True,False,False,False,False,False,False,151670,0.2,0,0,finished,9auakwfg,ocmdflep
498,124,1767153283.9538405,498,7.639747480551402,6.194877624511719,0.1769323642246234,0.0007,2289028,51.8141,96.479,6.041,1,7.639747480551402,6.194877624511719,0.1769323642246234,0.0007,2289028,51.8141,96.479,6.041,6618144,7.089496760796278,7.018856525421143,0.12624545672383064,0.0007,0,52.1387,95.879,6.003,0,774383840815104,7.721491932868957,1,117,0.97265625,2.8525453514099965e-08,6.2581,0.1757304072380066,6618144,2289028,18598.666,6.490751881884713,355.8407,21.049,0.329,"{'dispatch_batches': None, 'even_batches': True, 'gradient_accumulation_kwargs': None, 'non_blocking': False, 'split_batches': False, 'use_seedable_sampler': True}",False,False,0.9,0.999,1e-08,False,['Qwen3ForCausalLM'],False,False,0,False,False,,False,,True,False,,,0,False,,"{'dataset': 'EleutherAI/minerva_math', 'shuffle_seed': 0, 'split_to_train_on': 'train'}",0,True,4,False,True,4,,,input_ids,,,,,1800,[],,,False,0,True,False,False,False,bfloat16,False,64,0,<EOS_TOKEN>,151643,,0,True,True,,50,steps,False,,,,,False,auto,False,O1,[],"{'min_num_params': 0, 'xla': False, 'xla_fsdp_grad_ckpt': False, 'xla_fsdp_v2': False}",0,,False,4,True,,False,False,auto,128,silu,96,False,RylanSchaeffer/mem_Qwen3-34M_minerva_math_rep_0_sbst_1.0000_epch_1_ot_1_sft,True,,end,<HUB_TOKEN>,"{'0': 'LABEL_0', '1': 'LABEL_1'}",False,[],False,True,False,0.02,256,False,False,False,"{'LABEL_0': 0, 'LABEL_1': 1}",,0,"['full_attention', 'full_attention', 'full_attention']",0.0001,length,1,,False,0,passive,warning,True,models/sft_language_model/RylanSchaeffer/mem_Qwen3-34M_minerva_math_rep_0_sbst_1.0000_epch_1_ot_1_sft/runs/Dec30_19-46-49_skampere1,False,True,1,steps,cosine,1,2048,32768,-1,28,eval_loss,0,34061856,"{'attn_implementation': 'eager', 'device_map': 'auto', 'initial_model_name_or_path': 'RylanSchaeffer/mem_Qwen3-34M_minerva_math_rep_0_sbst_1.0000_epch_1_ot_1', 'torch_dtype': 'bfloat16'}",,qwen3,,,False,0,32,1,1,3,32,1,1,adamw_torch,,,False,models/sft_language_model/RylanSchaeffer/mem_Qwen3-34M_minerva_math_rep_0_sbst_1.0000_epch_1_ot_1_sft,False,False,False,False,bfd,,<PAD_TOKEN>,151669,False,,-1,16,16,,,False,,,False,,,<PUSH_TO_HUB_TOKEN>,last,False,True,1,['wandb'],False,,True,False,1e-06,,10000,hardy-sweep-33,False,False,True,500,best,1,0,,"{'data_seed': 0, 'dataloader_drop_last': True, 'dataloader_num_workers': 4, 'dataloader_prefetch_factor': 4, 'eval_on_start': True, 'eval_steps': 50, 'eval_strategy': 'steps', 'gradient_accumulation_steps': 4, 'gradient_checkpointing': True, 'hub_strategy': 'end', 'learning_rate': 0.0001, 'logging_steps': 1, 'lr_scheduler_type': 'cosine', 'max_grad_norm': 1, 'max_length': 2048, 'max_steps': -1, 'num_train_epochs': 1, 'optim': 'adamw_torch', 'per_device_eval_batch_size': 16, 'per_device_train_batch_size': 16, 'remove_unused_columns': True, 'report_to': 'wandb', 'save_strategy': 'best', 'save_total_limit': 1, 'torch_compile': False, 'warmup_ratio': 0.2, 'weight_decay': 0}",True,,,,1,,False,False,False,,50,1,False,,,,,False,False,,4.56.1,1,False,True,False,False,False,False,False,False,151670,0.2,0,0,finished,9auakwfg,vazq77u3
1354,124,1767126483.0127642,1354,1.985531204021894,1.712804913520813,0.5848626614763186,0.002,2289028,122.3195,40.868,2.559,1,1.985531204021894,1.712804913520813,0.5848626614763186,0.002,2289028,122.3195,40.868,2.559,6618144,2.187163055707247,1.8376070261001587,0.5660506255733662,0.002,0,122.1854,40.913,2.562,0,10191744380473344,1.9778206050395968,1,117,0.404296875,2.8525453514099965e-08,1.763,0.5785942822694778,6618144,2289028,6256.515,1.773761716663328,1057.8015,7.081,0.111,"{'dispatch_batches': None, 'even_batches': True, 'gradient_accumulation_kwargs': None, 'non_blocking': False, 'split_batches': False, 'use_seedable_sampler': True}",False,False,0.9,0.999,1e-08,False,['Qwen3ForCausalLM'],False,False,0,False,False,,False,,True,False,,,0,False,,"{'dataset': 'EleutherAI/minerva_math', 'shuffle_seed': 0, 'split_to_train_on': 'train'}",0,True,4,False,True,4,,,input_ids,,,,,1800,[],,,False,0,True,False,False,False,bfloat16,False,64,0,<EOS_TOKEN>,151643,,0,True,True,,50,steps,False,,,,,False,auto,False,O1,[],"{'min_num_params': 0, 'xla': False, 'xla_fsdp_grad_ckpt': False, 'xla_fsdp_v2': False}",0,,False,4,True,,False,False,auto,128,silu,576,False,RylanSchaeffer/mem_Qwen3-344M_minerva_math_rep_3_sbst_1.0000_epch_1_ot_1_sft,True,,end,<HUB_TOKEN>,"{'0': 'LABEL_0', '1': 'LABEL_1'}",False,[],False,True,False,0.02,1536,False,False,False,"{'LABEL_0': 0, 'LABEL_1': 1}",,0,"['full_attention', 'full_attention', 'full_attention', 'full_attention', 'full_attention', 'full_attention', 'full_attention', 'full_attention', 'full_attention', 'full_attention', 'full_attention', 'full_attention', 'full_attention', 'full_attention']",0.0001,length,1,,False,0,passive,warning,True,models/sft_language_model/RylanSchaeffer/mem_Qwen3-344M_minerva_math_rep_3_sbst_1.0000_epch_1_ot_1_sft/runs/Dec30_12-06-02_skampere1,False,True,1,steps,cosine,1,2048,32768,-1,28,eval_loss,0,344023616,"{'attn_implementation': 'eager', 'device_map': 'auto', 'initial_model_name_or_path': 'RylanSchaeffer/mem_Qwen3-344M_minerva_math_rep_3_sbst_1.0000_epch_1_ot_1', 'torch_dtype': 'bfloat16'}",,qwen3,,,False,0,32,1,1,14,32,1,1,adamw_torch,,,False,models/sft_language_model/RylanSchaeffer/mem_Qwen3-344M_minerva_math_rep_3_sbst_1.0000_epch_1_ot_1_sft,False,False,False,False,bfd,,<PAD_TOKEN>,151669,False,,-1,16,16,,,False,,,False,,,<PUSH_TO_HUB_TOKEN>,last,False,True,1,['wandb'],False,,True,False,1e-06,,10000,quiet-sweep-3,False,False,True,500,best,1,0,,"{'data_seed': 0, 'dataloader_drop_last': True, 'dataloader_num_workers': 4, 'dataloader_prefetch_factor': 4, 'eval_on_start': True, 'eval_steps': 50, 'eval_strategy': 'steps', 'gradient_accumulation_steps': 4, 'gradient_checkpointing': True, 'hub_strategy': 'end', 'learning_rate': 0.0001, 'logging_steps': 1, 'lr_scheduler_type': 'cosine', 'max_grad_norm': 1, 'max_length': 2048, 'max_steps': -1, 'num_train_epochs': 1, 'optim': 'adamw_torch', 'per_device_eval_batch_size': 16, 'per_device_train_batch_size': 16, 'remove_unused_columns': True, 'report_to': 'wandb', 'save_strategy': 'best', 'save_total_limit': 1, 'torch_compile': False, 'warmup_ratio': 0.2, 'weight_decay': 0}",True,,,,1,,False,False,False,,50,1,False,,,,,False,False,,4.56.1,1,False,True,False,False,False,False,False,False,151670,0.2,0,0,finished,9auakwfg,774m7fhl
1361,124,1767131936.576805,1361,1.5202096547835913,1.0599249601364136,0.7226566127859629,0.0023,2289028,121.8402,41.029,2.569,1,1.5202096547835913,1.0599249601364136,0.7226566127859629,0.0023,2289028,121.8402,41.029,2.569,6618144,0.0982260288288578,0.0393221378326416,0.9898748795191448,0.0023,0,122.3147,40.87,2.559,0,10191744380473344,1.6022514402866364,1,117,0.51953125,2.8525453514099965e-08,1.6206,0.6091627180576324,6618144,2289028,6279.635,1.836755100478474,1053.907,7.107,0.111,"{'dispatch_batches': None, 'even_batches': True, 'gradient_accumulation_kwargs': None, 'non_blocking': False, 'split_batches': False, 'use_seedable_sampler': True}",False,False,0.9,0.999,1e-08,False,['Qwen3ForCausalLM'],False,False,0,False,False,,False,,True,False,,,0,False,,"{'dataset': 'EleutherAI/minerva_math', 'shuffle_seed': 0, 'split_to_train_on': 'train'}",0,True,4,False,True,4,,,input_ids,,,,,1800,[],,,False,0,True,False,False,False,bfloat16,False,64,0,<EOS_TOKEN>,151643,,0,True,True,,50,steps,False,,,,,False,auto,False,O1,[],"{'min_num_params': 0, 'xla': False, 'xla_fsdp_grad_ckpt': False, 'xla_fsdp_v2': False}",0,,False,4,True,,False,False,auto,128,silu,576,False,RylanSchaeffer/mem_Qwen3-344M_minerva_math_rep_316_sbst_1.0000_epch_1_ot_1_sft,True,,end,<HUB_TOKEN>,"{'0': 'LABEL_0', '1': 'LABEL_1'}",False,[],False,True,False,0.02,1536,False,False,False,"{'LABEL_0': 0, 'LABEL_1': 1}",,0,"['full_attention', 'full_attention', 'full_attention', 'full_attention', 'full_attention', 'full_attention', 'full_attention', 'full_attention', 'full_attention', 'full_attention', 'full_attention', 'full_attention', 'full_attention', 'full_attention']",0.0001,length,1,,False,0,passive,warning,True,models/sft_language_model/RylanSchaeffer/mem_Qwen3-344M_minerva_math_rep_316_sbst_1.0000_epch_1_ot_1_sft/runs/Dec30_13-36-47_skampere1,False,True,1,steps,cosine,1,2048,32768,-1,28,eval_loss,0,344023616,"{'attn_implementation': 'eager', 'device_map': 'auto', 'initial_model_name_or_path': 'RylanSchaeffer/mem_Qwen3-344M_minerva_math_rep_316_sbst_1.0000_epch_1_ot_1', 'torch_dtype': 'bfloat16'}",,qwen3,,,False,0,32,1,1,14,32,1,1,adamw_torch,,,False,models/sft_language_model/RylanSchaeffer/mem_Qwen3-344M_minerva_math_rep_316_sbst_1.0000_epch_1_ot_1_sft,False,False,False,False,bfd,,<PAD_TOKEN>,151669,False,,-1,16,16,,,False,,,False,,,<PUSH_TO_HUB_TOKEN>,last,False,True,1,['wandb'],False,,True,False,1e-06,,10000,ancient-sweep-7,False,False,True,500,best,1,0,,"{'data_seed': 0, 'dataloader_drop_last': True, 'dataloader_num_workers': 4, 'dataloader_prefetch_factor': 4, 'eval_on_start': True, 'eval_steps': 50, 'eval_strategy': 'steps', 'gradient_accumulation_steps': 4, 'gradient_checkpointing': True, 'hub_strategy': 'end', 'learning_rate': 0.0001, 'logging_steps': 1, 'lr_scheduler_type': 'cosine', 'max_grad_norm': 1, 'max_length': 2048, 'max_steps': -1, 'num_train_epochs': 1, 'optim': 'adamw_torch', 'per_device_eval_batch_size': 16, 'per_device_train_batch_size': 16, 'remove_unused_columns': True, 'report_to': 'wandb', 'save_strategy': 'best', 'save_total_limit': 1, 'torch_compile': False, 'warmup_ratio': 0.2, 'weight_decay': 0}",True,,,,1,,False,False,False,,50,1,False,,,,,False,False,,4.56.1,1,False,True,False,False,False,False,False,False,151670,0.2,0,0,finished,9auakwfg,x2aadtq0
517,124,1767155333.4638915,517,4.955777996625656,2.621497631072998,0.4881432718382432,0.0006,2289028,51.7939,96.517,6.043,1,4.955777996625656,2.621497631072998,0.4881432718382432,0.0006,2289028,51.7939,96.517,6.043,6618144,5.018388071121314,2.6030235290527344,0.49684329827626544,0.0006,0,52.1468,95.864,6.002,0,774383840815104,5.0208964347839355,1,117,1.015625,2.8525453514099965e-08,2.857,0.4448043778538704,6618144,2289028,18594.446,2.854748444679456,355.9216,21.044,0.329,"{'dispatch_batches': None, 'even_batches': True, 'gradient_accumulation_kwargs': None, 'non_blocking': False, 'split_batches': False, 'use_seedable_sampler': True}",False,False,0.9,0.999,1e-08,False,['Qwen3ForCausalLM'],False,False,0,False,False,,False,,True,False,,,0,False,,"{'dataset': 'EleutherAI/minerva_math', 'shuffle_seed': 0, 'split_to_train_on': 'train'}",0,True,4,False,True,4,,,input_ids,,,,,1800,[],,,False,0,True,False,False,False,bfloat16,False,64,0,<EOS_TOKEN>,151643,,0,True,True,,50,steps,False,,,,,False,auto,False,O1,[],"{'min_num_params': 0, 'xla': False, 'xla_fsdp_grad_ckpt': False, 'xla_fsdp_v2': False}",0,,False,4,True,,False,False,auto,128,silu,96,False,RylanSchaeffer/mem_Qwen3-34M_minerva_math_rep_32_sbst_1.0000_epch_1_ot_1_sft,True,,end,<HUB_TOKEN>,"{'0': 'LABEL_0', '1': 'LABEL_1'}",False,[],False,True,False,0.02,256,False,False,False,"{'LABEL_0': 0, 'LABEL_1': 1}",,0,"['full_attention', 'full_attention', 'full_attention']",0.0001,length,1,,False,0,passive,warning,True,models/sft_language_model/RylanSchaeffer/mem_Qwen3-34M_minerva_math_rep_32_sbst_1.0000_epch_1_ot_1_sft/runs/Dec30_20-20-57_skampere1,False,True,1,steps,cosine,1,2048,32768,-1,28,eval_loss,0,34061856,"{'attn_implementation': 'eager', 'device_map': 'auto', 'initial_model_name_or_path': 'RylanSchaeffer/mem_Qwen3-34M_minerva_math_rep_32_sbst_1.0000_epch_1_ot_1', 'torch_dtype': 'bfloat16'}",,qwen3,,,False,0,32,1,1,3,32,1,1,adamw_torch,,,False,models/sft_language_model/RylanSchaeffer/mem_Qwen3-34M_minerva_math_rep_32_sbst_1.0000_epch_1_ot_1_sft,False,False,False,False,bfd,,<PAD_TOKEN>,151669,False,,-1,16,16,,,False,,,False,,,<PUSH_TO_HUB_TOKEN>,last,False,True,1,['wandb'],False,,True,False,1e-06,,10000,iconic-sweep-37,False,False,True,500,best,1,0,,"{'data_seed': 0, 'dataloader_drop_last': True, 'dataloader_num_workers': 4, 'dataloader_prefetch_factor': 4, 'eval_on_start': True, 'eval_steps': 50, 'eval_strategy': 'steps', 'gradient_accumulation_steps': 4, 'gradient_checkpointing': True, 'hub_strategy': 'end', 'learning_rate': 0.0001, 'logging_steps': 1, 'lr_scheduler_type': 'cosine', 'max_grad_norm': 1, 'max_length': 2048, 'max_steps': -1, 'num_train_epochs': 1, 'optim': 'adamw_torch', 'per_device_eval_batch_size': 16, 'per_device_train_batch_size': 16, 'remove_unused_columns': True, 'report_to': 'wandb', 'save_strategy': 'best', 'save_total_limit': 1, 'torch_compile': False, 'warmup_ratio': 0.2, 'weight_decay': 0}",True,,,,1,,False,False,False,,50,1,False,,,,,False,False,,4.56.1,1,False,True,False,False,False,False,False,False,151670,0.2,0,0,finished,9auakwfg,apuelwrz
939,124,1767138473.465839,939,2.1274121648226028,1.6290243864059448,0.6131439860432576,0.0013,2289028,88.412,56.542,3.54,1,2.1274121648226028,1.6290243864059448,0.6131439860432576,0.0013,2289028,88.412,56.542,3.54,6618144,2.19465566216371,1.6604629755020142,0.6104630107680956,0.0013,0,88.397,56.552,3.541,0,4152596703031296,2.1321941018104553,1,117,0.5703125,2.8525453514099965e-08,1.7378,0.5964219123125076,6618144,2289028,9204.856,1.737880219761123,718.985,10.417,0.163,"{'dispatch_batches': None, 'even_batches': True, 'gradient_accumulation_kwargs': None, 'non_blocking': False, 'split_batches': False, 'use_seedable_sampler': True}",False,False,0.9,0.999,1e-08,False,['Qwen3ForCausalLM'],False,False,0,False,False,,False,,True,False,,,0,False,,"{'dataset': 'EleutherAI/minerva_math', 'shuffle_seed': 0, 'split_to_train_on': 'train'}",0,True,4,False,True,4,,,input_ids,,,,,1800,[],,,False,0,True,False,False,False,bfloat16,False,64,0,<EOS_TOKEN>,151643,,0,True,True,,50,steps,False,,,,,False,auto,False,O1,[],"{'min_num_params': 0, 'xla': False, 'xla_fsdp_grad_ckpt': False, 'xla_fsdp_v2': False}",0,,False,4,True,,False,False,auto,128,silu,320,False,RylanSchaeffer/mem_Qwen3-153M_minerva_math_rep_10_sbst_1.0000_epch_1_ot_1_sft,True,,end,<HUB_TOKEN>,"{'0': 'LABEL_0', '1': 'LABEL_1'}",False,[],False,True,False,0.02,1024,False,False,False,"{'LABEL_0': 0, 'LABEL_1': 1}",,0,"['full_attention', 'full_attention', 'full_attention', 'full_attention', 'full_attention', 'full_attention', 'full_attention', 'full_attention', 'full_attention']",0.0001,length,1,,False,0,passive,warning,True,models/sft_language_model/RylanSchaeffer/mem_Qwen3-153M_minerva_math_rep_10_sbst_1.0000_epch_1_ot_1_sft/runs/Dec30_15-32-42_skampere1,False,True,1,steps,cosine,1,2048,32768,-1,28,eval_loss,0,153110464,"{'attn_implementation': 'eager', 'device_map': 'auto', 'initial_model_name_or_path': 'RylanSchaeffer/mem_Qwen3-153M_minerva_math_rep_10_sbst_1.0000_epch_1_ot_1', 'torch_dtype': 'bfloat16'}",,qwen3,,,False,0,32,1,1,9,32,1,1,adamw_torch,,,False,models/sft_language_model/RylanSchaeffer/mem_Qwen3-153M_minerva_math_rep_10_sbst_1.0000_epch_1_ot_1_sft,False,False,False,False,bfd,,<PAD_TOKEN>,151669,False,,-1,16,16,,,False,,,False,,,<PUSH_TO_HUB_TOKEN>,last,False,True,1,['wandb'],False,,True,False,1e-06,,10000,twilight-sweep-13,False,False,True,500,best,1,0,,"{'data_seed': 0, 'dataloader_drop_last': True, 'dataloader_num_workers': 4, 'dataloader_prefetch_factor': 4, 'eval_on_start': True, 'eval_steps': 50, 'eval_strategy': 'steps', 'gradient_accumulation_steps': 4, 'gradient_checkpointing': True, 'hub_strategy': 'end', 'learning_rate': 0.0001, 'logging_steps': 1, 'lr_scheduler_type': 'cosine', 'max_grad_norm': 1, 'max_length': 2048, 'max_steps': -1, 'num_train_epochs': 1, 'optim': 'adamw_torch', 'per_device_eval_batch_size': 16, 'per_device_train_batch_size': 16, 'remove_unused_columns': True, 'report_to': 'wandb', 'save_strategy': 'best', 'save_total_limit': 1, 'torch_compile': False, 'warmup_ratio': 0.2, 'weight_decay': 0}",True,,,,1,,False,False,False,,50,1,False,,,,,False,False,,4.56.1,1,False,True,False,False,False,False,False,False,151670,0.2,0,0,finished,9auakwfg,9fckfltp
943,124,1767139424.1072392,943,1.7006224584885132,1.112775802612305,0.723416842902318,0.0015,2289028,88.3832,56.561,3.541,1,1.7006224584885132,1.112775802612305,0.723416842902318,0.0015,2289028,88.3832,56.561,3.541,6618144,1.4020562414557507,0.7725064754486084,0.8252151413605764,0.0015,0,88.6179,56.411,3.532,0,4152596703031296,1.7664505243301392,1,117,0.68359375,2.8525453514099965e-08,1.5816,0.6218872219324112,6618144,2289028,9200.627,1.58741108678345,719.3153,10.413,0.163,"{'dispatch_batches': None, 'even_batches': True, 'gradient_accumulation_kwargs': None, 'non_blocking': False, 'split_batches': False, 'use_seedable_sampler': True}",False,False,0.9,0.999,1e-08,False,['Qwen3ForCausalLM'],False,False,0,False,False,,False,,True,False,,,0,False,,"{'dataset': 'EleutherAI/minerva_math', 'shuffle_seed': 0, 'split_to_train_on': 'train'}",0,True,4,False,True,4,,,input_ids,,,,,1800,[],,,False,0,True,False,False,False,bfloat16,False,64,0,<EOS_TOKEN>,151643,,0,True,True,,50,steps,False,,,,,False,auto,False,O1,[],"{'min_num_params': 0, 'xla': False, 'xla_fsdp_grad_ckpt': False, 'xla_fsdp_v2': False}",0,,False,4,True,,False,False,auto,128,silu,320,False,RylanSchaeffer/mem_Qwen3-153M_minerva_math_rep_32_sbst_1.0000_epch_1_ot_1_sft,True,,end,<HUB_TOKEN>,"{'0': 'LABEL_0', '1': 'LABEL_1'}",False,[],False,True,False,0.02,1024,False,False,False,"{'LABEL_0': 0, 'LABEL_1': 1}",,0,"['full_attention', 'full_attention', 'full_attention', 'full_attention', 'full_attention', 'full_attention', 'full_attention', 'full_attention', 'full_attention']",0.0001,length,1,,False,0,passive,warning,True,models/sft_language_model/RylanSchaeffer/mem_Qwen3-153M_minerva_math_rep_32_sbst_1.0000_epch_1_ot_1_sft/runs/Dec30_15-48-32_skampere1,False,True,1,steps,cosine,1,2048,32768,-1,28,eval_loss,0,153110464,"{'attn_implementation': 'eager', 'device_map': 'auto', 'initial_model_name_or_path': 'RylanSchaeffer/mem_Qwen3-153M_minerva_math_rep_32_sbst_1.0000_epch_1_ot_1', 'torch_dtype': 'bfloat16'}",,qwen3,,,False,0,32,1,1,9,32,1,1,adamw_torch,,,False,models/sft_language_model/RylanSchaeffer/mem_Qwen3-153M_minerva_math_rep_32_sbst_1.0000_epch_1_ot_1_sft,False,False,False,False,bfd,,<PAD_TOKEN>,151669,False,,-1,16,16,,,False,,,False,,,<PUSH_TO_HUB_TOKEN>,last,False,True,1,['wandb'],False,,True,False,1e-06,,10000,sandy-sweep-14,False,False,True,500,best,1,0,,"{'data_seed': 0, 'dataloader_drop_last': True, 'dataloader_num_workers': 4, 'dataloader_prefetch_factor': 4, 'eval_on_start': True, 'eval_steps': 50, 'eval_strategy': 'steps', 'gradient_accumulation_steps': 4, 'gradient_checkpointing': True, 'hub_strategy': 'end', 'learning_rate': 0.0001, 'logging_steps': 1, 'lr_scheduler_type': 'cosine', 'max_grad_norm': 1, 'max_length': 2048, 'max_steps': -1, 'num_train_epochs': 1, 'optim': 'adamw_torch', 'per_device_eval_batch_size': 16, 'per_device_train_batch_size': 16, 'remove_unused_columns': True, 'report_to': 'wandb', 'save_strategy': 'best', 'save_total_limit': 1, 'torch_compile': False, 'warmup_ratio': 0.2, 'weight_decay': 0}",True,,,,1,,False,False,False,,50,1,False,,,,,False,False,,4.56.1,1,False,True,False,False,False,False,False,False,151670,0.2,0,0,finished,9auakwfg,zfh77xm9
937,124,1767135608.7429204,937,3.7508694644157705,2.929553985595703,0.4922634905729538,0.0017,2289028,88.3843,56.56,3.541,1,3.7508694644157705,2.929553985595703,0.4922634905729538,0.0017,2289028,88.3843,56.56,3.541,6618144,4.15345958333749,4.2160234451293945,0.3721900791502915,0.0017,0,88.4775,56.5,3.538,0,4152596703031296,3.681896448135376,1,117,0.72265625,2.8525453514099965e-08,2.9223,0.4957594498991966,6618144,2289028,9205.989,3.2281993087540326,718.8966,10.419,0.163,"{'dispatch_batches': None, 'even_batches': True, 'gradient_accumulation_kwargs': None, 'non_blocking': False, 'split_batches': False, 'use_seedable_sampler': True}",False,False,0.9,0.999,1e-08,False,['Qwen3ForCausalLM'],False,False,0,False,False,,False,,True,False,,,0,False,,"{'dataset': 'EleutherAI/minerva_math', 'shuffle_seed': 0, 'split_to_train_on': 'train'}",0,True,4,False,True,4,,,input_ids,,,,,1800,[],,,False,0,True,False,False,False,bfloat16,False,64,0,<EOS_TOKEN>,151643,,0,True,True,,50,steps,False,,,,,False,auto,False,O1,[],"{'min_num_params': 0, 'xla': False, 'xla_fsdp_grad_ckpt': False, 'xla_fsdp_v2': False}",0,,False,4,True,,False,False,auto,128,silu,320,False,RylanSchaeffer/mem_Qwen3-153M_minerva_math_rep_0_sbst_1.0000_epch_1_ot_1_sft,True,,end,<HUB_TOKEN>,"{'0': 'LABEL_0', '1': 'LABEL_1'}",False,[],False,True,False,0.02,1024,False,False,False,"{'LABEL_0': 0, 'LABEL_1': 1}",,0,"['full_attention', 'full_attention', 'full_attention', 'full_attention', 'full_attention', 'full_attention', 'full_attention', 'full_attention', 'full_attention']",0.0001,length,1,,False,0,passive,warning,True,models/sft_language_model/RylanSchaeffer/mem_Qwen3-153M_minerva_math_rep_0_sbst_1.0000_epch_1_ot_1_sft/runs/Dec30_14-44-57_skampere1,False,True,1,steps,cosine,1,2048,32768,-1,28,eval_loss,0,153110464,"{'attn_implementation': 'eager', 'device_map': 'auto', 'initial_model_name_or_path': 'RylanSchaeffer/mem_Qwen3-153M_minerva_math_rep_0_sbst_1.0000_epch_1_ot_1', 'torch_dtype': 'bfloat16'}",,qwen3,,,False,0,32,1,1,9,32,1,1,adamw_torch,,,False,models/sft_language_model/RylanSchaeffer/mem_Qwen3-153M_minerva_math_rep_0_sbst_1.0000_epch_1_ot_1_sft,False,False,False,False,bfd,,<PAD_TOKEN>,151669,False,,-1,16,16,,,False,,,False,,,<PUSH_TO_HUB_TOKEN>,last,False,True,1,['wandb'],False,,True,False,1e-06,,10000,mild-sweep-10,False,False,True,500,best,1,0,,"{'data_seed': 0, 'dataloader_drop_last': True, 'dataloader_num_workers': 4, 'dataloader_prefetch_factor': 4, 'eval_on_start': True, 'eval_steps': 50, 'eval_strategy': 'steps', 'gradient_accumulation_steps': 4, 'gradient_checkpointing': True, 'hub_strategy': 'end', 'learning_rate': 0.0001, 'logging_steps': 1, 'lr_scheduler_type': 'cosine', 'max_grad_norm': 1, 'max_length': 2048, 'max_steps': -1, 'num_train_epochs': 1, 'optim': 'adamw_torch', 'per_device_eval_batch_size': 16, 'per_device_train_batch_size': 16, 'remove_unused_columns': True, 'report_to': 'wandb', 'save_strategy': 'best', 'save_total_limit': 1, 'torch_compile': False, 'warmup_ratio': 0.2, 'weight_decay': 0}",True,,,,1,,False,False,False,,50,1,False,,,,,False,False,,4.56.1,1,False,True,False,False,False,False,False,False,151670,0.2,0,0,finished,9auakwfg,a35xnrz6
1346,124,1767130566.6842344,1346,1.4235812307168276,0.9703500270843506,0.7373081369277759,0.002,2289028,121.7284,41.067,2.571,1,1.4235812307168276,0.9703500270843506,0.7373081369277759,0.002,2289028,121.7284,41.067,2.571,6618144,0.2100990523273746,0.06167038902640343,0.9897484762164264,0.002,0,122.3218,40.868,2.559,0,10191744380473344,1.508092999458313,1,117,0.515625,2.8525453514099965e-08,1.5468,0.6200579702854156,6618144,2289028,6270.982,1.67033452152187,1055.3609,7.097,0.111,"{'dispatch_batches': None, 'even_batches': True, 'gradient_accumulation_kwargs': None, 'non_blocking': False, 'split_batches': False, 'use_seedable_sampler': True}",False,False,0.9,0.999,1e-08,False,['Qwen3ForCausalLM'],False,False,0,False,False,,False,,True,False,,,0,False,,"{'dataset': 'EleutherAI/minerva_math', 'shuffle_seed': 0, 'split_to_train_on': 'train'}",0,True,4,False,True,4,,,input_ids,,,,,1800,[],,,False,0,True,False,False,False,bfloat16,False,64,0,<EOS_TOKEN>,151643,,0,True,True,,50,steps,False,,,,,False,auto,False,O1,[],"{'min_num_params': 0, 'xla': False, 'xla_fsdp_grad_ckpt': False, 'xla_fsdp_v2': False}",0,,False,4,True,,False,False,auto,128,silu,576,False,RylanSchaeffer/mem_Qwen3-344M_minerva_math_rep_100_sbst_1.0000_epch_1_ot_1_sft,True,,end,<HUB_TOKEN>,"{'0': 'LABEL_0', '1': 'LABEL_1'}",False,[],False,True,False,0.02,1536,False,False,False,"{'LABEL_0': 0, 'LABEL_1': 1}",,0,"['full_attention', 'full_attention', 'full_attention', 'full_attention', 'full_attention', 'full_attention', 'full_attention', 'full_attention', 'full_attention', 'full_attention', 'full_attention', 'full_attention', 'full_attention', 'full_attention']",0.0001,length,1,,False,0,passive,warning,True,models/sft_language_model/RylanSchaeffer/mem_Qwen3-344M_minerva_math_rep_100_sbst_1.0000_epch_1_ot_1_sft/runs/Dec30_13-14-12_skampere1,False,True,1,steps,cosine,1,2048,32768,-1,28,eval_loss,0,344023616,"{'attn_implementation': 'eager', 'device_map': 'auto', 'initial_model_name_or_path': 'RylanSchaeffer/mem_Qwen3-344M_minerva_math_rep_100_sbst_1.0000_epch_1_ot_1', 'torch_dtype': 'bfloat16'}",,qwen3,,,False,0,32,1,1,14,32,1,1,adamw_torch,,,False,models/sft_language_model/RylanSchaeffer/mem_Qwen3-344M_minerva_math_rep_100_sbst_1.0000_epch_1_ot_1_sft,False,False,False,False,bfd,,<PAD_TOKEN>,151669,False,,-1,16,16,,,False,,,False,,,<PUSH_TO_HUB_TOKEN>,last,False,True,1,['wandb'],False,,True,False,1e-06,,10000,avid-sweep-6,False,False,True,500,best,1,0,,"{'data_seed': 0, 'dataloader_drop_last': True, 'dataloader_num_workers': 4, 'dataloader_prefetch_factor': 4, 'eval_on_start': True, 'eval_steps': 50, 'eval_strategy': 'steps', 'gradient_accumulation_steps': 4, 'gradient_checkpointing': True, 'hub_strategy': 'end', 'learning_rate': 0.0001, 'logging_steps': 1, 'lr_scheduler_type': 'cosine', 'max_grad_norm': 1, 'max_length': 2048, 'max_steps': -1, 'num_train_epochs': 1, 'optim': 'adamw_torch', 'per_device_eval_batch_size': 16, 'per_device_train_batch_size': 16, 'remove_unused_columns': True, 'report_to': 'wandb', 'save_strategy': 'best', 'save_total_limit': 1, 'torch_compile': False, 'warmup_ratio': 0.2, 'weight_decay': 0}",True,,,,1,,False,False,False,,50,1,False,,,,,False,False,,4.56.1,1,False,True,False,False,False,False,False,False,151670,0.2,0,0,finished,9auakwfg,cjbbahjb
640,124,1767152774.4184897,640,2.7402537205280404,1.4192990064620972,0.6920100492544663,0.0009,2289028,63.6137,78.584,4.92,1,2.7402537205280404,1.4192990064620972,0.6920100492544663,0.0009,2289028,63.6137,78.584,4.92,6618144,0.894631955295037,0.13568425178527832,0.9882155786722134,0.0009,0,63.8521,78.29,4.902,0,1533009933711360,2.908547103404999,1,117,1.1328125,2.8525453514099965e-08,2.4434,0.4752059429883957,6618144,2289028,13996.152,2.674093156798273,472.8557,15.84,0.247,"{'dispatch_batches': None, 'even_batches': True, 'gradient_accumulation_kwargs': None, 'non_blocking': False, 'split_batches': False, 'use_seedable_sampler': True}",False,False,0.9,0.999,1e-08,False,['Qwen3ForCausalLM'],False,False,0,False,False,,False,,True,False,,,0,False,,"{'dataset': 'EleutherAI/minerva_math', 'shuffle_seed': 0, 'split_to_train_on': 'train'}",0,True,4,False,True,4,,,input_ids,,,,,1800,[],,,False,0,True,False,False,False,bfloat16,False,64,0,<EOS_TOKEN>,151643,,0,True,True,,50,steps,False,,,,,False,auto,False,O1,[],"{'min_num_params': 0, 'xla': False, 'xla_fsdp_grad_ckpt': False, 'xla_fsdp_v2': False}",0,,False,4,True,,False,False,auto,128,silu,160,False,RylanSchaeffer/mem_Qwen3-62M_minerva_math_rep_316_sbst_1.0000_epch_1_ot_1_sft,True,,end,<HUB_TOKEN>,"{'0': 'LABEL_0', '1': 'LABEL_1'}",False,[],False,True,False,0.02,512,False,False,False,"{'LABEL_0': 0, 'LABEL_1': 1}",,0,"['full_attention', 'full_attention', 'full_attention', 'full_attention', 'full_attention']",0.0001,length,1,,False,0,passive,warning,True,models/sft_language_model/RylanSchaeffer/mem_Qwen3-62M_minerva_math_rep_316_sbst_1.0000_epch_1_ot_1_sft/runs/Dec30_19-35-58_skampere1,False,True,1,steps,cosine,1,2048,32768,-1,28,eval_loss,0,62873440,"{'attn_implementation': 'eager', 'device_map': 'auto', 'initial_model_name_or_path': 'RylanSchaeffer/mem_Qwen3-62M_minerva_math_rep_316_sbst_1.0000_epch_1_ot_1', 'torch_dtype': 'bfloat16'}",,qwen3,,,False,0,32,1,1,5,32,1,1,adamw_torch,,,False,models/sft_language_model/RylanSchaeffer/mem_Qwen3-62M_minerva_math_rep_316_sbst_1.0000_epch_1_ot_1_sft,False,False,False,False,bfd,,<PAD_TOKEN>,151669,False,,-1,16,16,,,False,,,False,,,<PUSH_TO_HUB_TOKEN>,last,False,True,1,['wandb'],False,,True,False,1e-06,,10000,likely-sweep-32,False,False,True,500,best,1,0,,"{'data_seed': 0, 'dataloader_drop_last': True, 'dataloader_num_workers': 4, 'dataloader_prefetch_factor': 4, 'eval_on_start': True, 'eval_steps': 50, 'eval_strategy': 'steps', 'gradient_accumulation_steps': 4, 'gradient_checkpointing': True, 'hub_strategy': 'end', 'learning_rate': 0.0001, 'logging_steps': 1, 'lr_scheduler_type': 'cosine', 'max_grad_norm': 1, 'max_length': 2048, 'max_steps': -1, 'num_train_epochs': 1, 'optim': 'adamw_torch', 'per_device_eval_batch_size': 16, 'per_device_train_batch_size': 16, 'remove_unused_columns': True, 'report_to': 'wandb', 'save_strategy': 'best', 'save_total_limit': 1, 'torch_compile': False, 'warmup_ratio': 0.2, 'weight_decay': 0}",True,,,,1,,False,False,False,,50,1,False,,,,,False,False,,4.56.1,1,False,True,False,False,False,False,False,False,151670,0.2,0,0,finished,9auakwfg,3jg3zqib
943,124,1767140382.073308,943,1.695519017103391,1.051586389541626,0.7314566329885752,0.0014,2289028,88.6917,56.364,3.529,1,1.695519017103391,1.051586389541626,0.7314566329885752,0.0014,2289028,88.6917,56.364,3.529,6618144,0.4567452441805449,0.10212066769599916,0.987540425780492,0.0014,0,88.6772,56.373,3.53,0,4152596703031296,1.782942295074463,1,117,0.70703125,2.8525453514099965e-08,1.6927,0.6023863255977631,6618144,2289028,9177.002,1.792482952786307,721.1684,10.386,0.162,"{'dispatch_batches': None, 'even_batches': True, 'gradient_accumulation_kwargs': None, 'non_blocking': False, 'split_batches': False, 'use_seedable_sampler': True}",False,False,0.9,0.999,1e-08,False,['Qwen3ForCausalLM'],False,False,0,False,False,,False,,True,False,,,0,False,,"{'dataset': 'EleutherAI/minerva_math', 'shuffle_seed': 0, 'split_to_train_on': 'train'}",0,True,4,False,True,4,,,input_ids,,,,,1800,[],,,False,0,True,False,False,False,bfloat16,False,64,0,<EOS_TOKEN>,151643,,0,True,True,,50,steps,False,,,,,False,auto,False,O1,[],"{'min_num_params': 0, 'xla': False, 'xla_fsdp_grad_ckpt': False, 'xla_fsdp_v2': False}",0,,False,4,True,,False,False,auto,128,silu,320,False,RylanSchaeffer/mem_Qwen3-153M_minerva_math_rep_100_sbst_1.0000_epch_1_ot_1_sft,True,,end,<HUB_TOKEN>,"{'0': 'LABEL_0', '1': 'LABEL_1'}",False,[],False,True,False,0.02,1024,False,False,False,"{'LABEL_0': 0, 'LABEL_1': 1}",,0,"['full_attention', 'full_attention', 'full_attention', 'full_attention', 'full_attention', 'full_attention', 'full_attention', 'full_attention', 'full_attention']",0.0001,length,1,,False,0,passive,warning,True,models/sft_language_model/RylanSchaeffer/mem_Qwen3-153M_minerva_math_rep_100_sbst_1.0000_epch_1_ot_1_sft/runs/Dec30_16-04-27_skampere1,False,True,1,steps,cosine,1,2048,32768,-1,28,eval_loss,0,153110464,"{'attn_implementation': 'eager', 'device_map': 'auto', 'initial_model_name_or_path': 'RylanSchaeffer/mem_Qwen3-153M_minerva_math_rep_100_sbst_1.0000_epch_1_ot_1', 'torch_dtype': 'bfloat16'}",,qwen3,,,False,0,32,1,1,9,32,1,1,adamw_torch,,,False,models/sft_language_model/RylanSchaeffer/mem_Qwen3-153M_minerva_math_rep_100_sbst_1.0000_epch_1_ot_1_sft,False,False,False,False,bfd,,<PAD_TOKEN>,151669,False,,-1,16,16,,,False,,,False,,,<PUSH_TO_HUB_TOKEN>,last,False,True,1,['wandb'],False,,True,False,1e-06,,10000,atomic-sweep-15,False,False,True,500,best,1,0,,"{'data_seed': 0, 'dataloader_drop_last': True, 'dataloader_num_workers': 4, 'dataloader_prefetch_factor': 4, 'eval_on_start': True, 'eval_steps': 50, 'eval_strategy': 'steps', 'gradient_accumulation_steps': 4, 'gradient_checkpointing': True, 'hub_strategy': 'end', 'learning_rate': 0.0001, 'logging_steps': 1, 'lr_scheduler_type': 'cosine', 'max_grad_norm': 1, 'max_length': 2048, 'max_steps': -1, 'num_train_epochs': 1, 'optim': 'adamw_torch', 'per_device_eval_batch_size': 16, 'per_device_train_batch_size': 16, 'remove_unused_columns': True, 'report_to': 'wandb', 'save_strategy': 'best', 'save_total_limit': 1, 'torch_compile': False, 'warmup_ratio': 0.2, 'weight_decay': 0}",True,,,,1,,False,False,False,,50,1,False,,,,,False,False,,4.56.1,1,False,True,False,False,False,False,False,False,151670,0.2,0,0,finished,9auakwfg,cmrwseec
507,124,1767155867.8635857,507,4.0854705182405615,2.0090296268463135,0.5952927988882248,0.0007,2289028,52.2182,95.733,5.994,1,4.0854705182405615,2.0090296268463135,0.5952927988882248,0.0007,2289028,52.2182,95.733,5.994,6618144,3.945386699376962,1.524228811264038,0.7223711143701504,0.0007,0,52.1334,95.889,6.004,0,774383840815104,4.17271763086319,1,117,1.265625,2.8525453514099965e-08,2.6575,0.45868293941020966,6618144,2289028,18585.994,2.7361893062917595,356.0833,21.034,0.329,"{'dispatch_batches': None, 'even_batches': True, 'gradient_accumulation_kwargs': None, 'non_blocking': False, 'split_batches': False, 'use_seedable_sampler': True}",False,False,0.9,0.999,1e-08,False,['Qwen3ForCausalLM'],False,False,0,False,False,,False,,True,False,,,0,False,,"{'dataset': 'EleutherAI/minerva_math', 'shuffle_seed': 0, 'split_to_train_on': 'train'}",0,True,4,False,True,4,,,input_ids,,,,,1800,[],,,False,0,True,False,False,False,bfloat16,False,64,0,<EOS_TOKEN>,151643,,0,True,True,,50,steps,False,,,,,False,auto,False,O1,[],"{'min_num_params': 0, 'xla': False, 'xla_fsdp_grad_ckpt': False, 'xla_fsdp_v2': False}",0,,False,4,True,,False,False,auto,128,silu,96,False,RylanSchaeffer/mem_Qwen3-34M_minerva_math_rep_100_sbst_1.0000_epch_1_ot_1_sft,True,,end,<HUB_TOKEN>,"{'0': 'LABEL_0', '1': 'LABEL_1'}",False,[],False,True,False,0.02,256,False,False,False,"{'LABEL_0': 0, 'LABEL_1': 1}",,0,"['full_attention', 'full_attention', 'full_attention']",0.0001,length,1,,False,0,passive,warning,True,models/sft_language_model/RylanSchaeffer/mem_Qwen3-34M_minerva_math_rep_100_sbst_1.0000_epch_1_ot_1_sft/runs/Dec30_20-29-45_skampere1,False,True,1,steps,cosine,1,2048,32768,-1,28,eval_loss,0,34061856,"{'attn_implementation': 'eager', 'device_map': 'auto', 'initial_model_name_or_path': 'RylanSchaeffer/mem_Qwen3-34M_minerva_math_rep_100_sbst_1.0000_epch_1_ot_1', 'torch_dtype': 'bfloat16'}",,qwen3,,,False,0,32,1,1,3,32,1,1,adamw_torch,,,False,models/sft_language_model/RylanSchaeffer/mem_Qwen3-34M_minerva_math_rep_100_sbst_1.0000_epch_1_ot_1_sft,False,False,False,False,bfd,,<PAD_TOKEN>,151669,False,,-1,16,16,,,False,,,False,,,<PUSH_TO_HUB_TOKEN>,last,False,True,1,['wandb'],False,,True,False,1e-06,,10000,copper-sweep-38,False,False,True,500,best,1,0,,"{'data_seed': 0, 'dataloader_drop_last': True, 'dataloader_num_workers': 4, 'dataloader_prefetch_factor': 4, 'eval_on_start': True, 'eval_steps': 50, 'eval_strategy': 'steps', 'gradient_accumulation_steps': 4, 'gradient_checkpointing': True, 'hub_strategy': 'end', 'learning_rate': 0.0001, 'logging_steps': 1, 'lr_scheduler_type': 'cosine', 'max_grad_norm': 1, 'max_length': 2048, 'max_steps': -1, 'num_train_epochs': 1, 'optim': 'adamw_torch', 'per_device_eval_batch_size': 16, 'per_device_train_batch_size': 16, 'remove_unused_columns': True, 'report_to': 'wandb', 'save_strategy': 'best', 'save_total_limit': 1, 'torch_compile': False, 'warmup_ratio': 0.2, 'weight_decay': 0}",True,,,,1,,False,False,False,,50,1,False,,,,,False,False,,4.56.1,1,False,True,False,False,False,False,False,False,151670,0.2,0,0,finished,9auakwfg,ag9azv3q
1352,124,1767125115.6140642,1352,2.0801959992983403,1.7943416833877563,0.5745118871713296,0.002,2289028,121.7975,41.044,2.57,1,2.0801959992983403,1.7943416833877563,0.5745118871713296,0.002,2289028,121.7975,41.044,2.57,6618144,2.443938020330209,2.041444778442383,0.5383535189888417,0.002,0,122.1862,40.913,2.562,0,10191744380473344,2.07738995552063,1,117,0.451171875,2.8525453514099965e-08,1.8228,0.5700024962425232,6618144,2289028,6261.567,1.8675117044367344,1056.9479,7.086,0.111,"{'dispatch_batches': None, 'even_batches': True, 'gradient_accumulation_kwargs': None, 'non_blocking': False, 'split_batches': False, 'use_seedable_sampler': True}",False,False,0.9,0.999,1e-08,False,['Qwen3ForCausalLM'],False,False,0,False,False,,False,,True,False,,,0,False,,"{'dataset': 'EleutherAI/minerva_math', 'shuffle_seed': 0, 'split_to_train_on': 'train'}",0,True,4,False,True,4,,,input_ids,,,,,1800,[],,,False,0,True,False,False,False,bfloat16,False,64,0,<EOS_TOKEN>,151643,,0,True,True,,50,steps,False,,,,,False,auto,False,O1,[],"{'min_num_params': 0, 'xla': False, 'xla_fsdp_grad_ckpt': False, 'xla_fsdp_v2': False}",0,,False,4,True,,False,False,auto,128,silu,576,False,RylanSchaeffer/mem_Qwen3-344M_minerva_math_rep_1_sbst_1.0000_epch_1_ot_1_sft,True,,end,<HUB_TOKEN>,"{'0': 'LABEL_0', '1': 'LABEL_1'}",False,[],False,True,False,0.02,1536,False,False,False,"{'LABEL_0': 0, 'LABEL_1': 1}",,0,"['full_attention', 'full_attention', 'full_attention', 'full_attention', 'full_attention', 'full_attention', 'full_attention', 'full_attention', 'full_attention', 'full_attention', 'full_attention', 'full_attention', 'full_attention', 'full_attention']",0.0001,length,1,,False,0,passive,warning,True,models/sft_language_model/RylanSchaeffer/mem_Qwen3-344M_minerva_math_rep_1_sbst_1.0000_epch_1_ot_1_sft/runs/Dec30_11-43-19_skampere1,False,True,1,steps,cosine,1,2048,32768,-1,28,eval_loss,0,344023616,"{'attn_implementation': 'eager', 'device_map': 'auto', 'initial_model_name_or_path': 'RylanSchaeffer/mem_Qwen3-344M_minerva_math_rep_1_sbst_1.0000_epch_1_ot_1', 'torch_dtype': 'bfloat16'}",,qwen3,,,False,0,32,1,1,14,32,1,1,adamw_torch,,,False,models/sft_language_model/RylanSchaeffer/mem_Qwen3-344M_minerva_math_rep_1_sbst_1.0000_epch_1_ot_1_sft,False,False,False,False,bfd,,<PAD_TOKEN>,151669,False,,-1,16,16,,,False,,,False,,,<PUSH_TO_HUB_TOKEN>,last,False,True,1,['wandb'],False,,True,False,1e-06,,10000,icy-sweep-2,False,False,True,500,best,1,0,,"{'data_seed': 0, 'dataloader_drop_last': True, 'dataloader_num_workers': 4, 'dataloader_prefetch_factor': 4, 'eval_on_start': True, 'eval_steps': 50, 'eval_strategy': 'steps', 'gradient_accumulation_steps': 4, 'gradient_checkpointing': True, 'hub_strategy': 'end', 'learning_rate': 0.0001, 'logging_steps': 1, 'lr_scheduler_type': 'cosine', 'max_grad_norm': 1, 'max_length': 2048, 'max_steps': -1, 'num_train_epochs': 1, 'optim': 'adamw_torch', 'per_device_eval_batch_size': 16, 'per_device_train_batch_size': 16, 'remove_unused_columns': True, 'report_to': 'wandb', 'save_strategy': 'best', 'save_total_limit': 1, 'torch_compile': False, 'warmup_ratio': 0.2, 'weight_decay': 0}",True,,,,1,,False,False,False,,50,1,False,,,,,False,False,,4.56.1,1,False,True,False,False,False,False,False,False,151670,0.2,0,0,finished,9auakwfg,kgtf1qha
716,124,1767145239.940596,716,2.711863574691308,1.881640672683716,0.5815656856657603,0.001,2289028,69.9475,71.468,4.475,1,2.711863574691308,1.881640672683716,0.5815656856657603,0.001,2289028,69.9475,71.468,4.475,6618144,2.811928546581513,1.9249106645584104,0.5769605374871156,0.001,0,70.2608,71.149,4.455,0,2346603259852800,2.718783378601074,1,117,0.69140625,2.8525453514099965e-08,1.975,0.5647209286689758,6618144,2289028,12381.192,1.979470344690176,534.5331,14.012,0.219,"{'dispatch_batches': None, 'even_batches': True, 'gradient_accumulation_kwargs': None, 'non_blocking': False, 'split_batches': False, 'use_seedable_sampler': True}",False,False,0.9,0.999,1e-08,False,['Qwen3ForCausalLM'],False,False,0,False,False,,False,,True,False,,,0,False,,"{'dataset': 'EleutherAI/minerva_math', 'shuffle_seed': 0, 'split_to_train_on': 'train'}",0,True,4,False,True,4,,,input_ids,,,,,1800,[],,,False,0,True,False,False,False,bfloat16,False,64,0,<EOS_TOKEN>,151643,,0,True,True,,50,steps,False,,,,,False,auto,False,O1,[],"{'min_num_params': 0, 'xla': False, 'xla_fsdp_grad_ckpt': False, 'xla_fsdp_v2': False}",0,,False,4,True,,False,False,auto,128,silu,224,False,RylanSchaeffer/mem_Qwen3-93M_minerva_math_rep_10_sbst_1.0000_epch_1_ot_1_sft,True,,end,<HUB_TOKEN>,"{'0': 'LABEL_0', '1': 'LABEL_1'}",False,[],False,True,False,0.02,768,False,False,False,"{'LABEL_0': 0, 'LABEL_1': 1}",,0,"['full_attention', 'full_attention', 'full_attention', 'full_attention', 'full_attention', 'full_attention']",0.0001,length,1,,False,0,passive,warning,True,models/sft_language_model/RylanSchaeffer/mem_Qwen3-93M_minerva_math_rep_10_sbst_1.0000_epch_1_ot_1_sft/runs/Dec30_17-29-07_skampere1,False,True,1,steps,cosine,1,2048,32768,-1,28,eval_loss,0,93069280,"{'attn_implementation': 'eager', 'device_map': 'auto', 'initial_model_name_or_path': 'RylanSchaeffer/mem_Qwen3-93M_minerva_math_rep_10_sbst_1.0000_epch_1_ot_1', 'torch_dtype': 'bfloat16'}",,qwen3,,,False,0,32,1,1,6,32,1,1,adamw_torch,,,False,models/sft_language_model/RylanSchaeffer/mem_Qwen3-93M_minerva_math_rep_10_sbst_1.0000_epch_1_ot_1_sft,False,False,False,False,bfd,,<PAD_TOKEN>,151669,False,,-1,16,16,,,False,,,False,,,<PUSH_TO_HUB_TOKEN>,last,False,True,1,['wandb'],False,,True,False,1e-06,,10000,golden-sweep-21,False,False,True,500,best,1,0,,"{'data_seed': 0, 'dataloader_drop_last': True, 'dataloader_num_workers': 4, 'dataloader_prefetch_factor': 4, 'eval_on_start': True, 'eval_steps': 50, 'eval_strategy': 'steps', 'gradient_accumulation_steps': 4, 'gradient_checkpointing': True, 'hub_strategy': 'end', 'learning_rate': 0.0001, 'logging_steps': 1, 'lr_scheduler_type': 'cosine', 'max_grad_norm': 1, 'max_length': 2048, 'max_steps': -1, 'num_train_epochs': 1, 'optim': 'adamw_torch', 'per_device_eval_batch_size': 16, 'per_device_train_batch_size': 16, 'remove_unused_columns': True, 'report_to': 'wandb', 'save_strategy': 'best', 'save_total_limit': 1, 'torch_compile': False, 'warmup_ratio': 0.2, 'weight_decay': 0}",True,,,,1,,False,False,False,,50,1,False,,,,,False,False,,4.56.1,1,False,True,False,False,False,False,False,False,151670,0.2,0,0,finished,9auakwfg,fpc910ip
945,124,1767137517.552725,945,2.3205204842946467,1.828653573989868,0.5799891375578367,0.0016,2289028,88.3455,56.585,3.543,1,2.3205204842946467,1.828653573989868,0.5799891375578367,0.0016,2289028,88.3455,56.585,3.543,6618144,2.503115007892633,1.9402261972427368,0.5639385060431101,0.0016,0,88.9282,56.214,3.52,0,4152596703031296,2.323034942150116,1,117,0.58203125,2.8525453514099965e-08,1.8812,0.5745304971933365,6618144,2289028,9180.275,1.895272130640144,720.9103,10.39,0.162,"{'dispatch_batches': None, 'even_batches': True, 'gradient_accumulation_kwargs': None, 'non_blocking': False, 'split_batches': False, 'use_seedable_sampler': True}",False,False,0.9,0.999,1e-08,False,['Qwen3ForCausalLM'],False,False,0,False,False,,False,,True,False,,,0,False,,"{'dataset': 'EleutherAI/minerva_math', 'shuffle_seed': 0, 'split_to_train_on': 'train'}",0,True,4,False,True,4,,,input_ids,,,,,1800,[],,,False,0,True,False,False,False,bfloat16,False,64,0,<EOS_TOKEN>,151643,,0,True,True,,50,steps,False,,,,,False,auto,False,O1,[],"{'min_num_params': 0, 'xla': False, 'xla_fsdp_grad_ckpt': False, 'xla_fsdp_v2': False}",0,,False,4,True,,False,False,auto,128,silu,320,False,RylanSchaeffer/mem_Qwen3-153M_minerva_math_rep_3_sbst_1.0000_epch_1_ot_1_sft,True,,end,<HUB_TOKEN>,"{'0': 'LABEL_0', '1': 'LABEL_1'}",False,[],False,True,False,0.02,1024,False,False,False,"{'LABEL_0': 0, 'LABEL_1': 1}",,0,"['full_attention', 'full_attention', 'full_attention', 'full_attention', 'full_attention', 'full_attention', 'full_attention', 'full_attention', 'full_attention']",0.0001,length,1,,False,0,passive,warning,True,models/sft_language_model/RylanSchaeffer/mem_Qwen3-153M_minerva_math_rep_3_sbst_1.0000_epch_1_ot_1_sft/runs/Dec30_15-16-43_skampere1,False,True,1,steps,cosine,1,2048,32768,-1,28,eval_loss,0,153110464,"{'attn_implementation': 'eager', 'device_map': 'auto', 'initial_model_name_or_path': 'RylanSchaeffer/mem_Qwen3-153M_minerva_math_rep_3_sbst_1.0000_epch_1_ot_1', 'torch_dtype': 'bfloat16'}",,qwen3,,,False,0,32,1,1,9,32,1,1,adamw_torch,,,False,models/sft_language_model/RylanSchaeffer/mem_Qwen3-153M_minerva_math_rep_3_sbst_1.0000_epch_1_ot_1_sft,False,False,False,False,bfd,,<PAD_TOKEN>,151669,False,,-1,16,16,,,False,,,False,,,<PUSH_TO_HUB_TOKEN>,last,False,True,1,['wandb'],False,,True,False,1e-06,,10000,happy-sweep-12,False,False,True,500,best,1,0,,"{'data_seed': 0, 'dataloader_drop_last': True, 'dataloader_num_workers': 4, 'dataloader_prefetch_factor': 4, 'eval_on_start': True, 'eval_steps': 50, 'eval_strategy': 'steps', 'gradient_accumulation_steps': 4, 'gradient_checkpointing': True, 'hub_strategy': 'end', 'learning_rate': 0.0001, 'logging_steps': 1, 'lr_scheduler_type': 'cosine', 'max_grad_norm': 1, 'max_length': 2048, 'max_steps': -1, 'num_train_epochs': 1, 'optim': 'adamw_torch', 'per_device_eval_batch_size': 16, 'per_device_train_batch_size': 16, 'remove_unused_columns': True, 'report_to': 'wandb', 'save_strategy': 'best', 'save_total_limit': 1, 'torch_compile': False, 'warmup_ratio': 0.2, 'weight_decay': 0}",True,,,,1,,False,False,False,,50,1,False,,,,,False,False,,4.56.1,1,False,True,False,False,False,False,False,False,151670,0.2,0,0,finished,9auakwfg,03ux6ug7
1351,124,1767123756.987105,1351,2.955199284431262,2.37313461303711,0.5331065124617174,0.002,2289028,121.9473,40.993,2.567,1,2.955199284431262,2.37313461303711,0.5331065124617174,0.002,2289028,121.9473,40.993,2.567,6618144,3.4206161812329903,3.898847103118897,0.4067120654269671,0.002,0,122.272,40.884,2.56,0,10191744380473344,2.8872673511505127,1,117,0.6171875,2.8525453514099965e-08,2.3609,0.5350671261548996,6618144,2289028,6262.138,2.710349624992436,1056.8519,7.087,0.111,"{'dispatch_batches': None, 'even_batches': True, 'gradient_accumulation_kwargs': None, 'non_blocking': False, 'split_batches': False, 'use_seedable_sampler': True}",False,False,0.9,0.999,1e-08,False,['Qwen3ForCausalLM'],False,False,0,False,False,,False,,True,False,,,0,False,,"{'dataset': 'EleutherAI/minerva_math', 'shuffle_seed': 0, 'split_to_train_on': 'train'}",0,True,4,False,True,4,,,input_ids,,,,,1800,[],,,False,0,True,False,False,False,bfloat16,False,64,0,<EOS_TOKEN>,151643,,0,True,True,,50,steps,False,,,,,False,auto,False,O1,[],"{'min_num_params': 0, 'xla': False, 'xla_fsdp_grad_ckpt': False, 'xla_fsdp_v2': False}",0,,False,4,True,,False,False,auto,128,silu,576,False,RylanSchaeffer/mem_Qwen3-344M_minerva_math_rep_0_sbst_1.0000_epch_1_ot_1_sft,True,,end,<HUB_TOKEN>,"{'0': 'LABEL_0', '1': 'LABEL_1'}",False,[],False,True,False,0.02,1536,False,False,False,"{'LABEL_0': 0, 'LABEL_1': 1}",,0,"['full_attention', 'full_attention', 'full_attention', 'full_attention', 'full_attention', 'full_attention', 'full_attention', 'full_attention', 'full_attention', 'full_attention', 'full_attention', 'full_attention', 'full_attention', 'full_attention']",0.0001,length,1,,False,0,passive,warning,True,models/sft_language_model/RylanSchaeffer/mem_Qwen3-344M_minerva_math_rep_0_sbst_1.0000_epch_1_ot_1_sft/runs/Dec30_11-20-37_skampere1,False,True,1,steps,cosine,1,2048,32768,-1,28,eval_loss,0,344023616,"{'attn_implementation': 'eager', 'device_map': 'auto', 'initial_model_name_or_path': 'RylanSchaeffer/mem_Qwen3-344M_minerva_math_rep_0_sbst_1.0000_epch_1_ot_1', 'torch_dtype': 'bfloat16'}",,qwen3,,,False,0,32,1,1,14,32,1,1,adamw_torch,,,False,models/sft_language_model/RylanSchaeffer/mem_Qwen3-344M_minerva_math_rep_0_sbst_1.0000_epch_1_ot_1_sft,False,False,False,False,bfd,,<PAD_TOKEN>,151669,False,,-1,16,16,,,False,,,False,,,<PUSH_TO_HUB_TOKEN>,last,False,True,1,['wandb'],False,,True,False,1e-06,,10000,azure-sweep-1,False,False,True,500,best,1,0,,"{'data_seed': 0, 'dataloader_drop_last': True, 'dataloader_num_workers': 4, 'dataloader_prefetch_factor': 4, 'eval_on_start': True, 'eval_steps': 50, 'eval_strategy': 'steps', 'gradient_accumulation_steps': 4, 'gradient_checkpointing': True, 'hub_strategy': 'end', 'learning_rate': 0.0001, 'logging_steps': 1, 'lr_scheduler_type': 'cosine', 'max_grad_norm': 1, 'max_length': 2048, 'max_steps': -1, 'num_train_epochs': 1, 'optim': 'adamw_torch', 'per_device_eval_batch_size': 16, 'per_device_train_batch_size': 16, 'remove_unused_columns': True, 'report_to': 'wandb', 'save_strategy': 'best', 'save_total_limit': 1, 'torch_compile': False, 'warmup_ratio': 0.2, 'weight_decay': 0}",True,,,,1,,False,False,False,,50,1,False,,,,,False,False,,4.56.1,1,False,True,False,False,False,False,False,False,151670,0.2,0,0,finished,9auakwfg,2yl76y9r
942,124,1767136562.086969,942,2.572490398700421,1.994839787483215,0.5581005604412311,0.0014,2289028,88.785,56.305,3.525,1,2.572490398700421,1.994839787483215,0.5581005604412311,0.0014,2289028,88.785,56.305,3.525,6618144,2.9214620024729996,2.2362983226776123,0.5239965161069845,0.0014,0,88.5127,56.478,3.536,0,4152596703031296,2.5957204699516296,1,117,0.54296875,2.8525453514099965e-08,2.0294,0.5556850284337997,6618144,2289028,9188.69,2.0714762567454934,720.2514,10.399,0.162,"{'dispatch_batches': None, 'even_batches': True, 'gradient_accumulation_kwargs': None, 'non_blocking': False, 'split_batches': False, 'use_seedable_sampler': True}",False,False,0.9,0.999,1e-08,False,['Qwen3ForCausalLM'],False,False,0,False,False,,False,,True,False,,,0,False,,"{'dataset': 'EleutherAI/minerva_math', 'shuffle_seed': 0, 'split_to_train_on': 'train'}",0,True,4,False,True,4,,,input_ids,,,,,1800,[],,,False,0,True,False,False,False,bfloat16,False,64,0,<EOS_TOKEN>,151643,,0,True,True,,50,steps,False,,,,,False,auto,False,O1,[],"{'min_num_params': 0, 'xla': False, 'xla_fsdp_grad_ckpt': False, 'xla_fsdp_v2': False}",0,,False,4,True,,False,False,auto,128,silu,320,False,RylanSchaeffer/mem_Qwen3-153M_minerva_math_rep_1_sbst_1.0000_epch_1_ot_1_sft,True,,end,<HUB_TOKEN>,"{'0': 'LABEL_0', '1': 'LABEL_1'}",False,[],False,True,False,0.02,1024,False,False,False,"{'LABEL_0': 0, 'LABEL_1': 1}",,0,"['full_attention', 'full_attention', 'full_attention', 'full_attention', 'full_attention', 'full_attention', 'full_attention', 'full_attention', 'full_attention']",0.0001,length,1,,False,0,passive,warning,True,models/sft_language_model/RylanSchaeffer/mem_Qwen3-153M_minerva_math_rep_1_sbst_1.0000_epch_1_ot_1_sft/runs/Dec30_15-00-47_skampere1,False,True,1,steps,cosine,1,2048,32768,-1,28,eval_loss,0,153110464,"{'attn_implementation': 'eager', 'device_map': 'auto', 'initial_model_name_or_path': 'RylanSchaeffer/mem_Qwen3-153M_minerva_math_rep_1_sbst_1.0000_epch_1_ot_1', 'torch_dtype': 'bfloat16'}",,qwen3,,,False,0,32,1,1,9,32,1,1,adamw_torch,,,False,models/sft_language_model/RylanSchaeffer/mem_Qwen3-153M_minerva_math_rep_1_sbst_1.0000_epch_1_ot_1_sft,False,False,False,False,bfd,,<PAD_TOKEN>,151669,False,,-1,16,16,,,False,,,False,,,<PUSH_TO_HUB_TOKEN>,last,False,True,1,['wandb'],False,,True,False,1e-06,,10000,crimson-sweep-11,False,False,True,500,best,1,0,,"{'data_seed': 0, 'dataloader_drop_last': True, 'dataloader_num_workers': 4, 'dataloader_prefetch_factor': 4, 'eval_on_start': True, 'eval_steps': 50, 'eval_strategy': 'steps', 'gradient_accumulation_steps': 4, 'gradient_checkpointing': True, 'hub_strategy': 'end', 'learning_rate': 0.0001, 'logging_steps': 1, 'lr_scheduler_type': 'cosine', 'max_grad_norm': 1, 'max_length': 2048, 'max_steps': -1, 'num_train_epochs': 1, 'optim': 'adamw_torch', 'per_device_eval_batch_size': 16, 'per_device_train_batch_size': 16, 'remove_unused_columns': True, 'report_to': 'wandb', 'save_strategy': 'best', 'save_total_limit': 1, 'torch_compile': False, 'warmup_ratio': 0.2, 'weight_decay': 0}",True,,,,1,,False,False,False,,50,1,False,,,,,False,False,,4.56.1,1,False,True,False,False,False,False,False,False,151670,0.2,0,0,finished,9auakwfg,xyek2ay8
721,124,1767144511.4656937,721,3.012877108959051,2.1302926540374756,0.5458972111153297,0.0011,2289028,69.8974,71.519,4.478,1,3.012877108959051,2.1302926540374756,0.5458972111153297,0.0011,2289028,69.8974,71.519,4.478,6618144,3.2352682726505475,2.2651207447052,0.5271185463628708,0.0011,0,71.1153,70.294,4.401,0,2346603259852800,3.017218589782715,1,117,0.68359375,2.8525453514099965e-08,2.1774,0.54126837849617,6618144,2289028,12275.603,2.199652715625926,539.1312,13.893,0.217,"{'dispatch_batches': None, 'even_batches': True, 'gradient_accumulation_kwargs': None, 'non_blocking': False, 'split_batches': False, 'use_seedable_sampler': True}",False,False,0.9,0.999,1e-08,False,['Qwen3ForCausalLM'],False,False,0,False,False,,False,,True,False,,,0,False,,"{'dataset': 'EleutherAI/minerva_math', 'shuffle_seed': 0, 'split_to_train_on': 'train'}",0,True,4,False,True,4,,,input_ids,,,,,1800,[],,,False,0,True,False,False,False,bfloat16,False,64,0,<EOS_TOKEN>,151643,,0,True,True,,50,steps,False,,,,,False,auto,False,O1,[],"{'min_num_params': 0, 'xla': False, 'xla_fsdp_grad_ckpt': False, 'xla_fsdp_v2': False}",0,,False,4,True,,False,False,auto,128,silu,224,False,RylanSchaeffer/mem_Qwen3-93M_minerva_math_rep_3_sbst_1.0000_epch_1_ot_1_sft,True,,end,<HUB_TOKEN>,"{'0': 'LABEL_0', '1': 'LABEL_1'}",False,[],False,True,False,0.02,768,False,False,False,"{'LABEL_0': 0, 'LABEL_1': 1}",,0,"['full_attention', 'full_attention', 'full_attention', 'full_attention', 'full_attention', 'full_attention']",0.0001,length,1,,False,0,passive,warning,True,models/sft_language_model/RylanSchaeffer/mem_Qwen3-93M_minerva_math_rep_3_sbst_1.0000_epch_1_ot_1_sft/runs/Dec30_17-16-56_skampere1,False,True,1,steps,cosine,1,2048,32768,-1,28,eval_loss,0,93069280,"{'attn_implementation': 'eager', 'device_map': 'auto', 'initial_model_name_or_path': 'RylanSchaeffer/mem_Qwen3-93M_minerva_math_rep_3_sbst_1.0000_epch_1_ot_1', 'torch_dtype': 'bfloat16'}",,qwen3,,,False,0,32,1,1,6,32,1,1,adamw_torch,,,False,models/sft_language_model/RylanSchaeffer/mem_Qwen3-93M_minerva_math_rep_3_sbst_1.0000_epch_1_ot_1_sft,False,False,False,False,bfd,,<PAD_TOKEN>,151669,False,,-1,16,16,,,False,,,False,,,<PUSH_TO_HUB_TOKEN>,last,False,True,1,['wandb'],False,,True,False,1e-06,,10000,light-sweep-20,False,False,True,500,best,1,0,,"{'data_seed': 0, 'dataloader_drop_last': True, 'dataloader_num_workers': 4, 'dataloader_prefetch_factor': 4, 'eval_on_start': True, 'eval_steps': 50, 'eval_strategy': 'steps', 'gradient_accumulation_steps': 4, 'gradient_checkpointing': True, 'hub_strategy': 'end', 'learning_rate': 0.0001, 'logging_steps': 1, 'lr_scheduler_type': 'cosine', 'max_grad_norm': 1, 'max_length': 2048, 'max_steps': -1, 'num_train_epochs': 1, 'optim': 'adamw_torch', 'per_device_eval_batch_size': 16, 'per_device_train_batch_size': 16, 'remove_unused_columns': True, 'report_to': 'wandb', 'save_strategy': 'best', 'save_total_limit': 1, 'torch_compile': False, 'warmup_ratio': 0.2, 'weight_decay': 0}",True,,,,1,,False,False,False,,50,1,False,,,,,False,False,,4.56.1,1,False,True,False,False,False,False,False,False,151670,0.2,0,0,finished,9auakwfg,pi8kb0lo
726,124,1767143781.2896018,726,3.3186489183169146,2.3541197776794434,0.5206998096635709,0.0011,2289028,70.889,70.519,4.415,1,3.3186489183169146,2.3541197776794434,0.5206998096635709,0.0011,2289028,70.889,70.519,4.415,6618144,3.704746033900823,2.620044946670532,0.4845651334676987,0.0011,0,71.1942,70.216,4.396,0,2346603259852800,3.3523426055908203,1,117,0.68359375,2.8525453514099965e-08,2.4063,0.5194819569587708,6618144,2289028,12186.321,2.440003081264659,543.0808,13.792,0.215,"{'dispatch_batches': None, 'even_batches': True, 'gradient_accumulation_kwargs': None, 'non_blocking': False, 'split_batches': False, 'use_seedable_sampler': True}",False,False,0.9,0.999,1e-08,False,['Qwen3ForCausalLM'],False,False,0,False,False,,False,,True,False,,,0,False,,"{'dataset': 'EleutherAI/minerva_math', 'shuffle_seed': 0, 'split_to_train_on': 'train'}",0,True,4,False,True,4,,,input_ids,,,,,1800,[],,,False,0,True,False,False,False,bfloat16,False,64,0,<EOS_TOKEN>,151643,,0,True,True,,50,steps,False,,,,,False,auto,False,O1,[],"{'min_num_params': 0, 'xla': False, 'xla_fsdp_grad_ckpt': False, 'xla_fsdp_v2': False}",0,,False,4,True,,False,False,auto,128,silu,224,False,RylanSchaeffer/mem_Qwen3-93M_minerva_math_rep_1_sbst_1.0000_epch_1_ot_1_sft,True,,end,<HUB_TOKEN>,"{'0': 'LABEL_0', '1': 'LABEL_1'}",False,[],False,True,False,0.02,768,False,False,False,"{'LABEL_0': 0, 'LABEL_1': 1}",,0,"['full_attention', 'full_attention', 'full_attention', 'full_attention', 'full_attention', 'full_attention']",0.0001,length,1,,False,0,passive,warning,True,models/sft_language_model/RylanSchaeffer/mem_Qwen3-93M_minerva_math_rep_1_sbst_1.0000_epch_1_ot_1_sft/runs/Dec30_17-04-40_skampere1,False,True,1,steps,cosine,1,2048,32768,-1,28,eval_loss,0,93069280,"{'attn_implementation': 'eager', 'device_map': 'auto', 'initial_model_name_or_path': 'RylanSchaeffer/mem_Qwen3-93M_minerva_math_rep_1_sbst_1.0000_epch_1_ot_1', 'torch_dtype': 'bfloat16'}",,qwen3,,,False,0,32,1,1,6,32,1,1,adamw_torch,,,False,models/sft_language_model/RylanSchaeffer/mem_Qwen3-93M_minerva_math_rep_1_sbst_1.0000_epch_1_ot_1_sft,False,False,False,False,bfd,,<PAD_TOKEN>,151669,False,,-1,16,16,,,False,,,False,,,<PUSH_TO_HUB_TOKEN>,last,False,True,1,['wandb'],False,,True,False,1e-06,,10000,playful-sweep-19,False,False,True,500,best,1,0,,"{'data_seed': 0, 'dataloader_drop_last': True, 'dataloader_num_workers': 4, 'dataloader_prefetch_factor': 4, 'eval_on_start': True, 'eval_steps': 50, 'eval_strategy': 'steps', 'gradient_accumulation_steps': 4, 'gradient_checkpointing': True, 'hub_strategy': 'end', 'learning_rate': 0.0001, 'logging_steps': 1, 'lr_scheduler_type': 'cosine', 'max_grad_norm': 1, 'max_length': 2048, 'max_steps': -1, 'num_train_epochs': 1, 'optim': 'adamw_torch', 'per_device_eval_batch_size': 16, 'per_device_train_batch_size': 16, 'remove_unused_columns': True, 'report_to': 'wandb', 'save_strategy': 'best', 'save_total_limit': 1, 'torch_compile': False, 'warmup_ratio': 0.2, 'weight_decay': 0}",True,,,,1,,False,False,False,,50,1,False,,,,,False,False,,4.56.1,1,False,True,False,False,False,False,False,False,151670,0.2,0,0,finished,9auakwfg,qeeolckl
1348,124,1767127843.6680677,1348,1.6680225773881645,1.398787260055542,0.6433345029751459,0.002,2289028,121.8597,41.023,2.569,1,1.6680225773881645,1.398787260055542,0.6433345029751459,0.002,2289028,121.8597,41.023,2.569,6618144,1.6985141810698388,1.4159311056137085,0.6422911989383209,0.002,0,122.1302,40.932,2.563,0,10191744380473344,1.6627973020076752,1,117,0.451171875,2.8525453514099965e-08,1.5324,0.6184194684028625,6618144,2289028,6277.884,1.5261258956713557,1054.2009,7.105,0.111,"{'dispatch_batches': None, 'even_batches': True, 'gradient_accumulation_kwargs': None, 'non_blocking': False, 'split_batches': False, 'use_seedable_sampler': True}",False,False,0.9,0.999,1e-08,False,['Qwen3ForCausalLM'],False,False,0,False,False,,False,,True,False,,,0,False,,"{'dataset': 'EleutherAI/minerva_math', 'shuffle_seed': 0, 'split_to_train_on': 'train'}",0,True,4,False,True,4,,,input_ids,,,,,1800,[],,,False,0,True,False,False,False,bfloat16,False,64,0,<EOS_TOKEN>,151643,,0,True,True,,50,steps,False,,,,,False,auto,False,O1,[],"{'min_num_params': 0, 'xla': False, 'xla_fsdp_grad_ckpt': False, 'xla_fsdp_v2': False}",0,,False,4,True,,False,False,auto,128,silu,576,False,RylanSchaeffer/mem_Qwen3-344M_minerva_math_rep_10_sbst_1.0000_epch_1_ot_1_sft,True,,end,<HUB_TOKEN>,"{'0': 'LABEL_0', '1': 'LABEL_1'}",False,[],False,True,False,0.02,1536,False,False,False,"{'LABEL_0': 0, 'LABEL_1': 1}",,0,"['full_attention', 'full_attention', 'full_attention', 'full_attention', 'full_attention', 'full_attention', 'full_attention', 'full_attention', 'full_attention', 'full_attention', 'full_attention', 'full_attention', 'full_attention', 'full_attention']",0.0001,length,1,,False,0,passive,warning,True,models/sft_language_model/RylanSchaeffer/mem_Qwen3-344M_minerva_math_rep_10_sbst_1.0000_epch_1_ot_1_sft/runs/Dec30_12-28-49_skampere1,False,True,1,steps,cosine,1,2048,32768,-1,28,eval_loss,0,344023616,"{'attn_implementation': 'eager', 'device_map': 'auto', 'initial_model_name_or_path': 'RylanSchaeffer/mem_Qwen3-344M_minerva_math_rep_10_sbst_1.0000_epch_1_ot_1', 'torch_dtype': 'bfloat16'}",,qwen3,,,False,0,32,1,1,14,32,1,1,adamw_torch,,,False,models/sft_language_model/RylanSchaeffer/mem_Qwen3-344M_minerva_math_rep_10_sbst_1.0000_epch_1_ot_1_sft,False,False,False,False,bfd,,<PAD_TOKEN>,151669,False,,-1,16,16,,,False,,,False,,,<PUSH_TO_HUB_TOKEN>,last,False,True,1,['wandb'],False,,True,False,1e-06,,10000,super-sweep-4,False,False,True,500,best,1,0,,"{'data_seed': 0, 'dataloader_drop_last': True, 'dataloader_num_workers': 4, 'dataloader_prefetch_factor': 4, 'eval_on_start': True, 'eval_steps': 50, 'eval_strategy': 'steps', 'gradient_accumulation_steps': 4, 'gradient_checkpointing': True, 'hub_strategy': 'end', 'learning_rate': 0.0001, 'logging_steps': 1, 'lr_scheduler_type': 'cosine', 'max_grad_norm': 1, 'max_length': 2048, 'max_steps': -1, 'num_train_epochs': 1, 'optim': 'adamw_torch', 'per_device_eval_batch_size': 16, 'per_device_train_batch_size': 16, 'remove_unused_columns': True, 'report_to': 'wandb', 'save_strategy': 'best', 'save_total_limit': 1, 'torch_compile': False, 'warmup_ratio': 0.2, 'weight_decay': 0}",True,,,,1,,False,False,False,,50,1,False,,,,,False,False,,4.56.1,1,False,True,False,False,False,False,False,False,151670,0.2,0,0,finished,9auakwfg,kkb2703s
640,124,1767151468.5190098,640,3.0322494155321364,1.7260708808898926,0.6301897810055659,0.0009,2289028,63.6163,78.58,4.92,1,3.0322494155321364,1.7260708808898926,0.6301897810055659,0.0009,2289028,63.6163,78.58,4.92,6618144,3.0269233867143974,1.6647663116455078,0.6506786226080015,0.0009,0,63.8882,78.246,4.899,0,1533009933711360,3.0814698338508606,1,117,0.87109375,2.8525453514099965e-08,2.0126,0.571776270866394,6618144,2289028,13994.504,2.014355437368409,472.9111,15.838,0.247,"{'dispatch_batches': None, 'even_batches': True, 'gradient_accumulation_kwargs': None, 'non_blocking': False, 'split_batches': False, 'use_seedable_sampler': True}",False,False,0.9,0.999,1e-08,False,['Qwen3ForCausalLM'],False,False,0,False,False,,False,,True,False,,,0,False,,"{'dataset': 'EleutherAI/minerva_math', 'shuffle_seed': 0, 'split_to_train_on': 'train'}",0,True,4,False,True,4,,,input_ids,,,,,1800,[],,,False,0,True,False,False,False,bfloat16,False,64,0,<EOS_TOKEN>,151643,,0,True,True,,50,steps,False,,,,,False,auto,False,O1,[],"{'min_num_params': 0, 'xla': False, 'xla_fsdp_grad_ckpt': False, 'xla_fsdp_v2': False}",0,,False,4,True,,False,False,auto,128,silu,160,False,RylanSchaeffer/mem_Qwen3-62M_minerva_math_rep_32_sbst_1.0000_epch_1_ot_1_sft,True,,end,<HUB_TOKEN>,"{'0': 'LABEL_0', '1': 'LABEL_1'}",False,[],False,True,False,0.02,512,False,False,False,"{'LABEL_0': 0, 'LABEL_1': 1}",,0,"['full_attention', 'full_attention', 'full_attention', 'full_attention', 'full_attention']",0.0001,length,1,,False,0,passive,warning,True,models/sft_language_model/RylanSchaeffer/mem_Qwen3-62M_minerva_math_rep_32_sbst_1.0000_epch_1_ot_1_sft/runs/Dec30_19-14-12_skampere1,False,True,1,steps,cosine,1,2048,32768,-1,28,eval_loss,0,62873440,"{'attn_implementation': 'eager', 'device_map': 'auto', 'initial_model_name_or_path': 'RylanSchaeffer/mem_Qwen3-62M_minerva_math_rep_32_sbst_1.0000_epch_1_ot_1', 'torch_dtype': 'bfloat16'}",,qwen3,,,False,0,32,1,1,5,32,1,1,adamw_torch,,,False,models/sft_language_model/RylanSchaeffer/mem_Qwen3-62M_minerva_math_rep_32_sbst_1.0000_epch_1_ot_1_sft,False,False,False,False,bfd,,<PAD_TOKEN>,151669,False,,-1,16,16,,,False,,,False,,,<PUSH_TO_HUB_TOKEN>,last,False,True,1,['wandb'],False,,True,False,1e-06,,10000,pleasant-sweep-30,False,False,True,500,best,1,0,,"{'data_seed': 0, 'dataloader_drop_last': True, 'dataloader_num_workers': 4, 'dataloader_prefetch_factor': 4, 'eval_on_start': True, 'eval_steps': 50, 'eval_strategy': 'steps', 'gradient_accumulation_steps': 4, 'gradient_checkpointing': True, 'hub_strategy': 'end', 'learning_rate': 0.0001, 'logging_steps': 1, 'lr_scheduler_type': 'cosine', 'max_grad_norm': 1, 'max_length': 2048, 'max_steps': -1, 'num_train_epochs': 1, 'optim': 'adamw_torch', 'per_device_eval_batch_size': 16, 'per_device_train_batch_size': 16, 'remove_unused_columns': True, 'report_to': 'wandb', 'save_strategy': 'best', 'save_total_limit': 1, 'torch_compile': False, 'warmup_ratio': 0.2, 'weight_decay': 0}",True,,,,1,,False,False,False,,50,1,False,,,,,False,False,,4.56.1,1,False,True,False,False,False,False,False,False,151670,0.2,0,0,finished,9auakwfg,45zhhrmn
941,124,1767142300.0689104,941,2.0985869673582225,1.2766698598861694,0.6985347387500298,0.0013,2289028,88.659,56.385,3.53,1,2.0985869673582225,1.2766698598861694,0.6985347387500298,0.0013,2289028,88.659,56.385,3.53,6618144,0.16012403531334338,0.04275694489479065,0.9898788285179017,0.0013,0,88.588,56.43,3.533,0,4152596703031296,2.3327128887176514,1,117,0.87109375,2.8525453514099965e-08,2.0804,0.5245255306363106,6618144,2289028,9200.681,2.4413295872191076,719.3114,10.413,0.163,"{'dispatch_batches': None, 'even_batches': True, 'gradient_accumulation_kwargs': None, 'non_blocking': False, 'split_batches': False, 'use_seedable_sampler': True}",False,False,0.9,0.999,1e-08,False,['Qwen3ForCausalLM'],False,False,0,False,False,,False,,True,False,,,0,False,,"{'dataset': 'EleutherAI/minerva_math', 'shuffle_seed': 0, 'split_to_train_on': 'train'}",0,True,4,False,True,4,,,input_ids,,,,,1800,[],,,False,0,True,False,False,False,bfloat16,False,64,0,<EOS_TOKEN>,151643,,0,True,True,,50,steps,False,,,,,False,auto,False,O1,[],"{'min_num_params': 0, 'xla': False, 'xla_fsdp_grad_ckpt': False, 'xla_fsdp_v2': False}",0,,False,4,True,,False,False,auto,128,silu,320,False,RylanSchaeffer/mem_Qwen3-153M_minerva_math_rep_1000_sbst_1.0000_epch_1_ot_1_sft,True,,end,<HUB_TOKEN>,"{'0': 'LABEL_0', '1': 'LABEL_1'}",False,[],False,True,False,0.02,1024,False,False,False,"{'LABEL_0': 0, 'LABEL_1': 1}",,0,"['full_attention', 'full_attention', 'full_attention', 'full_attention', 'full_attention', 'full_attention', 'full_attention', 'full_attention', 'full_attention']",0.0001,length,1,,False,0,passive,warning,True,models/sft_language_model/RylanSchaeffer/mem_Qwen3-153M_minerva_math_rep_1000_sbst_1.0000_epch_1_ot_1_sft/runs/Dec30_16-36-27_skampere1,False,True,1,steps,cosine,1,2048,32768,-1,28,eval_loss,0,153110464,"{'attn_implementation': 'eager', 'device_map': 'auto', 'initial_model_name_or_path': 'RylanSchaeffer/mem_Qwen3-153M_minerva_math_rep_1000_sbst_1.0000_epch_1_ot_1', 'torch_dtype': 'bfloat16'}",,qwen3,,,False,0,32,1,1,9,32,1,1,adamw_torch,,,False,models/sft_language_model/RylanSchaeffer/mem_Qwen3-153M_minerva_math_rep_1000_sbst_1.0000_epch_1_ot_1_sft,False,False,False,False,bfd,,<PAD_TOKEN>,151669,False,,-1,16,16,,,False,,,False,,,<PUSH_TO_HUB_TOKEN>,last,False,True,1,['wandb'],False,,True,False,1e-06,,10000,silvery-sweep-17,False,False,True,500,best,1,0,,"{'data_seed': 0, 'dataloader_drop_last': True, 'dataloader_num_workers': 4, 'dataloader_prefetch_factor': 4, 'eval_on_start': True, 'eval_steps': 50, 'eval_strategy': 'steps', 'gradient_accumulation_steps': 4, 'gradient_checkpointing': True, 'hub_strategy': 'end', 'learning_rate': 0.0001, 'logging_steps': 1, 'lr_scheduler_type': 'cosine', 'max_grad_norm': 1, 'max_length': 2048, 'max_steps': -1, 'num_train_epochs': 1, 'optim': 'adamw_torch', 'per_device_eval_batch_size': 16, 'per_device_train_batch_size': 16, 'remove_unused_columns': True, 'report_to': 'wandb', 'save_strategy': 'best', 'save_total_limit': 1, 'torch_compile': False, 'warmup_ratio': 0.2, 'weight_decay': 0}",True,,,,1,,False,False,False,,50,1,False,,,,,False,False,,4.56.1,1,False,True,False,False,False,False,False,False,151670,0.2,0,0,finished,9auakwfg,e26k5aq0
717,124,1767145966.5596728,717,2.221893893984648,1.3763837814331057,0.6804651621824656,0.001,2289028,70.0181,71.396,4.47,1,2.221893893984648,1.3763837814331057,0.6804651621824656,0.001,2289028,70.0181,71.396,4.47,6618144,2.1302705590541544,1.2344080209732056,0.7239961190483509,0.001,0,70.315,71.094,4.451,0,2346603259852800,2.258143961429596,1,117,0.796875,2.8525453514099965e-08,1.7511,0.5995239764451981,6618144,2289028,12369.324,1.7459586838371732,535.0458,13.999,0.219,"{'dispatch_batches': None, 'even_batches': True, 'gradient_accumulation_kwargs': None, 'non_blocking': False, 'split_batches': False, 'use_seedable_sampler': True}",False,False,0.9,0.999,1e-08,False,['Qwen3ForCausalLM'],False,False,0,False,False,,False,,True,False,,,0,False,,"{'dataset': 'EleutherAI/minerva_math', 'shuffle_seed': 0, 'split_to_train_on': 'train'}",0,True,4,False,True,4,,,input_ids,,,,,1800,[],,,False,0,True,False,False,False,bfloat16,False,64,0,<EOS_TOKEN>,151643,,0,True,True,,50,steps,False,,,,,False,auto,False,O1,[],"{'min_num_params': 0, 'xla': False, 'xla_fsdp_grad_ckpt': False, 'xla_fsdp_v2': False}",0,,False,4,True,,False,False,auto,128,silu,224,False,RylanSchaeffer/mem_Qwen3-93M_minerva_math_rep_32_sbst_1.0000_epch_1_ot_1_sft,True,,end,<HUB_TOKEN>,"{'0': 'LABEL_0', '1': 'LABEL_1'}",False,[],False,True,False,0.02,768,False,False,False,"{'LABEL_0': 0, 'LABEL_1': 1}",,0,"['full_attention', 'full_attention', 'full_attention', 'full_attention', 'full_attention', 'full_attention']",0.0001,length,1,,False,0,passive,warning,True,models/sft_language_model/RylanSchaeffer/mem_Qwen3-93M_minerva_math_rep_32_sbst_1.0000_epch_1_ot_1_sft/runs/Dec30_17-41-14_skampere1,False,True,1,steps,cosine,1,2048,32768,-1,28,eval_loss,0,93069280,"{'attn_implementation': 'eager', 'device_map': 'auto', 'initial_model_name_or_path': 'RylanSchaeffer/mem_Qwen3-93M_minerva_math_rep_32_sbst_1.0000_epch_1_ot_1', 'torch_dtype': 'bfloat16'}",,qwen3,,,False,0,32,1,1,6,32,1,1,adamw_torch,,,False,models/sft_language_model/RylanSchaeffer/mem_Qwen3-93M_minerva_math_rep_32_sbst_1.0000_epch_1_ot_1_sft,False,False,False,False,bfd,,<PAD_TOKEN>,151669,False,,-1,16,16,,,False,,,False,,,<PUSH_TO_HUB_TOKEN>,last,False,True,1,['wandb'],False,,True,False,1e-06,,10000,helpful-sweep-22,False,False,True,500,best,1,0,,"{'data_seed': 0, 'dataloader_drop_last': True, 'dataloader_num_workers': 4, 'dataloader_prefetch_factor': 4, 'eval_on_start': True, 'eval_steps': 50, 'eval_strategy': 'steps', 'gradient_accumulation_steps': 4, 'gradient_checkpointing': True, 'hub_strategy': 'end', 'learning_rate': 0.0001, 'logging_steps': 1, 'lr_scheduler_type': 'cosine', 'max_grad_norm': 1, 'max_length': 2048, 'max_steps': -1, 'num_train_epochs': 1, 'optim': 'adamw_torch', 'per_device_eval_batch_size': 16, 'per_device_train_batch_size': 16, 'remove_unused_columns': True, 'report_to': 'wandb', 'save_strategy': 'best', 'save_total_limit': 1, 'torch_compile': False, 'warmup_ratio': 0.2, 'weight_decay': 0}",True,,,,1,,False,False,False,,50,1,False,,,,,False,False,,4.56.1,1,False,True,False,False,False,False,False,False,151670,0.2,0,0,finished,9auakwfg,9sxu0bjf
502,124,1767154820.045015,502,5.699471834378365,3.2969696521759033,0.39079611481000215,0.0006,2289028,51.8887,96.341,6.032,1,5.699471834378365,3.2969696521759033,0.39079611481000215,0.0006,2289028,51.8887,96.341,6.032,6618144,5.796401182810466,3.3424065113067627,0.3869662372729717,0.0006,0,52.1848,95.794,5.998,0,774383840815104,5.784749984741211,1,117,0.84375,2.8525453514099965e-08,3.3938,0.3780205100774765,6618144,2289028,18582.084,3.388074186113146,356.1584,21.03,0.329,"{'dispatch_batches': None, 'even_batches': True, 'gradient_accumulation_kwargs': None, 'non_blocking': False, 'split_batches': False, 'use_seedable_sampler': True}",False,False,0.9,0.999,1e-08,False,['Qwen3ForCausalLM'],False,False,0,False,False,,False,,True,False,,,0,False,,"{'dataset': 'EleutherAI/minerva_math', 'shuffle_seed': 0, 'split_to_train_on': 'train'}",0,True,4,False,True,4,,,input_ids,,,,,1800,[],,,False,0,True,False,False,False,bfloat16,False,64,0,<EOS_TOKEN>,151643,,0,True,True,,50,steps,False,,,,,False,auto,False,O1,[],"{'min_num_params': 0, 'xla': False, 'xla_fsdp_grad_ckpt': False, 'xla_fsdp_v2': False}",0,,False,4,True,,False,False,auto,128,silu,96,False,RylanSchaeffer/mem_Qwen3-34M_minerva_math_rep_10_sbst_1.0000_epch_1_ot_1_sft,True,,end,<HUB_TOKEN>,"{'0': 'LABEL_0', '1': 'LABEL_1'}",False,[],False,True,False,0.02,256,False,False,False,"{'LABEL_0': 0, 'LABEL_1': 1}",,0,"['full_attention', 'full_attention', 'full_attention']",0.0001,length,1,,False,0,passive,warning,True,models/sft_language_model/RylanSchaeffer/mem_Qwen3-34M_minerva_math_rep_10_sbst_1.0000_epch_1_ot_1_sft/runs/Dec30_20-12-23_skampere1,False,True,1,steps,cosine,1,2048,32768,-1,28,eval_loss,0,34061856,"{'attn_implementation': 'eager', 'device_map': 'auto', 'initial_model_name_or_path': 'RylanSchaeffer/mem_Qwen3-34M_minerva_math_rep_10_sbst_1.0000_epch_1_ot_1', 'torch_dtype': 'bfloat16'}",,qwen3,,,False,0,32,1,1,3,32,1,1,adamw_torch,,,False,models/sft_language_model/RylanSchaeffer/mem_Qwen3-34M_minerva_math_rep_10_sbst_1.0000_epch_1_ot_1_sft,False,False,False,False,bfd,,<PAD_TOKEN>,151669,False,,-1,16,16,,,False,,,False,,,<PUSH_TO_HUB_TOKEN>,last,False,True,1,['wandb'],False,,True,False,1e-06,,10000,driven-sweep-36,False,False,True,500,best,1,0,,"{'data_seed': 0, 'dataloader_drop_last': True, 'dataloader_num_workers': 4, 'dataloader_prefetch_factor': 4, 'eval_on_start': True, 'eval_steps': 50, 'eval_strategy': 'steps', 'gradient_accumulation_steps': 4, 'gradient_checkpointing': True, 'hub_strategy': 'end', 'learning_rate': 0.0001, 'logging_steps': 1, 'lr_scheduler_type': 'cosine', 'max_grad_norm': 1, 'max_length': 2048, 'max_steps': -1, 'num_train_epochs': 1, 'optim': 'adamw_torch', 'per_device_eval_batch_size': 16, 'per_device_train_batch_size': 16, 'remove_unused_columns': True, 'report_to': 'wandb', 'save_strategy': 'best', 'save_total_limit': 1, 'torch_compile': False, 'warmup_ratio': 0.2, 'weight_decay': 0}",True,,,,1,,False,False,False,,50,1,False,,,,,False,False,,4.56.1,1,False,True,False,False,False,False,False,False,151670,0.2,0,0,finished,9auakwfg,8rpy5j2h
738,124,1767147447.294131,738,2.2759764366425,1.288171887397766,0.7000373042164705,0.001,2289028,70.0589,71.354,4.468,1,2.2759764366425,1.288171887397766,0.7000373042164705,0.001,2289028,70.0589,71.354,4.468,6618144,0.3895920068025589,0.06906670331954956,0.9898069149408584,0.001,0,70.3323,71.077,4.45,0,2346603259852800,2.458264708518982,1,117,1.03125,2.8525453514099965e-08,2.1462,0.513495534658432,6618144,2289028,12399.244,2.4138795840434537,533.7548,14.033,0.219,"{'dispatch_batches': None, 'even_batches': True, 'gradient_accumulation_kwargs': None, 'non_blocking': False, 'split_batches': False, 'use_seedable_sampler': True}",False,False,0.9,0.999,1e-08,False,['Qwen3ForCausalLM'],False,False,0,False,False,,False,,True,False,,,0,False,,"{'dataset': 'EleutherAI/minerva_math', 'shuffle_seed': 0, 'split_to_train_on': 'train'}",0,True,4,False,True,4,,,input_ids,,,,,1800,[],,,False,0,True,False,False,False,bfloat16,False,64,0,<EOS_TOKEN>,151643,,0,True,True,,50,steps,False,,,,,False,auto,False,O1,[],"{'min_num_params': 0, 'xla': False, 'xla_fsdp_grad_ckpt': False, 'xla_fsdp_v2': False}",0,,False,4,True,,False,False,auto,128,silu,224,False,RylanSchaeffer/mem_Qwen3-93M_minerva_math_rep_316_sbst_1.0000_epch_1_ot_1_sft,True,,end,<HUB_TOKEN>,"{'0': 'LABEL_0', '1': 'LABEL_1'}",False,[],False,True,False,0.02,768,False,False,False,"{'LABEL_0': 0, 'LABEL_1': 1}",,0,"['full_attention', 'full_attention', 'full_attention', 'full_attention', 'full_attention', 'full_attention']",0.0001,length,1,,False,0,passive,warning,True,models/sft_language_model/RylanSchaeffer/mem_Qwen3-93M_minerva_math_rep_316_sbst_1.0000_epch_1_ot_1_sft/runs/Dec30_18-05-37_skampere1,False,True,1,steps,cosine,1,2048,32768,-1,28,eval_loss,0,93069280,"{'attn_implementation': 'eager', 'device_map': 'auto', 'initial_model_name_or_path': 'RylanSchaeffer/mem_Qwen3-93M_minerva_math_rep_316_sbst_1.0000_epch_1_ot_1', 'torch_dtype': 'bfloat16'}",,qwen3,,,False,0,32,1,1,6,32,1,1,adamw_torch,,,False,models/sft_language_model/RylanSchaeffer/mem_Qwen3-93M_minerva_math_rep_316_sbst_1.0000_epch_1_ot_1_sft,False,False,False,False,bfd,,<PAD_TOKEN>,151669,False,,-1,16,16,,,False,,,False,,,<PUSH_TO_HUB_TOKEN>,last,False,True,1,['wandb'],False,,True,False,1e-06,,10000,scarlet-sweep-24,False,False,True,500,best,1,0,,"{'data_seed': 0, 'dataloader_drop_last': True, 'dataloader_num_workers': 4, 'dataloader_prefetch_factor': 4, 'eval_on_start': True, 'eval_steps': 50, 'eval_strategy': 'steps', 'gradient_accumulation_steps': 4, 'gradient_checkpointing': True, 'hub_strategy': 'end', 'learning_rate': 0.0001, 'logging_steps': 1, 'lr_scheduler_type': 'cosine', 'max_grad_norm': 1, 'max_length': 2048, 'max_steps': -1, 'num_train_epochs': 1, 'optim': 'adamw_torch', 'per_device_eval_batch_size': 16, 'per_device_train_batch_size': 16, 'remove_unused_columns': True, 'report_to': 'wandb', 'save_strategy': 'best', 'save_total_limit': 1, 'torch_compile': False, 'warmup_ratio': 0.2, 'weight_decay': 0}",True,,,,1,,False,False,False,,50,1,False,,,,,False,False,,4.56.1,1,False,True,False,False,False,False,False,False,151670,0.2,0,0,finished,9auakwfg,72t20ote
643,124,1767148836.65738,643,5.86782124103644,4.407413482666016,0.3712770238709755,0.0009,2289028,63.5746,78.632,4.923,1,5.86782124103644,4.407413482666016,0.3712770238709755,0.0009,2289028,63.5746,78.632,4.923,6618144,5.806296024567041,5.404221534729004,0.2854144622882207,0.0009,0,63.9357,78.188,4.896,0,1533009933711360,5.864833354949951,1,117,0.86328125,2.8525453514099965e-08,4.405,0.3763486295938492,6618144,2289028,13992.492,4.679607085692576,472.9792,15.836,0.247,"{'dispatch_batches': None, 'even_batches': True, 'gradient_accumulation_kwargs': None, 'non_blocking': False, 'split_batches': False, 'use_seedable_sampler': True}",False,False,0.9,0.999,1e-08,False,['Qwen3ForCausalLM'],False,False,0,False,False,,False,,True,False,,,0,False,,"{'dataset': 'EleutherAI/minerva_math', 'shuffle_seed': 0, 'split_to_train_on': 'train'}",0,True,4,False,True,4,,,input_ids,,,,,1800,[],,,False,0,True,False,False,False,bfloat16,False,64,0,<EOS_TOKEN>,151643,,0,True,True,,50,steps,False,,,,,False,auto,False,O1,[],"{'min_num_params': 0, 'xla': False, 'xla_fsdp_grad_ckpt': False, 'xla_fsdp_v2': False}",0,,False,4,True,,False,False,auto,128,silu,160,False,RylanSchaeffer/mem_Qwen3-62M_minerva_math_rep_0_sbst_1.0000_epch_1_ot_1_sft,True,,end,<HUB_TOKEN>,"{'0': 'LABEL_0', '1': 'LABEL_1'}",False,[],False,True,False,0.02,512,False,False,False,"{'LABEL_0': 0, 'LABEL_1': 1}",,0,"['full_attention', 'full_attention', 'full_attention', 'full_attention', 'full_attention']",0.0001,length,1,,False,0,passive,warning,True,models/sft_language_model/RylanSchaeffer/mem_Qwen3-62M_minerva_math_rep_0_sbst_1.0000_epch_1_ot_1_sft/runs/Dec30_18-30-21_skampere1,False,True,1,steps,cosine,1,2048,32768,-1,28,eval_loss,0,62873440,"{'attn_implementation': 'eager', 'device_map': 'auto', 'initial_model_name_or_path': 'RylanSchaeffer/mem_Qwen3-62M_minerva_math_rep_0_sbst_1.0000_epch_1_ot_1', 'torch_dtype': 'bfloat16'}",,qwen3,,,False,0,32,1,1,5,32,1,1,adamw_torch,,,False,models/sft_language_model/RylanSchaeffer/mem_Qwen3-62M_minerva_math_rep_0_sbst_1.0000_epch_1_ot_1_sft,False,False,False,False,bfd,,<PAD_TOKEN>,151669,False,,-1,16,16,,,False,,,False,,,<PUSH_TO_HUB_TOKEN>,last,False,True,1,['wandb'],False,,True,False,1e-06,,10000,fresh-sweep-26,False,False,True,500,best,1,0,,"{'data_seed': 0, 'dataloader_drop_last': True, 'dataloader_num_workers': 4, 'dataloader_prefetch_factor': 4, 'eval_on_start': True, 'eval_steps': 50, 'eval_strategy': 'steps', 'gradient_accumulation_steps': 4, 'gradient_checkpointing': True, 'hub_strategy': 'end', 'learning_rate': 0.0001, 'logging_steps': 1, 'lr_scheduler_type': 'cosine', 'max_grad_norm': 1, 'max_length': 2048, 'max_steps': -1, 'num_train_epochs': 1, 'optim': 'adamw_torch', 'per_device_eval_batch_size': 16, 'per_device_train_batch_size': 16, 'remove_unused_columns': True, 'report_to': 'wandb', 'save_strategy': 'best', 'save_total_limit': 1, 'torch_compile': False, 'warmup_ratio': 0.2, 'weight_decay': 0}",True,,,,1,,False,False,False,,50,1,False,,,,,False,False,,4.56.1,1,False,True,False,False,False,False,False,False,151670,0.2,0,0,finished,9auakwfg,lqajxbbf
648,124,1767150159.282949,648,4.03359150275206,2.5652761459350586,0.49987943212573344,0.0014,2289028,64.0271,78.076,4.889,1,4.03359150275206,2.5652761459350586,0.49987943212573344,0.0014,2289028,64.0271,78.076,4.889,6618144,4.265101224184036,2.7117762565612793,0.480045732206259,0.0014,0,64.4259,77.593,4.858,0,1533009933711360,4.107132077217102,1,117,0.75,2.8525453514099965e-08,2.6188,0.4973034337162971,6618144,2289028,13933.982,2.6371306191142807,474.9652,15.77,0.246,"{'dispatch_batches': None, 'even_batches': True, 'gradient_accumulation_kwargs': None, 'non_blocking': False, 'split_batches': False, 'use_seedable_sampler': True}",False,False,0.9,0.999,1e-08,False,['Qwen3ForCausalLM'],False,False,0,False,False,,False,,True,False,,,0,False,,"{'dataset': 'EleutherAI/minerva_math', 'shuffle_seed': 0, 'split_to_train_on': 'train'}",0,True,4,False,True,4,,,input_ids,,,,,1800,[],,,False,0,True,False,False,False,bfloat16,False,64,0,<EOS_TOKEN>,151643,,0,True,True,,50,steps,False,,,,,False,auto,False,O1,[],"{'min_num_params': 0, 'xla': False, 'xla_fsdp_grad_ckpt': False, 'xla_fsdp_v2': False}",0,,False,4,True,,False,False,auto,128,silu,160,False,RylanSchaeffer/mem_Qwen3-62M_minerva_math_rep_3_sbst_1.0000_epch_1_ot_1_sft,True,,end,<HUB_TOKEN>,"{'0': 'LABEL_0', '1': 'LABEL_1'}",False,[],False,True,False,0.02,512,False,False,False,"{'LABEL_0': 0, 'LABEL_1': 1}",,0,"['full_attention', 'full_attention', 'full_attention', 'full_attention', 'full_attention']",0.0001,length,1,,False,0,passive,warning,True,models/sft_language_model/RylanSchaeffer/mem_Qwen3-62M_minerva_math_rep_3_sbst_1.0000_epch_1_ot_1_sft/runs/Dec30_18-52-17_skampere1,False,True,1,steps,cosine,1,2048,32768,-1,28,eval_loss,0,62873440,"{'attn_implementation': 'eager', 'device_map': 'auto', 'initial_model_name_or_path': 'RylanSchaeffer/mem_Qwen3-62M_minerva_math_rep_3_sbst_1.0000_epch_1_ot_1', 'torch_dtype': 'bfloat16'}",,qwen3,,,False,0,32,1,1,5,32,1,1,adamw_torch,,,False,models/sft_language_model/RylanSchaeffer/mem_Qwen3-62M_minerva_math_rep_3_sbst_1.0000_epch_1_ot_1_sft,False,False,False,False,bfd,,<PAD_TOKEN>,151669,False,,-1,16,16,,,False,,,False,,,<PUSH_TO_HUB_TOKEN>,last,False,True,1,['wandb'],False,,True,False,1e-06,,10000,polar-sweep-28,False,False,True,500,best,1,0,,"{'data_seed': 0, 'dataloader_drop_last': True, 'dataloader_num_workers': 4, 'dataloader_prefetch_factor': 4, 'eval_on_start': True, 'eval_steps': 50, 'eval_strategy': 'steps', 'gradient_accumulation_steps': 4, 'gradient_checkpointing': True, 'hub_strategy': 'end', 'learning_rate': 0.0001, 'logging_steps': 1, 'lr_scheduler_type': 'cosine', 'max_grad_norm': 1, 'max_length': 2048, 'max_steps': -1, 'num_train_epochs': 1, 'optim': 'adamw_torch', 'per_device_eval_batch_size': 16, 'per_device_train_batch_size': 16, 'remove_unused_columns': True, 'report_to': 'wandb', 'save_strategy': 'best', 'save_total_limit': 1, 'torch_compile': False, 'warmup_ratio': 0.2, 'weight_decay': 0}",True,,,,1,,False,False,False,,50,1,False,,,,,False,False,,4.56.1,1,False,True,False,False,False,False,False,False,151670,0.2,0,0,finished,9auakwfg,bz7p89yg
642,124,1767152120.3477376,642,2.6703839218005156,1.4365615844726562,0.6765934175405747,0.0008,2289028,63.6048,78.595,4.921,1,2.6703839218005156,1.4365615844726562,0.6765934175405747,0.0008,2289028,63.6048,78.595,4.921,6618144,1.798366850003218,0.496366947889328,0.9285847917199136,0.0008,0,63.884,78.251,4.9,0,1533009933711360,2.758734881877899,1,117,1.0546875,2.8525453514099965e-08,2.1136,0.5329921990633011,6618144,2289028,13996.159,2.2548861065481463,472.8552,15.84,0.247,"{'dispatch_batches': None, 'even_batches': True, 'gradient_accumulation_kwargs': None, 'non_blocking': False, 'split_batches': False, 'use_seedable_sampler': True}",False,False,0.9,0.999,1e-08,False,['Qwen3ForCausalLM'],False,False,0,False,False,,False,,True,False,,,0,False,,"{'dataset': 'EleutherAI/minerva_math', 'shuffle_seed': 0, 'split_to_train_on': 'train'}",0,True,4,False,True,4,,,input_ids,,,,,1800,[],,,False,0,True,False,False,False,bfloat16,False,64,0,<EOS_TOKEN>,151643,,0,True,True,,50,steps,False,,,,,False,auto,False,O1,[],"{'min_num_params': 0, 'xla': False, 'xla_fsdp_grad_ckpt': False, 'xla_fsdp_v2': False}",0,,False,4,True,,False,False,auto,128,silu,160,False,RylanSchaeffer/mem_Qwen3-62M_minerva_math_rep_100_sbst_1.0000_epch_1_ot_1_sft,True,,end,<HUB_TOKEN>,"{'0': 'LABEL_0', '1': 'LABEL_1'}",False,[],False,True,False,0.02,512,False,False,False,"{'LABEL_0': 0, 'LABEL_1': 1}",,0,"['full_attention', 'full_attention', 'full_attention', 'full_attention', 'full_attention']",0.0001,length,1,,False,0,passive,warning,True,models/sft_language_model/RylanSchaeffer/mem_Qwen3-62M_minerva_math_rep_100_sbst_1.0000_epch_1_ot_1_sft/runs/Dec30_19-25-03_skampere1,False,True,1,steps,cosine,1,2048,32768,-1,28,eval_loss,0,62873440,"{'attn_implementation': 'eager', 'device_map': 'auto', 'initial_model_name_or_path': 'RylanSchaeffer/mem_Qwen3-62M_minerva_math_rep_100_sbst_1.0000_epch_1_ot_1', 'torch_dtype': 'bfloat16'}",,qwen3,,,False,0,32,1,1,5,32,1,1,adamw_torch,,,False,models/sft_language_model/RylanSchaeffer/mem_Qwen3-62M_minerva_math_rep_100_sbst_1.0000_epch_1_ot_1_sft,False,False,False,False,bfd,,<PAD_TOKEN>,151669,False,,-1,16,16,,,False,,,False,,,<PUSH_TO_HUB_TOKEN>,last,False,True,1,['wandb'],False,,True,False,1e-06,,10000,driven-sweep-31,False,False,True,500,best,1,0,,"{'data_seed': 0, 'dataloader_drop_last': True, 'dataloader_num_workers': 4, 'dataloader_prefetch_factor': 4, 'eval_on_start': True, 'eval_steps': 50, 'eval_strategy': 'steps', 'gradient_accumulation_steps': 4, 'gradient_checkpointing': True, 'hub_strategy': 'end', 'learning_rate': 0.0001, 'logging_steps': 1, 'lr_scheduler_type': 'cosine', 'max_grad_norm': 1, 'max_length': 2048, 'max_steps': -1, 'num_train_epochs': 1, 'optim': 'adamw_torch', 'per_device_eval_batch_size': 16, 'per_device_train_batch_size': 16, 'remove_unused_columns': True, 'report_to': 'wandb', 'save_strategy': 'best', 'save_total_limit': 1, 'torch_compile': False, 'warmup_ratio': 0.2, 'weight_decay': 0}",True,,,,1,,False,False,False,,50,1,False,,,,,False,False,,4.56.1,1,False,True,False,False,False,False,False,False,151670,0.2,0,0,finished,9auakwfg,jw7j64u8
642,124,1767150815.160139,642,3.5595633655022354,2.21126389503479,0.5436836176384718,0.0008,2289028,63.6409,78.55,4.918,1,3.5595633655022354,2.21126389503479,0.5436836176384718,0.0008,2289028,63.6409,78.55,4.918,6618144,3.67531339938824,2.260716438293457,0.5375759273958511,0.0008,0,63.9096,78.22,4.898,0,1533009933711360,3.6005495190620422,1,117,0.75390625,2.8525453514099965e-08,2.289,0.5304951369762421,6618144,2289028,13991.76,2.301672234494462,473.0039,15.835,0.247,"{'dispatch_batches': None, 'even_batches': True, 'gradient_accumulation_kwargs': None, 'non_blocking': False, 'split_batches': False, 'use_seedable_sampler': True}",False,False,0.9,0.999,1e-08,False,['Qwen3ForCausalLM'],False,False,0,False,False,,False,,True,False,,,0,False,,"{'dataset': 'EleutherAI/minerva_math', 'shuffle_seed': 0, 'split_to_train_on': 'train'}",0,True,4,False,True,4,,,input_ids,,,,,1800,[],,,False,0,True,False,False,False,bfloat16,False,64,0,<EOS_TOKEN>,151643,,0,True,True,,50,steps,False,,,,,False,auto,False,O1,[],"{'min_num_params': 0, 'xla': False, 'xla_fsdp_grad_ckpt': False, 'xla_fsdp_v2': False}",0,,False,4,True,,False,False,auto,128,silu,160,False,RylanSchaeffer/mem_Qwen3-62M_minerva_math_rep_10_sbst_1.0000_epch_1_ot_1_sft,True,,end,<HUB_TOKEN>,"{'0': 'LABEL_0', '1': 'LABEL_1'}",False,[],False,True,False,0.02,512,False,False,False,"{'LABEL_0': 0, 'LABEL_1': 1}",,0,"['full_attention', 'full_attention', 'full_attention', 'full_attention', 'full_attention']",0.0001,length,1,,False,0,passive,warning,True,models/sft_language_model/RylanSchaeffer/mem_Qwen3-62M_minerva_math_rep_10_sbst_1.0000_epch_1_ot_1_sft/runs/Dec30_19-03-18_skampere1,False,True,1,steps,cosine,1,2048,32768,-1,28,eval_loss,0,62873440,"{'attn_implementation': 'eager', 'device_map': 'auto', 'initial_model_name_or_path': 'RylanSchaeffer/mem_Qwen3-62M_minerva_math_rep_10_sbst_1.0000_epch_1_ot_1', 'torch_dtype': 'bfloat16'}",,qwen3,,,False,0,32,1,1,5,32,1,1,adamw_torch,,,False,models/sft_language_model/RylanSchaeffer/mem_Qwen3-62M_minerva_math_rep_10_sbst_1.0000_epch_1_ot_1_sft,False,False,False,False,bfd,,<PAD_TOKEN>,151669,False,,-1,16,16,,,False,,,False,,,<PUSH_TO_HUB_TOKEN>,last,False,True,1,['wandb'],False,,True,False,1e-06,,10000,dandy-sweep-29,False,False,True,500,best,1,0,,"{'data_seed': 0, 'dataloader_drop_last': True, 'dataloader_num_workers': 4, 'dataloader_prefetch_factor': 4, 'eval_on_start': True, 'eval_steps': 50, 'eval_strategy': 'steps', 'gradient_accumulation_steps': 4, 'gradient_checkpointing': True, 'hub_strategy': 'end', 'learning_rate': 0.0001, 'logging_steps': 1, 'lr_scheduler_type': 'cosine', 'max_grad_norm': 1, 'max_length': 2048, 'max_steps': -1, 'num_train_epochs': 1, 'optim': 'adamw_torch', 'per_device_eval_batch_size': 16, 'per_device_train_batch_size': 16, 'remove_unused_columns': True, 'report_to': 'wandb', 'save_strategy': 'best', 'save_total_limit': 1, 'torch_compile': False, 'warmup_ratio': 0.2, 'weight_decay': 0}",True,,,,1,,False,False,False,,50,1,False,,,,,False,False,,4.56.1,1,False,True,False,False,False,False,False,False,151670,0.2,0,0,finished,9auakwfg,7d05323f
721,124,1767146696.9307,721,2.071524629608178,1.165580987930298,0.7202947088159047,0.001,2289028,69.9979,71.416,4.472,1,2.071524629608178,1.165580987930298,0.7202947088159047,0.001,2289028,69.9979,71.416,4.472,6618144,0.8876065705449153,0.19941571354866028,0.97578769024366,0.001,0,70.2588,71.151,4.455,0,2346603259852800,2.17584890127182,1,117,0.8828125,2.8525453514099965e-08,1.8583,0.5755436271429062,6618144,2289028,12370.654,1.992425251210857,534.9886,14.0,0.219,"{'dispatch_batches': None, 'even_batches': True, 'gradient_accumulation_kwargs': None, 'non_blocking': False, 'split_batches': False, 'use_seedable_sampler': True}",False,False,0.9,0.999,1e-08,False,['Qwen3ForCausalLM'],False,False,0,False,False,,False,,True,False,,,0,False,,"{'dataset': 'EleutherAI/minerva_math', 'shuffle_seed': 0, 'split_to_train_on': 'train'}",0,True,4,False,True,4,,,input_ids,,,,,1800,[],,,False,0,True,False,False,False,bfloat16,False,64,0,<EOS_TOKEN>,151643,,0,True,True,,50,steps,False,,,,,False,auto,False,O1,[],"{'min_num_params': 0, 'xla': False, 'xla_fsdp_grad_ckpt': False, 'xla_fsdp_v2': False}",0,,False,4,True,,False,False,auto,128,silu,224,False,RylanSchaeffer/mem_Qwen3-93M_minerva_math_rep_100_sbst_1.0000_epch_1_ot_1_sft,True,,end,<HUB_TOKEN>,"{'0': 'LABEL_0', '1': 'LABEL_1'}",False,[],False,True,False,0.02,768,False,False,False,"{'LABEL_0': 0, 'LABEL_1': 1}",,0,"['full_attention', 'full_attention', 'full_attention', 'full_attention', 'full_attention', 'full_attention']",0.0001,length,1,,False,0,passive,warning,True,models/sft_language_model/RylanSchaeffer/mem_Qwen3-93M_minerva_math_rep_100_sbst_1.0000_epch_1_ot_1_sft/runs/Dec30_17-53-26_skampere1,False,True,1,steps,cosine,1,2048,32768,-1,28,eval_loss,0,93069280,"{'attn_implementation': 'eager', 'device_map': 'auto', 'initial_model_name_or_path': 'RylanSchaeffer/mem_Qwen3-93M_minerva_math_rep_100_sbst_1.0000_epch_1_ot_1', 'torch_dtype': 'bfloat16'}",,qwen3,,,False,0,32,1,1,6,32,1,1,adamw_torch,,,False,models/sft_language_model/RylanSchaeffer/mem_Qwen3-93M_minerva_math_rep_100_sbst_1.0000_epch_1_ot_1_sft,False,False,False,False,bfd,,<PAD_TOKEN>,151669,False,,-1,16,16,,,False,,,False,,,<PUSH_TO_HUB_TOKEN>,last,False,True,1,['wandb'],False,,True,False,1e-06,,10000,woven-sweep-23,False,False,True,500,best,1,0,,"{'data_seed': 0, 'dataloader_drop_last': True, 'dataloader_num_workers': 4, 'dataloader_prefetch_factor': 4, 'eval_on_start': True, 'eval_steps': 50, 'eval_strategy': 'steps', 'gradient_accumulation_steps': 4, 'gradient_checkpointing': True, 'hub_strategy': 'end', 'learning_rate': 0.0001, 'logging_steps': 1, 'lr_scheduler_type': 'cosine', 'max_grad_norm': 1, 'max_length': 2048, 'max_steps': -1, 'num_train_epochs': 1, 'optim': 'adamw_torch', 'per_device_eval_batch_size': 16, 'per_device_train_batch_size': 16, 'remove_unused_columns': True, 'report_to': 'wandb', 'save_strategy': 'best', 'save_total_limit': 1, 'torch_compile': False, 'warmup_ratio': 0.2, 'weight_decay': 0}",True,,,,1,,False,False,False,,50,1,False,,,,,False,False,,4.56.1,1,False,True,False,False,False,False,False,False,151670,0.2,0,0,finished,9auakwfg,vdweeztq
725,124,1767143043.8258803,725,4.783294974229275,3.647071361541748,0.42566288062013113,0.0011,2289028,71.065,70.344,4.404,1,4.783294974229275,3.647071361541748,0.42566288062013113,0.0011,2289028,71.065,70.344,4.404,6618144,4.936068472189781,4.797796726226807,0.3336859311048801,0.0011,0,71.0052,70.403,4.408,0,2346603259852800,4.7454423904418945,1,117,0.80078125,2.8525453514099965e-08,3.6295,0.4351075142621994,6618144,2289028,12222.618,3.934342930459569,541.468,13.833,0.216,"{'dispatch_batches': None, 'even_batches': True, 'gradient_accumulation_kwargs': None, 'non_blocking': False, 'split_batches': False, 'use_seedable_sampler': True}",False,False,0.9,0.999,1e-08,False,['Qwen3ForCausalLM'],False,False,0,False,False,,False,,True,False,,,0,False,,"{'dataset': 'EleutherAI/minerva_math', 'shuffle_seed': 0, 'split_to_train_on': 'train'}",0,True,4,False,True,4,,,input_ids,,,,,1800,[],,,False,0,True,False,False,False,bfloat16,False,64,0,<EOS_TOKEN>,151643,,0,True,True,,50,steps,False,,,,,False,auto,False,O1,[],"{'min_num_params': 0, 'xla': False, 'xla_fsdp_grad_ckpt': False, 'xla_fsdp_v2': False}",0,,False,4,True,,False,False,auto,128,silu,224,False,RylanSchaeffer/mem_Qwen3-93M_minerva_math_rep_0_sbst_1.0000_epch_1_ot_1_sft,True,,end,<HUB_TOKEN>,"{'0': 'LABEL_0', '1': 'LABEL_1'}",False,[],False,True,False,0.02,768,False,False,False,"{'LABEL_0': 0, 'LABEL_1': 1}",,0,"['full_attention', 'full_attention', 'full_attention', 'full_attention', 'full_attention', 'full_attention']",0.0001,length,1,,False,0,passive,warning,True,models/sft_language_model/RylanSchaeffer/mem_Qwen3-93M_minerva_math_rep_0_sbst_1.0000_epch_1_ot_1_sft/runs/Dec30_16-52-23_skampere1,False,True,1,steps,cosine,1,2048,32768,-1,28,eval_loss,0,93069280,"{'attn_implementation': 'eager', 'device_map': 'auto', 'initial_model_name_or_path': 'RylanSchaeffer/mem_Qwen3-93M_minerva_math_rep_0_sbst_1.0000_epch_1_ot_1', 'torch_dtype': 'bfloat16'}",,qwen3,,,False,0,32,1,1,6,32,1,1,adamw_torch,,,False,models/sft_language_model/RylanSchaeffer/mem_Qwen3-93M_minerva_math_rep_0_sbst_1.0000_epch_1_ot_1_sft,False,False,False,False,bfd,,<PAD_TOKEN>,151669,False,,-1,16,16,,,False,,,False,,,<PUSH_TO_HUB_TOKEN>,last,False,True,1,['wandb'],False,,True,False,1e-06,,10000,cosmic-sweep-18,False,False,True,500,best,1,0,,"{'data_seed': 0, 'dataloader_drop_last': True, 'dataloader_num_workers': 4, 'dataloader_prefetch_factor': 4, 'eval_on_start': True, 'eval_steps': 50, 'eval_strategy': 'steps', 'gradient_accumulation_steps': 4, 'gradient_checkpointing': True, 'hub_strategy': 'end', 'learning_rate': 0.0001, 'logging_steps': 1, 'lr_scheduler_type': 'cosine', 'max_grad_norm': 1, 'max_length': 2048, 'max_steps': -1, 'num_train_epochs': 1, 'optim': 'adamw_torch', 'per_device_eval_batch_size': 16, 'per_device_train_batch_size': 16, 'remove_unused_columns': True, 'report_to': 'wandb', 'save_strategy': 'best', 'save_total_limit': 1, 'torch_compile': False, 'warmup_ratio': 0.2, 'weight_decay': 0}",True,,,,1,,False,False,False,,50,1,False,,,,,False,False,,4.56.1,1,False,True,False,False,False,False,False,False,151670,0.2,0,0,finished,9auakwfg,0usedusf
501,124,1767153793.3986466,501,6.8793144180224495,4.372769832611084,0.2675902233578456,0.0007,2289028,51.8284,96.453,6.039,1,6.8793144180224495,4.372769832611084,0.2675902233578456,0.0007,2289028,51.8284,96.453,6.039,6618144,6.974541926995302,4.578697204589844,0.24054020485625816,0.0007,0,52.1383,95.88,6.003,0,774383840815104,7.03572690486908,1,117,0.86328125,2.8525453514099965e-08,4.5221,0.2596309445798397,6618144,2289028,18590.078,4.502049026326237,356.0052,21.039,0.329,"{'dispatch_batches': None, 'even_batches': True, 'gradient_accumulation_kwargs': None, 'non_blocking': False, 'split_batches': False, 'use_seedable_sampler': True}",False,False,0.9,0.999,1e-08,False,['Qwen3ForCausalLM'],False,False,0,False,False,,False,,True,False,,,0,False,,"{'dataset': 'EleutherAI/minerva_math', 'shuffle_seed': 0, 'split_to_train_on': 'train'}",0,True,4,False,True,4,,,input_ids,,,,,1800,[],,,False,0,True,False,False,False,bfloat16,False,64,0,<EOS_TOKEN>,151643,,0,True,True,,50,steps,False,,,,,False,auto,False,O1,[],"{'min_num_params': 0, 'xla': False, 'xla_fsdp_grad_ckpt': False, 'xla_fsdp_v2': False}",0,,False,4,True,,False,False,auto,128,silu,96,False,RylanSchaeffer/mem_Qwen3-34M_minerva_math_rep_1_sbst_1.0000_epch_1_ot_1_sft,True,,end,<HUB_TOKEN>,"{'0': 'LABEL_0', '1': 'LABEL_1'}",False,[],False,True,False,0.02,256,False,False,False,"{'LABEL_0': 0, 'LABEL_1': 1}",,0,"['full_attention', 'full_attention', 'full_attention']",0.0001,length,1,,False,0,passive,warning,True,models/sft_language_model/RylanSchaeffer/mem_Qwen3-34M_minerva_math_rep_1_sbst_1.0000_epch_1_ot_1_sft/runs/Dec30_19-55-17_skampere1,False,True,1,steps,cosine,1,2048,32768,-1,28,eval_loss,0,34061856,"{'attn_implementation': 'eager', 'device_map': 'auto', 'initial_model_name_or_path': 'RylanSchaeffer/mem_Qwen3-34M_minerva_math_rep_1_sbst_1.0000_epch_1_ot_1', 'torch_dtype': 'bfloat16'}",,qwen3,,,False,0,32,1,1,3,32,1,1,adamw_torch,,,False,models/sft_language_model/RylanSchaeffer/mem_Qwen3-34M_minerva_math_rep_1_sbst_1.0000_epch_1_ot_1_sft,False,False,False,False,bfd,,<PAD_TOKEN>,151669,False,,-1,16,16,,,False,,,False,,,<PUSH_TO_HUB_TOKEN>,last,False,True,1,['wandb'],False,,True,False,1e-06,,10000,wild-sweep-34,False,False,True,500,best,1,0,,"{'data_seed': 0, 'dataloader_drop_last': True, 'dataloader_num_workers': 4, 'dataloader_prefetch_factor': 4, 'eval_on_start': True, 'eval_steps': 50, 'eval_strategy': 'steps', 'gradient_accumulation_steps': 4, 'gradient_checkpointing': True, 'hub_strategy': 'end', 'learning_rate': 0.0001, 'logging_steps': 1, 'lr_scheduler_type': 'cosine', 'max_grad_norm': 1, 'max_length': 2048, 'max_steps': -1, 'num_train_epochs': 1, 'optim': 'adamw_torch', 'per_device_eval_batch_size': 16, 'per_device_train_batch_size': 16, 'remove_unused_columns': True, 'report_to': 'wandb', 'save_strategy': 'best', 'save_total_limit': 1, 'torch_compile': False, 'warmup_ratio': 0.2, 'weight_decay': 0}",True,,,,1,,False,False,False,,50,1,False,,,,,False,False,,4.56.1,1,False,True,False,False,False,False,False,False,151670,0.2,0,0,finished,9auakwfg,8iz74moo
1341,124,1767134656.3423674,1341,2.0189493554524884,1.1359714269638062,0.7327197688894395,0.0019,2289028,121.8044,41.041,2.57,1,2.0189493554524884,1.1359714269638062,0.7327197688894395,0.0019,2289028,121.8044,41.041,2.57,6618144,0.09873655959008595,0.03763210400938988,0.9898843755706762,0.0019,0,122.0728,40.951,2.564,0,10191744380473344,2.285650074481964,1,117,0.65625,2.8525453514099965e-08,1.9476,0.5661695152521133,6618144,2289028,6302.723,2.3766246198588967,1050.0462,7.133,0.111,"{'dispatch_batches': None, 'even_batches': True, 'gradient_accumulation_kwargs': None, 'non_blocking': False, 'split_batches': False, 'use_seedable_sampler': True}",False,False,0.9,0.999,1e-08,False,['Qwen3ForCausalLM'],False,False,0,False,False,,False,,True,False,,,0,False,,"{'dataset': 'EleutherAI/minerva_math', 'shuffle_seed': 0, 'split_to_train_on': 'train'}",0,True,4,False,True,4,,,input_ids,,,,,1800,[],,,False,0,True,False,False,False,bfloat16,False,64,0,<EOS_TOKEN>,151643,,0,True,True,,50,steps,False,,,,,False,auto,False,O1,[],"{'min_num_params': 0, 'xla': False, 'xla_fsdp_grad_ckpt': False, 'xla_fsdp_v2': False}",0,,False,4,True,,False,False,auto,128,silu,576,False,RylanSchaeffer/mem_Qwen3-344M_minerva_math_rep_3162_sbst_1.0000_epch_1_ot_1_sft,True,,end,<HUB_TOKEN>,"{'0': 'LABEL_0', '1': 'LABEL_1'}",False,[],False,True,False,0.02,1536,False,False,False,"{'LABEL_0': 0, 'LABEL_1': 1}",,0,"['full_attention', 'full_attention', 'full_attention', 'full_attention', 'full_attention', 'full_attention', 'full_attention', 'full_attention', 'full_attention', 'full_attention', 'full_attention', 'full_attention', 'full_attention', 'full_attention']",0.0001,length,1,,False,0,passive,warning,True,models/sft_language_model/RylanSchaeffer/mem_Qwen3-344M_minerva_math_rep_3162_sbst_1.0000_epch_1_ot_1_sft/runs/Dec30_14-22-26_skampere1,False,True,1,steps,cosine,1,2048,32768,-1,28,eval_loss,0,344023616,"{'attn_implementation': 'eager', 'device_map': 'auto', 'initial_model_name_or_path': 'RylanSchaeffer/mem_Qwen3-344M_minerva_math_rep_3162_sbst_1.0000_epch_1_ot_1', 'torch_dtype': 'bfloat16'}",,qwen3,,,False,0,32,1,1,14,32,1,1,adamw_torch,,,False,models/sft_language_model/RylanSchaeffer/mem_Qwen3-344M_minerva_math_rep_3162_sbst_1.0000_epch_1_ot_1_sft,False,False,False,False,bfd,,<PAD_TOKEN>,151669,False,,-1,16,16,,,False,,,False,,,<PUSH_TO_HUB_TOKEN>,last,False,True,1,['wandb'],False,,True,False,1e-06,,10000,major-sweep-9,False,False,True,500,best,1,0,,"{'data_seed': 0, 'dataloader_drop_last': True, 'dataloader_num_workers': 4, 'dataloader_prefetch_factor': 4, 'eval_on_start': True, 'eval_steps': 50, 'eval_strategy': 'steps', 'gradient_accumulation_steps': 4, 'gradient_checkpointing': True, 'hub_strategy': 'end', 'learning_rate': 0.0001, 'logging_steps': 1, 'lr_scheduler_type': 'cosine', 'max_grad_norm': 1, 'max_length': 2048, 'max_steps': -1, 'num_train_epochs': 1, 'optim': 'adamw_torch', 'per_device_eval_batch_size': 16, 'per_device_train_batch_size': 16, 'remove_unused_columns': True, 'report_to': 'wandb', 'save_strategy': 'best', 'save_total_limit': 1, 'torch_compile': False, 'warmup_ratio': 0.2, 'weight_decay': 0}",True,,,,1,,False,False,False,,50,1,False,,,,,False,False,,4.56.1,1,False,True,False,False,False,False,False,False,151670,0.2,0,0,finished,9auakwfg,bhh64beb
954,124,1767141348.0638776,954,1.8539840922905848,1.1954686641693115,0.6986829712986946,0.0013,2289028,88.3794,56.563,3.542,1,1.8539840922905848,1.1954686641693115,0.6986829712986946,0.0013,2289028,88.3794,56.563,3.542,6618144,0.18465909474075604,0.04803707078099251,0.9898661812528584,0.0013,0,88.6367,56.399,3.531,0,4152596703031296,1.996148705482483,1,117,0.76171875,2.8525453514099965e-08,1.8528,0.5656578242778778,6618144,2289028,9031.592,2.101012518263271,732.7781,10.221,0.16,"{'dispatch_batches': None, 'even_batches': True, 'gradient_accumulation_kwargs': None, 'non_blocking': False, 'split_batches': False, 'use_seedable_sampler': True}",False,False,0.9,0.999,1e-08,False,['Qwen3ForCausalLM'],False,False,0,False,False,,False,,True,False,,,0,False,,"{'dataset': 'EleutherAI/minerva_math', 'shuffle_seed': 0, 'split_to_train_on': 'train'}",0,True,4,False,True,4,,,input_ids,,,,,1800,[],,,False,0,True,False,False,False,bfloat16,False,64,0,<EOS_TOKEN>,151643,,0,True,True,,50,steps,False,,,,,False,auto,False,O1,[],"{'min_num_params': 0, 'xla': False, 'xla_fsdp_grad_ckpt': False, 'xla_fsdp_v2': False}",0,,False,4,True,,False,False,auto,128,silu,320,False,RylanSchaeffer/mem_Qwen3-153M_minerva_math_rep_316_sbst_1.0000_epch_1_ot_1_sft,True,,end,<HUB_TOKEN>,"{'0': 'LABEL_0', '1': 'LABEL_1'}",False,[],False,True,False,0.02,1024,False,False,False,"{'LABEL_0': 0, 'LABEL_1': 1}",,0,"['full_attention', 'full_attention', 'full_attention', 'full_attention', 'full_attention', 'full_attention', 'full_attention', 'full_attention', 'full_attention']",0.0001,length,1,,False,0,passive,warning,True,models/sft_language_model/RylanSchaeffer/mem_Qwen3-153M_minerva_math_rep_316_sbst_1.0000_epch_1_ot_1_sft/runs/Dec30_16-20-22_skampere1,False,True,1,steps,cosine,1,2048,32768,-1,28,eval_loss,0,153110464,"{'attn_implementation': 'eager', 'device_map': 'auto', 'initial_model_name_or_path': 'RylanSchaeffer/mem_Qwen3-153M_minerva_math_rep_316_sbst_1.0000_epch_1_ot_1', 'torch_dtype': 'bfloat16'}",,qwen3,,,False,0,32,1,1,9,32,1,1,adamw_torch,,,False,models/sft_language_model/RylanSchaeffer/mem_Qwen3-153M_minerva_math_rep_316_sbst_1.0000_epch_1_ot_1_sft,False,False,False,False,bfd,,<PAD_TOKEN>,151669,False,,-1,16,16,,,False,,,False,,,<PUSH_TO_HUB_TOKEN>,last,False,True,1,['wandb'],False,,True,False,1e-06,,10000,firm-sweep-16,False,False,True,500,best,1,0,,"{'data_seed': 0, 'dataloader_drop_last': True, 'dataloader_num_workers': 4, 'dataloader_prefetch_factor': 4, 'eval_on_start': True, 'eval_steps': 50, 'eval_strategy': 'steps', 'gradient_accumulation_steps': 4, 'gradient_checkpointing': True, 'hub_strategy': 'end', 'learning_rate': 0.0001, 'logging_steps': 1, 'lr_scheduler_type': 'cosine', 'max_grad_norm': 1, 'max_length': 2048, 'max_steps': -1, 'num_train_epochs': 1, 'optim': 'adamw_torch', 'per_device_eval_batch_size': 16, 'per_device_train_batch_size': 16, 'remove_unused_columns': True, 'report_to': 'wandb', 'save_strategy': 'best', 'save_total_limit': 1, 'torch_compile': False, 'warmup_ratio': 0.2, 'weight_decay': 0}",True,,,,1,,False,False,False,,50,1,False,,,,,False,False,,4.56.1,1,False,True,False,False,False,False,False,False,151670,0.2,0,0,finished,9auakwfg,qaduw3yh
720,124,1767148181.3544254,720,2.27636887668035,1.152470588684082,0.7565348404340255,0.001,2289028,69.9738,71.441,4.473,1,2.27636887668035,1.152470588684082,0.7565348404340255,0.001,2289028,69.9738,71.441,4.473,6618144,0.2872775530872437,0.05343560501933098,0.9898875842873868,0.001,0,70.2561,71.154,4.455,0,2346603259852800,2.5783769488334656,1,117,0.9921875,2.8525453514099965e-08,2.3435,0.4874759763479233,6618144,2289028,12377.811,2.670331253964677,534.6792,14.008,0.219,"{'dispatch_batches': None, 'even_batches': True, 'gradient_accumulation_kwargs': None, 'non_blocking': False, 'split_batches': False, 'use_seedable_sampler': True}",False,False,0.9,0.999,1e-08,False,['Qwen3ForCausalLM'],False,False,0,False,False,,False,,True,False,,,0,False,,"{'dataset': 'EleutherAI/minerva_math', 'shuffle_seed': 0, 'split_to_train_on': 'train'}",0,True,4,False,True,4,,,input_ids,,,,,1800,[],,,False,0,True,False,False,False,bfloat16,False,64,0,<EOS_TOKEN>,151643,,0,True,True,,50,steps,False,,,,,False,auto,False,O1,[],"{'min_num_params': 0, 'xla': False, 'xla_fsdp_grad_ckpt': False, 'xla_fsdp_v2': False}",0,,False,4,True,,False,False,auto,128,silu,224,False,RylanSchaeffer/mem_Qwen3-93M_minerva_math_rep_1000_sbst_1.0000_epch_1_ot_1_sft,True,,end,<HUB_TOKEN>,"{'0': 'LABEL_0', '1': 'LABEL_1'}",False,[],False,True,False,0.02,768,False,False,False,"{'LABEL_0': 0, 'LABEL_1': 1}",,0,"['full_attention', 'full_attention', 'full_attention', 'full_attention', 'full_attention', 'full_attention']",0.0001,length,1,,False,0,passive,warning,True,models/sft_language_model/RylanSchaeffer/mem_Qwen3-93M_minerva_math_rep_1000_sbst_1.0000_epch_1_ot_1_sft/runs/Dec30_18-18-09_skampere1,False,True,1,steps,cosine,1,2048,32768,-1,28,eval_loss,0,93069280,"{'attn_implementation': 'eager', 'device_map': 'auto', 'initial_model_name_or_path': 'RylanSchaeffer/mem_Qwen3-93M_minerva_math_rep_1000_sbst_1.0000_epch_1_ot_1', 'torch_dtype': 'bfloat16'}",,qwen3,,,False,0,32,1,1,6,32,1,1,adamw_torch,,,False,models/sft_language_model/RylanSchaeffer/mem_Qwen3-93M_minerva_math_rep_1000_sbst_1.0000_epch_1_ot_1_sft,False,False,False,False,bfd,,<PAD_TOKEN>,151669,False,,-1,16,16,,,False,,,False,,,<PUSH_TO_HUB_TOKEN>,last,False,True,1,['wandb'],False,,True,False,1e-06,,10000,generous-sweep-25,False,False,True,500,best,1,0,,"{'data_seed': 0, 'dataloader_drop_last': True, 'dataloader_num_workers': 4, 'dataloader_prefetch_factor': 4, 'eval_on_start': True, 'eval_steps': 50, 'eval_strategy': 'steps', 'gradient_accumulation_steps': 4, 'gradient_checkpointing': True, 'hub_strategy': 'end', 'learning_rate': 0.0001, 'logging_steps': 1, 'lr_scheduler_type': 'cosine', 'max_grad_norm': 1, 'max_length': 2048, 'max_steps': -1, 'num_train_epochs': 1, 'optim': 'adamw_torch', 'per_device_eval_batch_size': 16, 'per_device_train_batch_size': 16, 'remove_unused_columns': True, 'report_to': 'wandb', 'save_strategy': 'best', 'save_total_limit': 1, 'torch_compile': False, 'warmup_ratio': 0.2, 'weight_decay': 0}",True,,,,1,,False,False,False,,50,1,False,,,,,False,False,,4.56.1,1,False,True,False,False,False,False,False,False,151670,0.2,0,0,finished,9auakwfg,lexqzstc
