problem_idx,math_verify_score,run_id
0,1,d2940rxp
1,1,d2940rxp
2,1,d2940rxp
3,1,d2940rxp
4,1,d2940rxp
5,1,d2940rxp
6,1,d2940rxp
7,1,d2940rxp
8,1,d2940rxp
9,1,d2940rxp
10,1,d2940rxp
11,1,d2940rxp
12,1,d2940rxp
13,1,d2940rxp
14,1,d2940rxp
15,1,d2940rxp
16,1,d2940rxp
17,1,d2940rxp
18,1,d2940rxp
19,1,d2940rxp
20,1,d2940rxp
21,1,d2940rxp
22,1,d2940rxp
23,1,d2940rxp
24,1,d2940rxp
25,1,d2940rxp
26,1,d2940rxp
27,1,d2940rxp
28,1,d2940rxp
29,1,d2940rxp
30,1,d2940rxp
31,1,d2940rxp
32,1,d2940rxp
33,1,d2940rxp
34,1,d2940rxp
35,1,d2940rxp
36,1,d2940rxp
37,1,d2940rxp
38,1,d2940rxp
39,1,d2940rxp
40,1,d2940rxp
41,1,d2940rxp
42,1,d2940rxp
43,1,d2940rxp
44,1,d2940rxp
45,1,d2940rxp
46,1,d2940rxp
47,1,d2940rxp
48,1,d2940rxp
49,1,d2940rxp
50,1,d2940rxp
51,1,d2940rxp
52,1,d2940rxp
53,1,d2940rxp
54,1,d2940rxp
55,1,d2940rxp
56,1,d2940rxp
57,1,d2940rxp
58,1,d2940rxp
59,1,d2940rxp
60,1,d2940rxp
61,1,d2940rxp
62,1,d2940rxp
63,1,d2940rxp
64,1,d2940rxp
65,1,d2940rxp
66,1,d2940rxp
67,1,d2940rxp
68,1,d2940rxp
69,1,d2940rxp
70,1,d2940rxp
71,1,d2940rxp
72,1,d2940rxp
73,1,d2940rxp
74,1,d2940rxp
75,1,d2940rxp
76,1,d2940rxp
77,1,d2940rxp
78,1,d2940rxp
79,1,d2940rxp
80,1,d2940rxp
81,1,d2940rxp
82,1,d2940rxp
83,1,d2940rxp
84,1,d2940rxp
85,1,d2940rxp
86,1,d2940rxp
87,1,d2940rxp
88,1,d2940rxp
89,1,d2940rxp
90,1,d2940rxp
91,1,d2940rxp
92,1,d2940rxp
93,1,d2940rxp
94,1,d2940rxp
95,1,d2940rxp
96,1,d2940rxp
97,1,d2940rxp
98,1,d2940rxp
99,1,d2940rxp
100,1,d2940rxp
101,1,d2940rxp
102,1,d2940rxp
103,1,d2940rxp
104,1,d2940rxp
105,1,d2940rxp
106,1,d2940rxp
107,1,d2940rxp
108,1,d2940rxp
109,1,d2940rxp
110,1,d2940rxp
111,1,d2940rxp
112,1,d2940rxp
113,1,d2940rxp
114,1,d2940rxp
115,1,d2940rxp
116,1,d2940rxp
117,1,d2940rxp
118,1,d2940rxp
119,1,d2940rxp
120,1,d2940rxp
121,1,d2940rxp
122,1,d2940rxp
123,1,d2940rxp
124,1,d2940rxp
125,1,d2940rxp
126,1,d2940rxp
127,1,d2940rxp
128,1,d2940rxp
129,1,d2940rxp
130,1,d2940rxp
131,1,d2940rxp
132,1,d2940rxp
133,1,d2940rxp
134,1,d2940rxp
135,1,d2940rxp
136,1,d2940rxp
137,1,d2940rxp
138,1,d2940rxp
139,1,d2940rxp
140,1,d2940rxp
141,1,d2940rxp
142,1,d2940rxp
143,1,d2940rxp
144,1,d2940rxp
145,1,d2940rxp
146,1,d2940rxp
147,1,d2940rxp
148,1,d2940rxp
149,1,d2940rxp
150,1,d2940rxp
151,1,d2940rxp
152,1,d2940rxp
153,1,d2940rxp
154,1,d2940rxp
155,1,d2940rxp
156,1,d2940rxp
157,1,d2940rxp
158,1,d2940rxp
159,1,d2940rxp
160,1,d2940rxp
161,1,d2940rxp
162,1,d2940rxp
163,1,d2940rxp
164,1,d2940rxp
165,1,d2940rxp
166,1,d2940rxp
167,1,d2940rxp
168,1,d2940rxp
169,1,d2940rxp
170,1,d2940rxp
171,1,d2940rxp
172,1,d2940rxp
173,1,d2940rxp
174,1,d2940rxp
175,1,d2940rxp
176,1,d2940rxp
177,1,d2940rxp
178,1,d2940rxp
179,1,d2940rxp
180,1,d2940rxp
181,1,d2940rxp
182,1,d2940rxp
183,1,d2940rxp
184,1,d2940rxp
185,1,d2940rxp
186,1,d2940rxp
187,1,d2940rxp
188,1,d2940rxp
189,1,d2940rxp
190,1,d2940rxp
191,1,d2940rxp
192,1,d2940rxp
193,1,d2940rxp
194,1,d2940rxp
195,1,d2940rxp
196,1,d2940rxp
197,1,d2940rxp
198,1,d2940rxp
199,1,d2940rxp
200,1,d2940rxp
201,1,d2940rxp
202,1,d2940rxp
203,1,d2940rxp
204,1,d2940rxp
205,1,d2940rxp
206,1,d2940rxp
207,1,d2940rxp
208,1,d2940rxp
209,1,d2940rxp
210,1,d2940rxp
211,1,d2940rxp
212,1,d2940rxp
213,1,d2940rxp
214,1,d2940rxp
215,1,d2940rxp
216,1,d2940rxp
217,1,d2940rxp
218,1,d2940rxp
219,1,d2940rxp
220,1,d2940rxp
221,1,d2940rxp
222,1,d2940rxp
223,1,d2940rxp
224,1,d2940rxp
225,1,d2940rxp
226,1,d2940rxp
227,1,d2940rxp
228,1,d2940rxp
229,1,d2940rxp
230,1,d2940rxp
231,1,d2940rxp
232,1,d2940rxp
233,1,d2940rxp
234,1,d2940rxp
235,1,d2940rxp
236,1,d2940rxp
237,1,d2940rxp
238,1,d2940rxp
239,1,d2940rxp
240,1,d2940rxp
241,1,d2940rxp
242,1,d2940rxp
243,1,d2940rxp
244,1,d2940rxp
245,1,d2940rxp
246,1,d2940rxp
247,1,d2940rxp
248,1,d2940rxp
249,1,d2940rxp
250,1,d2940rxp
251,1,d2940rxp
252,1,d2940rxp
253,1,d2940rxp
254,1,d2940rxp
255,1,d2940rxp
256,1,d2940rxp
257,1,d2940rxp
258,1,d2940rxp
259,1,d2940rxp
260,1,d2940rxp
261,1,d2940rxp
262,1,d2940rxp
263,1,d2940rxp
264,1,d2940rxp
265,1,d2940rxp
266,1,d2940rxp
267,1,d2940rxp
268,1,d2940rxp
269,1,d2940rxp
270,1,d2940rxp
271,1,d2940rxp
272,1,d2940rxp
273,1,d2940rxp
274,1,d2940rxp
275,1,d2940rxp
276,1,d2940rxp
277,1,d2940rxp
278,1,d2940rxp
279,1,d2940rxp
280,1,d2940rxp
281,1,d2940rxp
282,1,d2940rxp
283,1,d2940rxp
284,1,d2940rxp
285,1,d2940rxp
286,1,d2940rxp
287,1,d2940rxp
288,1,d2940rxp
289,1,d2940rxp
290,1,d2940rxp
291,1,d2940rxp
292,1,d2940rxp
293,1,d2940rxp
294,1,d2940rxp
295,1,d2940rxp
296,1,d2940rxp
297,1,d2940rxp
298,1,d2940rxp
299,1,d2940rxp
300,1,d2940rxp
301,1,d2940rxp
302,1,d2940rxp
303,1,d2940rxp
304,1,d2940rxp
305,1,d2940rxp
306,1,d2940rxp
307,1,d2940rxp
308,1,d2940rxp
309,1,d2940rxp
310,1,d2940rxp
311,1,d2940rxp
312,1,d2940rxp
313,1,d2940rxp
314,1,d2940rxp
315,1,d2940rxp
316,1,d2940rxp
317,1,d2940rxp
318,1,d2940rxp
319,1,d2940rxp
320,1,d2940rxp
321,1,d2940rxp
322,1,d2940rxp
323,1,d2940rxp
324,1,d2940rxp
325,1,d2940rxp
326,1,d2940rxp
327,1,d2940rxp
328,1,d2940rxp
329,1,d2940rxp
330,1,d2940rxp
331,1,d2940rxp
332,1,d2940rxp
333,1,d2940rxp
334,1,d2940rxp
335,1,d2940rxp
336,1,d2940rxp
337,1,d2940rxp
338,1,d2940rxp
339,1,d2940rxp
340,1,d2940rxp
341,1,d2940rxp
342,1,d2940rxp
343,1,d2940rxp
344,1,d2940rxp
345,1,d2940rxp
346,1,d2940rxp
347,1,d2940rxp
348,1,d2940rxp
349,1,d2940rxp
350,1,d2940rxp
351,1,d2940rxp
352,1,d2940rxp
353,1,d2940rxp
354,1,d2940rxp
355,1,d2940rxp
356,1,d2940rxp
357,1,d2940rxp
358,1,d2940rxp
359,1,d2940rxp
360,1,d2940rxp
361,1,d2940rxp
362,1,d2940rxp
363,1,d2940rxp
364,1,d2940rxp
365,1,d2940rxp
366,1,d2940rxp
367,1,d2940rxp
368,1,d2940rxp
369,1,d2940rxp
370,1,d2940rxp
371,1,d2940rxp
372,1,d2940rxp
373,1,d2940rxp
374,1,d2940rxp
375,1,d2940rxp
376,1,d2940rxp
377,1,d2940rxp
378,1,d2940rxp
379,1,d2940rxp
380,1,d2940rxp
381,1,d2940rxp
382,1,d2940rxp
383,1,d2940rxp
384,1,d2940rxp
385,1,d2940rxp
386,1,d2940rxp
387,1,d2940rxp
388,1,d2940rxp
389,1,d2940rxp
390,1,d2940rxp
391,1,d2940rxp
392,1,d2940rxp
393,1,d2940rxp
394,1,d2940rxp
395,1,d2940rxp
396,1,d2940rxp
397,1,d2940rxp
398,1,d2940rxp
399,1,d2940rxp
400,1,d2940rxp
401,1,d2940rxp
402,1,d2940rxp
403,1,d2940rxp
404,1,d2940rxp
405,1,d2940rxp
406,1,d2940rxp
407,1,d2940rxp
408,1,d2940rxp
409,1,d2940rxp
410,1,d2940rxp
411,1,d2940rxp
412,1,d2940rxp
413,1,d2940rxp
414,0,d2940rxp
415,1,d2940rxp
416,1,d2940rxp
417,1,d2940rxp
418,1,d2940rxp
419,1,d2940rxp
420,1,d2940rxp
421,1,d2940rxp
422,1,d2940rxp
423,1,d2940rxp
424,1,d2940rxp
425,1,d2940rxp
426,1,d2940rxp
427,1,d2940rxp
428,1,d2940rxp
429,1,d2940rxp
430,1,d2940rxp
431,1,d2940rxp
432,1,d2940rxp
433,1,d2940rxp
434,1,d2940rxp
435,1,d2940rxp
436,1,d2940rxp
437,1,d2940rxp
438,1,d2940rxp
439,1,d2940rxp
440,1,d2940rxp
441,1,d2940rxp
442,1,d2940rxp
443,1,d2940rxp
444,1,d2940rxp
445,1,d2940rxp
446,1,d2940rxp
447,1,d2940rxp
448,1,d2940rxp
449,1,d2940rxp
450,1,d2940rxp
451,1,d2940rxp
452,1,d2940rxp
453,1,d2940rxp
454,1,d2940rxp
455,1,d2940rxp
456,1,d2940rxp
457,1,d2940rxp
458,1,d2940rxp
459,1,d2940rxp
460,1,d2940rxp
461,1,d2940rxp
462,1,d2940rxp
463,1,d2940rxp
464,1,d2940rxp
465,1,d2940rxp
466,1,d2940rxp
467,1,d2940rxp
468,1,d2940rxp
469,1,d2940rxp
470,1,d2940rxp
471,1,d2940rxp
472,1,d2940rxp
473,1,d2940rxp
474,1,d2940rxp
475,1,d2940rxp
476,1,d2940rxp
477,1,d2940rxp
478,1,d2940rxp
479,1,d2940rxp
480,1,d2940rxp
481,1,d2940rxp
482,1,d2940rxp
483,1,d2940rxp
484,1,d2940rxp
485,1,d2940rxp
486,1,d2940rxp
487,1,d2940rxp
488,1,d2940rxp
489,1,d2940rxp
490,1,d2940rxp
491,1,d2940rxp
492,1,d2940rxp
493,1,d2940rxp
494,1,d2940rxp
495,1,d2940rxp
496,1,d2940rxp
497,1,d2940rxp
498,1,d2940rxp
499,1,d2940rxp
500,1,d2940rxp
501,1,d2940rxp
502,1,d2940rxp
503,1,d2940rxp
504,1,d2940rxp
505,1,d2940rxp
506,1,d2940rxp
507,1,d2940rxp
508,1,d2940rxp
509,1,d2940rxp
510,1,d2940rxp
511,1,d2940rxp
512,1,d2940rxp
513,1,d2940rxp
514,1,d2940rxp
515,1,d2940rxp
516,1,d2940rxp
517,1,d2940rxp
518,1,d2940rxp
519,1,d2940rxp
520,1,d2940rxp
521,1,d2940rxp
522,1,d2940rxp
523,1,d2940rxp
524,1,d2940rxp
525,1,d2940rxp
526,1,d2940rxp
527,1,d2940rxp
528,1,d2940rxp
529,1,d2940rxp
530,1,d2940rxp
531,1,d2940rxp
532,1,d2940rxp
533,1,d2940rxp
534,1,d2940rxp
535,1,d2940rxp
536,1,d2940rxp
537,1,d2940rxp
538,1,d2940rxp
539,1,d2940rxp
540,1,d2940rxp
541,1,d2940rxp
542,1,d2940rxp
543,1,d2940rxp
544,1,d2940rxp
545,1,d2940rxp
546,1,d2940rxp
547,1,d2940rxp
548,1,d2940rxp
549,1,d2940rxp
550,1,d2940rxp
551,1,d2940rxp
552,1,d2940rxp
553,1,d2940rxp
554,1,d2940rxp
555,1,d2940rxp
556,1,d2940rxp
557,1,d2940rxp
558,1,d2940rxp
559,1,d2940rxp
560,1,d2940rxp
561,1,d2940rxp
562,1,d2940rxp
563,1,d2940rxp
564,1,d2940rxp
565,1,d2940rxp
566,1,d2940rxp
567,1,d2940rxp
568,1,d2940rxp
569,1,d2940rxp
570,1,d2940rxp
571,1,d2940rxp
572,1,d2940rxp
573,1,d2940rxp
574,1,d2940rxp
575,1,d2940rxp
576,1,d2940rxp
577,1,d2940rxp
578,1,d2940rxp
579,1,d2940rxp
580,1,d2940rxp
581,1,d2940rxp
582,1,d2940rxp
583,1,d2940rxp
584,1,d2940rxp
585,1,d2940rxp
586,1,d2940rxp
587,1,d2940rxp
588,1,d2940rxp
589,1,d2940rxp
590,1,d2940rxp
591,1,d2940rxp
592,1,d2940rxp
593,1,d2940rxp
594,1,d2940rxp
595,1,d2940rxp
596,1,d2940rxp
597,1,d2940rxp
598,1,d2940rxp
599,1,d2940rxp
600,1,d2940rxp
601,1,d2940rxp
602,1,d2940rxp
603,1,d2940rxp
604,1,d2940rxp
605,1,d2940rxp
606,1,d2940rxp
607,1,d2940rxp
608,1,d2940rxp
609,1,d2940rxp
610,1,d2940rxp
611,1,d2940rxp
612,1,d2940rxp
613,1,d2940rxp
614,1,d2940rxp
615,1,d2940rxp
616,1,d2940rxp
617,1,d2940rxp
618,1,d2940rxp
619,1,d2940rxp
620,1,d2940rxp
621,1,d2940rxp
622,1,d2940rxp
623,1,d2940rxp
624,1,d2940rxp
625,1,d2940rxp
626,1,d2940rxp
627,1,d2940rxp
628,1,d2940rxp
629,1,d2940rxp
630,1,d2940rxp
631,1,d2940rxp
632,1,d2940rxp
633,1,d2940rxp
634,1,d2940rxp
635,1,d2940rxp
636,1,d2940rxp
637,1,d2940rxp
638,1,d2940rxp
639,1,d2940rxp
640,1,d2940rxp
641,1,d2940rxp
642,1,d2940rxp
643,1,d2940rxp
644,1,d2940rxp
645,1,d2940rxp
646,1,d2940rxp
647,1,d2940rxp
648,1,d2940rxp
649,1,d2940rxp
650,1,d2940rxp
651,1,d2940rxp
652,1,d2940rxp
653,1,d2940rxp
654,1,d2940rxp
655,1,d2940rxp
656,1,d2940rxp
657,1,d2940rxp
658,1,d2940rxp
659,1,d2940rxp
660,1,d2940rxp
661,1,d2940rxp
662,1,d2940rxp
663,1,d2940rxp
664,1,d2940rxp
665,1,d2940rxp
666,1,d2940rxp
667,1,d2940rxp
668,1,d2940rxp
669,1,d2940rxp
670,1,d2940rxp
671,1,d2940rxp
672,1,d2940rxp
673,1,d2940rxp
674,1,d2940rxp
675,1,d2940rxp
676,1,d2940rxp
677,1,d2940rxp
678,1,d2940rxp
679,1,d2940rxp
680,1,d2940rxp
681,1,d2940rxp
682,1,d2940rxp
683,1,d2940rxp
684,1,d2940rxp
685,1,d2940rxp
686,1,d2940rxp
687,1,d2940rxp
688,1,d2940rxp
689,1,d2940rxp
690,1,d2940rxp
691,1,d2940rxp
692,1,d2940rxp
693,1,d2940rxp
694,1,d2940rxp
695,1,d2940rxp
696,1,d2940rxp
697,1,d2940rxp
698,1,d2940rxp
699,1,d2940rxp
700,1,d2940rxp
701,1,d2940rxp
702,1,d2940rxp
703,1,d2940rxp
704,1,d2940rxp
705,1,d2940rxp
706,1,d2940rxp
707,1,d2940rxp
708,1,d2940rxp
709,1,d2940rxp
710,1,d2940rxp
711,1,d2940rxp
712,1,d2940rxp
713,1,d2940rxp
714,1,d2940rxp
715,1,d2940rxp
716,1,d2940rxp
717,1,d2940rxp
718,1,d2940rxp
719,1,d2940rxp
720,1,d2940rxp
721,1,d2940rxp
722,1,d2940rxp
723,1,d2940rxp
724,1,d2940rxp
725,1,d2940rxp
726,1,d2940rxp
727,1,d2940rxp
728,1,d2940rxp
729,1,d2940rxp
730,1,d2940rxp
731,1,d2940rxp
732,1,d2940rxp
733,1,d2940rxp
734,1,d2940rxp
735,1,d2940rxp
736,1,d2940rxp
737,1,d2940rxp
738,1,d2940rxp
739,1,d2940rxp
740,1,d2940rxp
741,1,d2940rxp
742,1,d2940rxp
743,1,d2940rxp
744,1,d2940rxp
745,1,d2940rxp
746,1,d2940rxp
747,1,d2940rxp
748,1,d2940rxp
749,1,d2940rxp
750,1,d2940rxp
751,1,d2940rxp
752,1,d2940rxp
753,1,d2940rxp
754,1,d2940rxp
755,1,d2940rxp
756,1,d2940rxp
757,1,d2940rxp
758,1,d2940rxp
759,1,d2940rxp
760,1,d2940rxp
761,1,d2940rxp
762,1,d2940rxp
763,1,d2940rxp
764,1,d2940rxp
765,1,d2940rxp
766,1,d2940rxp
767,1,d2940rxp
768,1,d2940rxp
769,1,d2940rxp
770,1,d2940rxp
771,1,d2940rxp
772,1,d2940rxp
773,1,d2940rxp
774,1,d2940rxp
775,1,d2940rxp
776,1,d2940rxp
777,1,d2940rxp
778,1,d2940rxp
779,1,d2940rxp
780,1,d2940rxp
781,1,d2940rxp
782,1,d2940rxp
783,1,d2940rxp
784,1,d2940rxp
785,1,d2940rxp
786,1,d2940rxp
787,1,d2940rxp
788,1,d2940rxp
789,1,d2940rxp
790,1,d2940rxp
791,1,d2940rxp
792,1,d2940rxp
793,1,d2940rxp
794,1,d2940rxp
795,1,d2940rxp
796,1,d2940rxp
797,1,d2940rxp
798,1,d2940rxp
799,1,d2940rxp
800,1,d2940rxp
801,1,d2940rxp
802,1,d2940rxp
803,1,d2940rxp
804,1,d2940rxp
805,1,d2940rxp
806,1,d2940rxp
807,1,d2940rxp
808,1,d2940rxp
809,1,d2940rxp
810,1,d2940rxp
811,1,d2940rxp
812,1,d2940rxp
813,1,d2940rxp
814,1,d2940rxp
815,1,d2940rxp
816,1,d2940rxp
817,1,d2940rxp
818,1,d2940rxp
819,1,d2940rxp
820,1,d2940rxp
821,1,d2940rxp
822,1,d2940rxp
823,1,d2940rxp
824,1,d2940rxp
825,1,d2940rxp
826,1,d2940rxp
827,1,d2940rxp
828,1,d2940rxp
829,1,d2940rxp
830,1,d2940rxp
831,1,d2940rxp
832,1,d2940rxp
833,1,d2940rxp
834,1,d2940rxp
835,1,d2940rxp
836,1,d2940rxp
837,1,d2940rxp
838,1,d2940rxp
839,1,d2940rxp
840,1,d2940rxp
841,1,d2940rxp
842,1,d2940rxp
843,1,d2940rxp
844,1,d2940rxp
845,1,d2940rxp
846,1,d2940rxp
847,1,d2940rxp
848,1,d2940rxp
849,1,d2940rxp
850,1,d2940rxp
851,1,d2940rxp
852,1,d2940rxp
853,1,d2940rxp
854,1,d2940rxp
855,1,d2940rxp
856,1,d2940rxp
857,1,d2940rxp
858,1,d2940rxp
859,1,d2940rxp
860,1,d2940rxp
861,1,d2940rxp
862,1,d2940rxp
863,1,d2940rxp
864,1,d2940rxp
865,1,d2940rxp
866,1,d2940rxp
867,1,d2940rxp
868,1,d2940rxp
869,1,d2940rxp
870,1,d2940rxp
871,1,d2940rxp
872,1,d2940rxp
873,1,d2940rxp
874,1,d2940rxp
875,1,d2940rxp
876,1,d2940rxp
877,1,d2940rxp
878,1,d2940rxp
879,1,d2940rxp
880,1,d2940rxp
881,1,d2940rxp
882,1,d2940rxp
883,1,d2940rxp
884,1,d2940rxp
885,1,d2940rxp
886,1,d2940rxp
887,1,d2940rxp
888,1,d2940rxp
889,1,d2940rxp
890,1,d2940rxp
891,1,d2940rxp
892,1,d2940rxp
893,1,d2940rxp
894,1,d2940rxp
895,1,d2940rxp
896,1,d2940rxp
897,1,d2940rxp
898,1,d2940rxp
899,1,d2940rxp
900,1,d2940rxp
901,1,d2940rxp
902,1,d2940rxp
903,1,d2940rxp
904,1,d2940rxp
905,1,d2940rxp
906,1,d2940rxp
907,1,d2940rxp
908,1,d2940rxp
909,1,d2940rxp
910,1,d2940rxp
911,1,d2940rxp
912,1,d2940rxp
913,1,d2940rxp
914,1,d2940rxp
915,1,d2940rxp
916,1,d2940rxp
917,1,d2940rxp
918,1,d2940rxp
919,1,d2940rxp
920,1,d2940rxp
921,1,d2940rxp
922,1,d2940rxp
923,1,d2940rxp
924,1,d2940rxp
925,1,d2940rxp
926,1,d2940rxp
927,1,d2940rxp
928,1,d2940rxp
929,1,d2940rxp
930,1,d2940rxp
931,1,d2940rxp
932,1,d2940rxp
933,1,d2940rxp
934,1,d2940rxp
935,1,d2940rxp
936,1,d2940rxp
937,1,d2940rxp
938,1,d2940rxp
939,1,d2940rxp
940,1,d2940rxp
941,1,d2940rxp
942,1,d2940rxp
943,1,d2940rxp
944,1,d2940rxp
945,1,d2940rxp
946,1,d2940rxp
947,1,d2940rxp
948,1,d2940rxp
949,1,d2940rxp
950,1,d2940rxp
951,1,d2940rxp
952,1,d2940rxp
953,1,d2940rxp
954,1,d2940rxp
955,1,d2940rxp
956,1,d2940rxp
957,1,d2940rxp
958,1,d2940rxp
959,1,d2940rxp
960,1,d2940rxp
961,1,d2940rxp
962,1,d2940rxp
963,1,d2940rxp
964,1,d2940rxp
965,1,d2940rxp
966,1,d2940rxp
967,1,d2940rxp
968,1,d2940rxp
969,1,d2940rxp
970,1,d2940rxp
971,1,d2940rxp
972,1,d2940rxp
973,1,d2940rxp
974,1,d2940rxp
975,1,d2940rxp
976,1,d2940rxp
977,1,d2940rxp
978,1,d2940rxp
979,1,d2940rxp
980,1,d2940rxp
981,1,d2940rxp
982,1,d2940rxp
983,1,d2940rxp
984,1,d2940rxp
985,1,d2940rxp
986,1,d2940rxp
987,1,d2940rxp
988,1,d2940rxp
989,1,d2940rxp
990,1,d2940rxp
991,1,d2940rxp
992,1,d2940rxp
993,1,d2940rxp
994,1,d2940rxp
995,1,d2940rxp
996,1,d2940rxp
997,1,d2940rxp
998,1,d2940rxp
999,1,d2940rxp
999,1,d2940rxp
1000,1,d2940rxp
1001,1,d2940rxp
1002,1,d2940rxp
1003,1,d2940rxp
1004,1,d2940rxp
1005,1,d2940rxp
1006,1,d2940rxp
1007,1,d2940rxp
1008,1,d2940rxp
1009,1,d2940rxp
1010,1,d2940rxp
1011,1,d2940rxp
1012,1,d2940rxp
1013,1,d2940rxp
1014,1,d2940rxp
1015,1,d2940rxp
1016,1,d2940rxp
1017,1,d2940rxp
1018,1,d2940rxp
1019,1,d2940rxp
1020,1,d2940rxp
1021,1,d2940rxp
1022,1,d2940rxp
1023,1,d2940rxp
1024,1,d2940rxp
1025,1,d2940rxp
1026,1,d2940rxp
1027,1,d2940rxp
1028,1,d2940rxp
1029,1,d2940rxp
1030,1,d2940rxp
1031,1,d2940rxp
1032,1,d2940rxp
1033,1,d2940rxp
1034,1,d2940rxp
1035,1,d2940rxp
1036,1,d2940rxp
1037,1,d2940rxp
1038,1,d2940rxp
1039,1,d2940rxp
1040,1,d2940rxp
1041,1,d2940rxp
1042,1,d2940rxp
1043,1,d2940rxp
1044,1,d2940rxp
1045,1,d2940rxp
1046,1,d2940rxp
1047,1,d2940rxp
1048,1,d2940rxp
1049,1,d2940rxp
1050,1,d2940rxp
1051,1,d2940rxp
1052,1,d2940rxp
1053,1,d2940rxp
1054,1,d2940rxp
1055,1,d2940rxp
1056,1,d2940rxp
1057,1,d2940rxp
1058,1,d2940rxp
1059,1,d2940rxp
1060,1,d2940rxp
1061,1,d2940rxp
1062,1,d2940rxp
1063,1,d2940rxp
1064,1,d2940rxp
1065,1,d2940rxp
1066,1,d2940rxp
1067,1,d2940rxp
1068,1,d2940rxp
1069,1,d2940rxp
1070,1,d2940rxp
1071,1,d2940rxp
1072,1,d2940rxp
1073,1,d2940rxp
1074,1,d2940rxp
1075,1,d2940rxp
1076,1,d2940rxp
1077,1,d2940rxp
1078,1,d2940rxp
1079,1,d2940rxp
1080,1,d2940rxp
1081,1,d2940rxp
1082,1,d2940rxp
1083,1,d2940rxp
1084,1,d2940rxp
1085,1,d2940rxp
1086,1,d2940rxp
1087,1,d2940rxp
1088,1,d2940rxp
1089,1,d2940rxp
1090,1,d2940rxp
1091,1,d2940rxp
1092,1,d2940rxp
1093,1,d2940rxp
1094,1,d2940rxp
1095,1,d2940rxp
1096,1,d2940rxp
1097,1,d2940rxp
1098,1,d2940rxp
1099,1,d2940rxp
1100,1,d2940rxp
1101,1,d2940rxp
1102,1,d2940rxp
1103,1,d2940rxp
1104,1,d2940rxp
1105,1,d2940rxp
1106,1,d2940rxp
1107,1,d2940rxp
1108,1,d2940rxp
1109,1,d2940rxp
1110,1,d2940rxp
1111,1,d2940rxp
1112,1,d2940rxp
1113,1,d2940rxp
1114,1,d2940rxp
1115,1,d2940rxp
1116,1,d2940rxp
1117,1,d2940rxp
1118,1,d2940rxp
1119,1,d2940rxp
1120,1,d2940rxp
1121,1,d2940rxp
1122,1,d2940rxp
1123,1,d2940rxp
1124,1,d2940rxp
1125,1,d2940rxp
1126,1,d2940rxp
1127,1,d2940rxp
1128,1,d2940rxp
1129,1,d2940rxp
1130,1,d2940rxp
1131,1,d2940rxp
1132,1,d2940rxp
1133,1,d2940rxp
1134,1,d2940rxp
1135,1,d2940rxp
1136,1,d2940rxp
1137,1,d2940rxp
1138,1,d2940rxp
1139,1,d2940rxp
1140,1,d2940rxp
1141,1,d2940rxp
1142,1,d2940rxp
1143,1,d2940rxp
1144,1,d2940rxp
1145,1,d2940rxp
1146,1,d2940rxp
1147,1,d2940rxp
1148,1,d2940rxp
1149,1,d2940rxp
1150,1,d2940rxp
1151,1,d2940rxp
1152,1,d2940rxp
1153,1,d2940rxp
1154,1,d2940rxp
1155,1,d2940rxp
1156,1,d2940rxp
1157,1,d2940rxp
1158,1,d2940rxp
1159,1,d2940rxp
1160,1,d2940rxp
1161,1,d2940rxp
1162,1,d2940rxp
1163,1,d2940rxp
1164,1,d2940rxp
1165,1,d2940rxp
1166,1,d2940rxp
1167,1,d2940rxp
1168,1,d2940rxp
1169,1,d2940rxp
1170,1,d2940rxp
1171,1,d2940rxp
1172,1,d2940rxp
1173,1,d2940rxp
1174,1,d2940rxp
1175,1,d2940rxp
1176,1,d2940rxp
1177,1,d2940rxp
1178,1,d2940rxp
1179,1,d2940rxp
1180,1,d2940rxp
1181,1,d2940rxp
1182,1,d2940rxp
1183,1,d2940rxp
1184,1,d2940rxp
1185,1,d2940rxp
1186,1,d2940rxp
1187,1,d2940rxp
1188,1,d2940rxp
1189,1,d2940rxp
1190,1,d2940rxp
1191,1,d2940rxp
1192,1,d2940rxp
1193,1,d2940rxp
1194,1,d2940rxp
1195,1,d2940rxp
1196,1,d2940rxp
1197,1,d2940rxp
1198,1,d2940rxp
1199,1,d2940rxp
1200,1,d2940rxp
1201,1,d2940rxp
1202,1,d2940rxp
1203,1,d2940rxp
1204,1,d2940rxp
1205,1,d2940rxp
1206,1,d2940rxp
1207,1,d2940rxp
1208,1,d2940rxp
1209,1,d2940rxp
1210,1,d2940rxp
1211,1,d2940rxp
1212,1,d2940rxp
1213,1,d2940rxp
1214,1,d2940rxp
1215,1,d2940rxp
1216,1,d2940rxp
1217,1,d2940rxp
1218,1,d2940rxp
1219,1,d2940rxp
1220,1,d2940rxp
1221,1,d2940rxp
1222,1,d2940rxp
1223,1,d2940rxp
1224,1,d2940rxp
1225,1,d2940rxp
1226,1,d2940rxp
1227,1,d2940rxp
1228,1,d2940rxp
1229,1,d2940rxp
1230,1,d2940rxp
1231,1,d2940rxp
1232,1,d2940rxp
1233,1,d2940rxp
1234,1,d2940rxp
1235,1,d2940rxp
1236,1,d2940rxp
1237,1,d2940rxp
1238,1,d2940rxp
1239,1,d2940rxp
1240,1,d2940rxp
1241,1,d2940rxp
1242,1,d2940rxp
1243,1,d2940rxp
1244,1,d2940rxp
1245,1,d2940rxp
1246,1,d2940rxp
1247,1,d2940rxp
1248,1,d2940rxp
1249,1,d2940rxp
1250,1,d2940rxp
1251,1,d2940rxp
1252,1,d2940rxp
1253,1,d2940rxp
1254,1,d2940rxp
1255,1,d2940rxp
1256,1,d2940rxp
1257,1,d2940rxp
1258,1,d2940rxp
1259,1,d2940rxp
1260,1,d2940rxp
1261,1,d2940rxp
1262,1,d2940rxp
1263,1,d2940rxp
1264,1,d2940rxp
1265,1,d2940rxp
1266,1,d2940rxp
1267,1,d2940rxp
1268,1,d2940rxp
1269,1,d2940rxp
1270,1,d2940rxp
1271,1,d2940rxp
1272,1,d2940rxp
1273,1,d2940rxp
1274,1,d2940rxp
1275,1,d2940rxp
1276,1,d2940rxp
1277,1,d2940rxp
1278,1,d2940rxp
1279,1,d2940rxp
1280,1,d2940rxp
1281,1,d2940rxp
1282,1,d2940rxp
1283,1,d2940rxp
1284,1,d2940rxp
1285,1,d2940rxp
1286,1,d2940rxp
1287,1,d2940rxp
1288,1,d2940rxp
1289,1,d2940rxp
1290,1,d2940rxp
1291,1,d2940rxp
1292,1,d2940rxp
1293,1,d2940rxp
1294,1,d2940rxp
1295,1,d2940rxp
1296,1,d2940rxp
1297,1,d2940rxp
1298,1,d2940rxp
1299,1,d2940rxp
1300,1,d2940rxp
1301,1,d2940rxp
1302,1,d2940rxp
1303,1,d2940rxp
1304,1,d2940rxp
1305,1,d2940rxp
1306,1,d2940rxp
1307,1,d2940rxp
1308,1,d2940rxp
1309,1,d2940rxp
1310,1,d2940rxp
1311,1,d2940rxp
1312,1,d2940rxp
1313,1,d2940rxp
1314,1,d2940rxp
1315,1,d2940rxp
1316,1,d2940rxp
1317,1,d2940rxp
1318,1,d2940rxp
1319,1,d2940rxp
1320,1,d2940rxp
1321,1,d2940rxp
1322,1,d2940rxp
1323,1,d2940rxp
1324,1,d2940rxp
1325,1,d2940rxp
1326,1,d2940rxp
1327,1,d2940rxp
1328,1,d2940rxp
1329,1,d2940rxp
1330,1,d2940rxp
1331,1,d2940rxp
1332,1,d2940rxp
1333,1,d2940rxp
1334,1,d2940rxp
1335,1,d2940rxp
1336,1,d2940rxp
1337,1,d2940rxp
1338,1,d2940rxp
1339,1,d2940rxp
1340,1,d2940rxp
1341,1,d2940rxp
1342,1,d2940rxp
1343,1,d2940rxp
1344,1,d2940rxp
1345,1,d2940rxp
1346,1,d2940rxp
1347,1,d2940rxp
1348,1,d2940rxp
1349,1,d2940rxp
1350,1,d2940rxp
1351,1,d2940rxp
1352,1,d2940rxp
1353,1,d2940rxp
1354,1,d2940rxp
1355,1,d2940rxp
1356,1,d2940rxp
1357,1,d2940rxp
1358,1,d2940rxp
1359,1,d2940rxp
1360,1,d2940rxp
1361,1,d2940rxp
1362,1,d2940rxp
1363,1,d2940rxp
1364,1,d2940rxp
1365,1,d2940rxp
1366,1,d2940rxp
1367,1,d2940rxp
1368,1,d2940rxp
1369,1,d2940rxp
1370,1,d2940rxp
1371,1,d2940rxp
1372,1,d2940rxp
1373,1,d2940rxp
1374,1,d2940rxp
1375,1,d2940rxp
1376,1,d2940rxp
1377,1,d2940rxp
1378,1,d2940rxp
1379,1,d2940rxp
1380,1,d2940rxp
1381,1,d2940rxp
1382,1,d2940rxp
1383,1,d2940rxp
1384,1,d2940rxp
1385,1,d2940rxp
1386,1,d2940rxp
1387,1,d2940rxp
1388,1,d2940rxp
1389,1,d2940rxp
1390,1,d2940rxp
1391,1,d2940rxp
1392,1,d2940rxp
1393,1,d2940rxp
1394,1,d2940rxp
1395,1,d2940rxp
1396,1,d2940rxp
1397,1,d2940rxp
1398,1,d2940rxp
1399,1,d2940rxp
1400,1,d2940rxp
1401,1,d2940rxp
1402,1,d2940rxp
1403,1,d2940rxp
1404,1,d2940rxp
1405,1,d2940rxp
1406,1,d2940rxp
1407,1,d2940rxp
1408,1,d2940rxp
1409,1,d2940rxp
1410,1,d2940rxp
1411,1,d2940rxp
1412,1,d2940rxp
1413,1,d2940rxp
1414,1,d2940rxp
1415,1,d2940rxp
1416,1,d2940rxp
1417,1,d2940rxp
1418,1,d2940rxp
1419,1,d2940rxp
1420,1,d2940rxp
1421,1,d2940rxp
1422,1,d2940rxp
1423,1,d2940rxp
1424,1,d2940rxp
1425,1,d2940rxp
1426,1,d2940rxp
1427,1,d2940rxp
1428,1,d2940rxp
1429,1,d2940rxp
1430,1,d2940rxp
1431,1,d2940rxp
1432,1,d2940rxp
1433,1,d2940rxp
1434,1,d2940rxp
1435,1,d2940rxp
1436,1,d2940rxp
1437,1,d2940rxp
1438,1,d2940rxp
1439,1,d2940rxp
1440,1,d2940rxp
1441,1,d2940rxp
1442,1,d2940rxp
1443,1,d2940rxp
1444,1,d2940rxp
1445,1,d2940rxp
1446,1,d2940rxp
1447,1,d2940rxp
1448,1,d2940rxp
1449,1,d2940rxp
1450,1,d2940rxp
1451,1,d2940rxp
1452,1,d2940rxp
1453,1,d2940rxp
1454,1,d2940rxp
1455,1,d2940rxp
1456,1,d2940rxp
1457,1,d2940rxp
1458,1,d2940rxp
1459,1,d2940rxp
1460,1,d2940rxp
1461,1,d2940rxp
1462,1,d2940rxp
1463,1,d2940rxp
1464,1,d2940rxp
1465,1,d2940rxp
1466,1,d2940rxp
1467,1,d2940rxp
1468,1,d2940rxp
1469,1,d2940rxp
1470,1,d2940rxp
1471,1,d2940rxp
1472,1,d2940rxp
1473,1,d2940rxp
1474,1,d2940rxp
1475,1,d2940rxp
1476,1,d2940rxp
1477,1,d2940rxp
1478,1,d2940rxp
1479,1,d2940rxp
1480,1,d2940rxp
1481,1,d2940rxp
1482,1,d2940rxp
1483,1,d2940rxp
1484,1,d2940rxp
1485,1,d2940rxp
1486,1,d2940rxp
1487,1,d2940rxp
1488,1,d2940rxp
1489,1,d2940rxp
1490,1,d2940rxp
1491,1,d2940rxp
1492,1,d2940rxp
1493,1,d2940rxp
1494,1,d2940rxp
1495,1,d2940rxp
1496,1,d2940rxp
1497,1,d2940rxp
1498,1,d2940rxp
1499,1,d2940rxp
1500,1,d2940rxp
1501,1,d2940rxp
1502,1,d2940rxp
1503,1,d2940rxp
1504,1,d2940rxp
1505,1,d2940rxp
1506,1,d2940rxp
1507,1,d2940rxp
1508,1,d2940rxp
1509,1,d2940rxp
1510,1,d2940rxp
1511,1,d2940rxp
1512,1,d2940rxp
1513,1,d2940rxp
1514,1,d2940rxp
1515,1,d2940rxp
1516,1,d2940rxp
1517,1,d2940rxp
1518,1,d2940rxp
1519,1,d2940rxp
1520,1,d2940rxp
1521,1,d2940rxp
1522,1,d2940rxp
1523,1,d2940rxp
1524,1,d2940rxp
1525,1,d2940rxp
1526,1,d2940rxp
1527,1,d2940rxp
1528,1,d2940rxp
1529,1,d2940rxp
1530,1,d2940rxp
1531,1,d2940rxp
1532,1,d2940rxp
1533,1,d2940rxp
1534,1,d2940rxp
1535,1,d2940rxp
1536,1,d2940rxp
1537,1,d2940rxp
1538,1,d2940rxp
1539,1,d2940rxp
1540,1,d2940rxp
1541,1,d2940rxp
1542,1,d2940rxp
1543,1,d2940rxp
1544,1,d2940rxp
1545,1,d2940rxp
1546,1,d2940rxp
1547,1,d2940rxp
1548,1,d2940rxp
1549,1,d2940rxp
1550,1,d2940rxp
1551,1,d2940rxp
1552,1,d2940rxp
1553,1,d2940rxp
1554,1,d2940rxp
1555,1,d2940rxp
1556,1,d2940rxp
1557,1,d2940rxp
1558,1,d2940rxp
1559,1,d2940rxp
1560,1,d2940rxp
1561,1,d2940rxp
1562,1,d2940rxp
1563,1,d2940rxp
1564,1,d2940rxp
1565,1,d2940rxp
1566,1,d2940rxp
1567,1,d2940rxp
1568,1,d2940rxp
1569,1,d2940rxp
1570,1,d2940rxp
1571,1,d2940rxp
1572,1,d2940rxp
1573,1,d2940rxp
1574,1,d2940rxp
1575,1,d2940rxp
1576,1,d2940rxp
1577,1,d2940rxp
1578,1,d2940rxp
1579,1,d2940rxp
1580,1,d2940rxp
1581,1,d2940rxp
1582,1,d2940rxp
1583,1,d2940rxp
1584,1,d2940rxp
1585,1,d2940rxp
1586,1,d2940rxp
1587,1,d2940rxp
1588,1,d2940rxp
1589,1,d2940rxp
1590,1,d2940rxp
1591,1,d2940rxp
1592,1,d2940rxp
1593,1,d2940rxp
1594,1,d2940rxp
1595,1,d2940rxp
1596,1,d2940rxp
1597,1,d2940rxp
1598,1,d2940rxp
1599,1,d2940rxp
1600,1,d2940rxp
1601,1,d2940rxp
1602,1,d2940rxp
1603,1,d2940rxp
1604,1,d2940rxp
1605,1,d2940rxp
1606,1,d2940rxp
1607,1,d2940rxp
1608,1,d2940rxp
1609,1,d2940rxp
1610,1,d2940rxp
1611,1,d2940rxp
1612,1,d2940rxp
1613,1,d2940rxp
1614,1,d2940rxp
1615,1,d2940rxp
1616,1,d2940rxp
1617,1,d2940rxp
1618,1,d2940rxp
1619,1,d2940rxp
1620,1,d2940rxp
1621,1,d2940rxp
1622,1,d2940rxp
1623,1,d2940rxp
1624,1,d2940rxp
1625,1,d2940rxp
1626,1,d2940rxp
1627,1,d2940rxp
1628,1,d2940rxp
1629,1,d2940rxp
1630,1,d2940rxp
1631,1,d2940rxp
1632,1,d2940rxp
1633,1,d2940rxp
1634,1,d2940rxp
1635,1,d2940rxp
1636,1,d2940rxp
1637,1,d2940rxp
1638,1,d2940rxp
1639,1,d2940rxp
1640,1,d2940rxp
1641,1,d2940rxp
1642,1,d2940rxp
1643,1,d2940rxp
1644,1,d2940rxp
1645,1,d2940rxp
1646,1,d2940rxp
1647,1,d2940rxp
1648,1,d2940rxp
1649,1,d2940rxp
1650,1,d2940rxp
1651,1,d2940rxp
1652,1,d2940rxp
1653,1,d2940rxp
1654,1,d2940rxp
1655,1,d2940rxp
1656,1,d2940rxp
1657,1,d2940rxp
1658,1,d2940rxp
1659,1,d2940rxp
1660,1,d2940rxp
1661,1,d2940rxp
1662,1,d2940rxp
1663,1,d2940rxp
1664,1,d2940rxp
1665,1,d2940rxp
1666,1,d2940rxp
1668,1,d2940rxp
1669,1,d2940rxp
1670,1,d2940rxp
1671,1,d2940rxp
1672,1,d2940rxp
1673,1,d2940rxp
1674,1,d2940rxp
1675,1,d2940rxp
1676,1,d2940rxp
1677,1,d2940rxp
1678,1,d2940rxp
1679,1,d2940rxp
1680,1,d2940rxp
1681,1,d2940rxp
1682,1,d2940rxp
1683,1,d2940rxp
1684,1,d2940rxp
1685,1,d2940rxp
1686,1,d2940rxp
1687,1,d2940rxp
1688,1,d2940rxp
1689,1,d2940rxp
1690,1,d2940rxp
1691,1,d2940rxp
1692,1,d2940rxp
1693,1,d2940rxp
1694,1,d2940rxp
1695,1,d2940rxp
1696,1,d2940rxp
1697,1,d2940rxp
1698,1,d2940rxp
1699,1,d2940rxp
1700,1,d2940rxp
1701,1,d2940rxp
1702,1,d2940rxp
1703,1,d2940rxp
1704,1,d2940rxp
1705,1,d2940rxp
1706,1,d2940rxp
1707,1,d2940rxp
1708,1,d2940rxp
1709,1,d2940rxp
1710,1,d2940rxp
1711,1,d2940rxp
1712,1,d2940rxp
1713,1,d2940rxp
1714,1,d2940rxp
1715,1,d2940rxp
1716,1,d2940rxp
1717,1,d2940rxp
1718,1,d2940rxp
1719,1,d2940rxp
1720,1,d2940rxp
1721,1,d2940rxp
1722,1,d2940rxp
1723,1,d2940rxp
1724,1,d2940rxp
1725,1,d2940rxp
1726,1,d2940rxp
1727,1,d2940rxp
1728,1,d2940rxp
1729,1,d2940rxp
1730,1,d2940rxp
1731,1,d2940rxp
1732,1,d2940rxp
1733,1,d2940rxp
1734,1,d2940rxp
1735,1,d2940rxp
1736,1,d2940rxp
1737,1,d2940rxp
1738,1,d2940rxp
1739,1,d2940rxp
1740,1,d2940rxp
1741,1,d2940rxp
1742,1,d2940rxp
1743,1,d2940rxp
1744,1,d2940rxp
1745,1,d2940rxp
1746,1,d2940rxp
1747,1,d2940rxp
1748,1,d2940rxp
1749,1,d2940rxp
1750,1,d2940rxp
1751,1,d2940rxp
1752,1,d2940rxp
1753,1,d2940rxp
1754,1,d2940rxp
1755,1,d2940rxp
1756,1,d2940rxp
1757,1,d2940rxp
1758,1,d2940rxp
1759,1,d2940rxp
1760,1,d2940rxp
1761,1,d2940rxp
1762,1,d2940rxp
1763,1,d2940rxp
1764,1,d2940rxp
1765,1,d2940rxp
1766,1,d2940rxp
1767,1,d2940rxp
1768,1,d2940rxp
1769,1,d2940rxp
1770,1,d2940rxp
1771,1,d2940rxp
1772,1,d2940rxp
1773,1,d2940rxp
1774,1,d2940rxp
1775,1,d2940rxp
1776,1,d2940rxp
1777,1,d2940rxp
1778,1,d2940rxp
1779,1,d2940rxp
1780,1,d2940rxp
1781,1,d2940rxp
1782,1,d2940rxp
1783,1,d2940rxp
1784,1,d2940rxp
1785,1,d2940rxp
1786,1,d2940rxp
1787,1,d2940rxp
1788,1,d2940rxp
1789,1,d2940rxp
1790,1,d2940rxp
1791,1,d2940rxp
1792,1,d2940rxp
1793,1,d2940rxp
1794,1,d2940rxp
1795,1,d2940rxp
1796,1,d2940rxp
1797,1,d2940rxp
1798,1,d2940rxp
1799,1,d2940rxp
1800,1,d2940rxp
1801,1,d2940rxp
1802,1,d2940rxp
1803,1,d2940rxp
1804,1,d2940rxp
1805,1,d2940rxp
1806,1,d2940rxp
1807,1,d2940rxp
1808,1,d2940rxp
1809,1,d2940rxp
1810,1,d2940rxp
1811,1,d2940rxp
1812,1,d2940rxp
1813,1,d2940rxp
1814,1,d2940rxp
1815,1,d2940rxp
1816,1,d2940rxp
1817,1,d2940rxp
1818,1,d2940rxp
1819,1,d2940rxp
1820,1,d2940rxp
1821,1,d2940rxp
1822,1,d2940rxp
1823,1,d2940rxp
1824,1,d2940rxp
1825,1,d2940rxp
1826,1,d2940rxp
1827,1,d2940rxp
1828,1,d2940rxp
1829,1,d2940rxp
1830,1,d2940rxp
1831,1,d2940rxp
1832,1,d2940rxp
1833,1,d2940rxp
1834,1,d2940rxp
1835,1,d2940rxp
1836,1,d2940rxp
1837,1,d2940rxp
1838,1,d2940rxp
1839,1,d2940rxp
1840,1,d2940rxp
1841,1,d2940rxp
1842,1,d2940rxp
1843,1,d2940rxp
1844,1,d2940rxp
1845,1,d2940rxp
1846,1,d2940rxp
1847,1,d2940rxp
1848,1,d2940rxp
1849,1,d2940rxp
1850,1,d2940rxp
1851,1,d2940rxp
1852,1,d2940rxp
1853,1,d2940rxp
1854,1,d2940rxp
1855,1,d2940rxp
1856,1,d2940rxp
1857,1,d2940rxp
1858,1,d2940rxp
1859,1,d2940rxp
1860,1,d2940rxp
1861,1,d2940rxp
1862,1,d2940rxp
1863,1,d2940rxp
1864,1,d2940rxp
1865,1,d2940rxp
1866,1,d2940rxp
1867,1,d2940rxp
1868,1,d2940rxp
1869,1,d2940rxp
1870,1,d2940rxp
1871,1,d2940rxp
1872,1,d2940rxp
1873,1,d2940rxp
1874,1,d2940rxp
1875,1,d2940rxp
1876,1,d2940rxp
1877,1,d2940rxp
1878,1,d2940rxp
1879,1,d2940rxp
1880,1,d2940rxp
1881,1,d2940rxp
1882,1,d2940rxp
1883,1,d2940rxp
1884,1,d2940rxp
1885,1,d2940rxp
1886,1,d2940rxp
1887,1,d2940rxp
1888,1,d2940rxp
1889,1,d2940rxp
1890,1,d2940rxp
1891,1,d2940rxp
1892,1,d2940rxp
1893,1,d2940rxp
1894,1,d2940rxp
1895,1,d2940rxp
1896,1,d2940rxp
1897,1,d2940rxp
1898,1,d2940rxp
1899,1,d2940rxp
1900,1,d2940rxp
1901,1,d2940rxp
1902,1,d2940rxp
1903,1,d2940rxp
1904,1,d2940rxp
1905,1,d2940rxp
1906,1,d2940rxp
1907,1,d2940rxp
1908,1,d2940rxp
1909,1,d2940rxp
1910,1,d2940rxp
1911,1,d2940rxp
1912,1,d2940rxp
1913,1,d2940rxp
1914,1,d2940rxp
1915,1,d2940rxp
1916,1,d2940rxp
1917,1,d2940rxp
1918,1,d2940rxp
1919,1,d2940rxp
1920,1,d2940rxp
1921,1,d2940rxp
1922,1,d2940rxp
1923,1,d2940rxp
1924,1,d2940rxp
1925,1,d2940rxp
1926,1,d2940rxp
1927,1,d2940rxp
1928,1,d2940rxp
1929,1,d2940rxp
1930,1,d2940rxp
1931,1,d2940rxp
1932,1,d2940rxp
1933,1,d2940rxp
1934,1,d2940rxp
1935,1,d2940rxp
1936,1,d2940rxp
1937,1,d2940rxp
1938,1,d2940rxp
1939,1,d2940rxp
1940,1,d2940rxp
1941,1,d2940rxp
1942,1,d2940rxp
1943,1,d2940rxp
1944,1,d2940rxp
1945,1,d2940rxp
1946,1,d2940rxp
1947,1,d2940rxp
1948,1,d2940rxp
1949,1,d2940rxp
1950,1,d2940rxp
1951,1,d2940rxp
1952,1,d2940rxp
1953,1,d2940rxp
1954,1,d2940rxp
1955,1,d2940rxp
1956,1,d2940rxp
1957,1,d2940rxp
1958,1,d2940rxp
1959,1,d2940rxp
1960,1,d2940rxp
1961,1,d2940rxp
1962,1,d2940rxp
1963,1,d2940rxp
1964,1,d2940rxp
1965,1,d2940rxp
1966,1,d2940rxp
1967,1,d2940rxp
1968,1,d2940rxp
1969,1,d2940rxp
1970,1,d2940rxp
1971,1,d2940rxp
1972,1,d2940rxp
1973,1,d2940rxp
1974,1,d2940rxp
1975,1,d2940rxp
1976,1,d2940rxp
1977,1,d2940rxp
1978,1,d2940rxp
1979,1,d2940rxp
1980,1,d2940rxp
1981,1,d2940rxp
1982,1,d2940rxp
1983,1,d2940rxp
1984,1,d2940rxp
1985,1,d2940rxp
1986,1,d2940rxp
1987,1,d2940rxp
1988,1,d2940rxp
1989,1,d2940rxp
1990,1,d2940rxp
1991,1,d2940rxp
1992,1,d2940rxp
1993,1,d2940rxp
1994,1,d2940rxp
1995,1,d2940rxp
1996,1,d2940rxp
1997,1,d2940rxp
1998,1,d2940rxp
1999,1,d2940rxp
1999,1,d2940rxp
2000,1,d2940rxp
2001,1,d2940rxp
2002,1,d2940rxp
2003,1,d2940rxp
2004,1,d2940rxp
2005,1,d2940rxp
2006,1,d2940rxp
2007,1,d2940rxp
2008,1,d2940rxp
2009,1,d2940rxp
2010,1,d2940rxp
2011,1,d2940rxp
2012,1,d2940rxp
2013,1,d2940rxp
2014,1,d2940rxp
2015,1,d2940rxp
2016,1,d2940rxp
2017,1,d2940rxp
2018,1,d2940rxp
2019,1,d2940rxp
2020,1,d2940rxp
2021,1,d2940rxp
2022,1,d2940rxp
2023,1,d2940rxp
2024,1,d2940rxp
2025,1,d2940rxp
2026,1,d2940rxp
2027,1,d2940rxp
2028,1,d2940rxp
2029,1,d2940rxp
2030,1,d2940rxp
2031,1,d2940rxp
2032,1,d2940rxp
2033,1,d2940rxp
2034,1,d2940rxp
2035,1,d2940rxp
2036,1,d2940rxp
2037,1,d2940rxp
2038,1,d2940rxp
2039,1,d2940rxp
2040,1,d2940rxp
2041,1,d2940rxp
2042,1,d2940rxp
2043,1,d2940rxp
2044,1,d2940rxp
2045,1,d2940rxp
2046,1,d2940rxp
2047,1,d2940rxp
2048,1,d2940rxp
2049,1,d2940rxp
2050,1,d2940rxp
2051,1,d2940rxp
2052,1,d2940rxp
2053,1,d2940rxp
2054,1,d2940rxp
2055,1,d2940rxp
2056,1,d2940rxp
2057,1,d2940rxp
2058,1,d2940rxp
2059,1,d2940rxp
2060,1,d2940rxp
2061,1,d2940rxp
2062,1,d2940rxp
2063,1,d2940rxp
2064,1,d2940rxp
2065,1,d2940rxp
2066,1,d2940rxp
2067,1,d2940rxp
2068,1,d2940rxp
2069,1,d2940rxp
2070,1,d2940rxp
2071,1,d2940rxp
2072,1,d2940rxp
2073,1,d2940rxp
2074,1,d2940rxp
2075,1,d2940rxp
2076,1,d2940rxp
2077,1,d2940rxp
2078,1,d2940rxp
2079,1,d2940rxp
2080,1,d2940rxp
2081,1,d2940rxp
2082,1,d2940rxp
2083,1,d2940rxp
2084,1,d2940rxp
2085,1,d2940rxp
2086,1,d2940rxp
2087,1,d2940rxp
2088,1,d2940rxp
2089,1,d2940rxp
2090,1,d2940rxp
2091,1,d2940rxp
2092,1,d2940rxp
2093,1,d2940rxp
2094,1,d2940rxp
2095,1,d2940rxp
2096,1,d2940rxp
2097,1,d2940rxp
2098,1,d2940rxp
2099,1,d2940rxp
2100,1,d2940rxp
2101,1,d2940rxp
2102,1,d2940rxp
2103,1,d2940rxp
2104,1,d2940rxp
2105,1,d2940rxp
2106,1,d2940rxp
2107,1,d2940rxp
2108,1,d2940rxp
2109,1,d2940rxp
2110,1,d2940rxp
2111,1,d2940rxp
2112,1,d2940rxp
2113,1,d2940rxp
2114,1,d2940rxp
2115,1,d2940rxp
2116,1,d2940rxp
2117,1,d2940rxp
2118,1,d2940rxp
2119,1,d2940rxp
2120,1,d2940rxp
2121,1,d2940rxp
2122,1,d2940rxp
2123,1,d2940rxp
2124,1,d2940rxp
2125,1,d2940rxp
2126,1,d2940rxp
2127,1,d2940rxp
2128,1,d2940rxp
2129,1,d2940rxp
2130,1,d2940rxp
2131,1,d2940rxp
2132,1,d2940rxp
2133,1,d2940rxp
2134,1,d2940rxp
2135,1,d2940rxp
2136,1,d2940rxp
2137,1,d2940rxp
2138,1,d2940rxp
2139,1,d2940rxp
2140,1,d2940rxp
2141,1,d2940rxp
2142,1,d2940rxp
2143,1,d2940rxp
2144,1,d2940rxp
2145,1,d2940rxp
2146,1,d2940rxp
2147,1,d2940rxp
2148,1,d2940rxp
2149,1,d2940rxp
2150,1,d2940rxp
2151,1,d2940rxp
2152,0,d2940rxp
2153,1,d2940rxp
2154,1,d2940rxp
2155,1,d2940rxp
2156,1,d2940rxp
2157,1,d2940rxp
2158,1,d2940rxp
2159,1,d2940rxp
2160,1,d2940rxp
2161,1,d2940rxp
2162,1,d2940rxp
2163,1,d2940rxp
2164,1,d2940rxp
2165,1,d2940rxp
2166,1,d2940rxp
2167,1,d2940rxp
2168,1,d2940rxp
2169,1,d2940rxp
2170,1,d2940rxp
2171,1,d2940rxp
2172,1,d2940rxp
2173,1,d2940rxp
2174,1,d2940rxp
2175,1,d2940rxp
2176,1,d2940rxp
2177,1,d2940rxp
2178,1,d2940rxp
2179,1,d2940rxp
2180,1,d2940rxp
2181,1,d2940rxp
2182,1,d2940rxp
2183,1,d2940rxp
2184,1,d2940rxp
2185,1,d2940rxp
2186,1,d2940rxp
2187,1,d2940rxp
2188,1,d2940rxp
2189,1,d2940rxp
2190,1,d2940rxp
2191,1,d2940rxp
2192,1,d2940rxp
2193,1,d2940rxp
2194,1,d2940rxp
2195,1,d2940rxp
2196,1,d2940rxp
2197,1,d2940rxp
2198,1,d2940rxp
2199,1,d2940rxp
2200,1,d2940rxp
2201,1,d2940rxp
2202,1,d2940rxp
2203,1,d2940rxp
2204,1,d2940rxp
2205,1,d2940rxp
2206,1,d2940rxp
2207,1,d2940rxp
2208,1,d2940rxp
2209,1,d2940rxp
2210,1,d2940rxp
2211,1,d2940rxp
2212,1,d2940rxp
2213,1,d2940rxp
2214,1,d2940rxp
2215,1,d2940rxp
2216,1,d2940rxp
2217,1,d2940rxp
2218,1,d2940rxp
2219,1,d2940rxp
2220,1,d2940rxp
2221,1,d2940rxp
2222,1,d2940rxp
2223,1,d2940rxp
2224,1,d2940rxp
2225,1,d2940rxp
2226,1,d2940rxp
2227,1,d2940rxp
2228,1,d2940rxp
2229,1,d2940rxp
2230,1,d2940rxp
2231,1,d2940rxp
2232,1,d2940rxp
2233,1,d2940rxp
2234,1,d2940rxp
2235,1,d2940rxp
2236,1,d2940rxp
2237,1,d2940rxp
2238,1,d2940rxp
2239,1,d2940rxp
2240,1,d2940rxp
2241,1,d2940rxp
2242,1,d2940rxp
2243,1,d2940rxp
2244,1,d2940rxp
2245,1,d2940rxp
2246,1,d2940rxp
2247,1,d2940rxp
2248,1,d2940rxp
2249,1,d2940rxp
2250,1,d2940rxp
2251,1,d2940rxp
2252,1,d2940rxp
2253,1,d2940rxp
2254,1,d2940rxp
2255,1,d2940rxp
2256,1,d2940rxp
2257,1,d2940rxp
2258,1,d2940rxp
2259,1,d2940rxp
2260,1,d2940rxp
2261,1,d2940rxp
2262,1,d2940rxp
2263,1,d2940rxp
2264,1,d2940rxp
2265,1,d2940rxp
2266,1,d2940rxp
2267,1,d2940rxp
2268,1,d2940rxp
2269,1,d2940rxp
2270,1,d2940rxp
2271,1,d2940rxp
2272,1,d2940rxp
2273,1,d2940rxp
2274,1,d2940rxp
2275,1,d2940rxp
2276,1,d2940rxp
2277,1,d2940rxp
2278,1,d2940rxp
2279,1,d2940rxp
2280,1,d2940rxp
2281,1,d2940rxp
2282,1,d2940rxp
2283,1,d2940rxp
2284,1,d2940rxp
2285,1,d2940rxp
2286,1,d2940rxp
2287,1,d2940rxp
2288,1,d2940rxp
2289,1,d2940rxp
2290,1,d2940rxp
2291,1,d2940rxp
2292,1,d2940rxp
2293,1,d2940rxp
2294,1,d2940rxp
2295,1,d2940rxp
2296,1,d2940rxp
2297,1,d2940rxp
2298,1,d2940rxp
2299,1,d2940rxp
2300,1,d2940rxp
2301,1,d2940rxp
2302,1,d2940rxp
2303,1,d2940rxp
2304,1,d2940rxp
2305,1,d2940rxp
2306,1,d2940rxp
2307,1,d2940rxp
2308,1,d2940rxp
2309,1,d2940rxp
2310,1,d2940rxp
2311,1,d2940rxp
2312,1,d2940rxp
2313,1,d2940rxp
2314,1,d2940rxp
2315,1,d2940rxp
2316,1,d2940rxp
2317,1,d2940rxp
2318,1,d2940rxp
2319,1,d2940rxp
2320,1,d2940rxp
2321,1,d2940rxp
2322,1,d2940rxp
2323,1,d2940rxp
2324,1,d2940rxp
2325,1,d2940rxp
2326,1,d2940rxp
2327,1,d2940rxp
2328,1,d2940rxp
2329,1,d2940rxp
2330,1,d2940rxp
2331,1,d2940rxp
2332,1,d2940rxp
2333,1,d2940rxp
2334,1,d2940rxp
2335,1,d2940rxp
2336,1,d2940rxp
2337,1,d2940rxp
2338,1,d2940rxp
2339,1,d2940rxp
2340,1,d2940rxp
2341,1,d2940rxp
2342,1,d2940rxp
2343,1,d2940rxp
2344,1,d2940rxp
2345,1,d2940rxp
2346,1,d2940rxp
2347,1,d2940rxp
2348,1,d2940rxp
2349,1,d2940rxp
2350,1,d2940rxp
2351,1,d2940rxp
2352,1,d2940rxp
2353,1,d2940rxp
2354,1,d2940rxp
2355,1,d2940rxp
2356,1,d2940rxp
2357,1,d2940rxp
2358,1,d2940rxp
2359,1,d2940rxp
2360,1,d2940rxp
2361,1,d2940rxp
2362,1,d2940rxp
2363,1,d2940rxp
2364,1,d2940rxp
2365,1,d2940rxp
2366,1,d2940rxp
2367,1,d2940rxp
2368,1,d2940rxp
2369,1,d2940rxp
2370,1,d2940rxp
2371,1,d2940rxp
2372,1,d2940rxp
2373,1,d2940rxp
2374,1,d2940rxp
2375,1,d2940rxp
2376,1,d2940rxp
2377,1,d2940rxp
2378,1,d2940rxp
2379,1,d2940rxp
2380,1,d2940rxp
2381,1,d2940rxp
2382,1,d2940rxp
2383,1,d2940rxp
2384,1,d2940rxp
2385,1,d2940rxp
2386,1,d2940rxp
2387,1,d2940rxp
2388,1,d2940rxp
2389,1,d2940rxp
2390,1,d2940rxp
2391,1,d2940rxp
2392,1,d2940rxp
2393,1,d2940rxp
2394,1,d2940rxp
2395,1,d2940rxp
2396,1,d2940rxp
2397,1,d2940rxp
2398,1,d2940rxp
2399,1,d2940rxp
2400,1,d2940rxp
2401,1,d2940rxp
2402,1,d2940rxp
2403,1,d2940rxp
2404,1,d2940rxp
2405,1,d2940rxp
2406,1,d2940rxp
2407,1,d2940rxp
2408,1,d2940rxp
2409,1,d2940rxp
2410,1,d2940rxp
2411,1,d2940rxp
2412,1,d2940rxp
2413,1,d2940rxp
2414,1,d2940rxp
2415,1,d2940rxp
2416,1,d2940rxp
2417,1,d2940rxp
2418,1,d2940rxp
2419,1,d2940rxp
2420,1,d2940rxp
2421,1,d2940rxp
2422,1,d2940rxp
2423,1,d2940rxp
2424,1,d2940rxp
2425,1,d2940rxp
2426,1,d2940rxp
2427,1,d2940rxp
2428,1,d2940rxp
2429,1,d2940rxp
2430,1,d2940rxp
2431,1,d2940rxp
2432,1,d2940rxp
2433,1,d2940rxp
2434,1,d2940rxp
2435,1,d2940rxp
2436,1,d2940rxp
2437,1,d2940rxp
2438,1,d2940rxp
2439,1,d2940rxp
2440,1,d2940rxp
2441,1,d2940rxp
2442,1,d2940rxp
2443,1,d2940rxp
2444,1,d2940rxp
2445,1,d2940rxp
2446,1,d2940rxp
2447,1,d2940rxp
2448,1,d2940rxp
2449,1,d2940rxp
2450,1,d2940rxp
2451,1,d2940rxp
2452,1,d2940rxp
2453,1,d2940rxp
2454,1,d2940rxp
2455,1,d2940rxp
2456,1,d2940rxp
2457,1,d2940rxp
2458,1,d2940rxp
2459,1,d2940rxp
2460,1,d2940rxp
2461,1,d2940rxp
2462,1,d2940rxp
2463,1,d2940rxp
2464,1,d2940rxp
2465,1,d2940rxp
2466,1,d2940rxp
2467,1,d2940rxp
2468,1,d2940rxp
2469,1,d2940rxp
2470,1,d2940rxp
2471,1,d2940rxp
2472,1,d2940rxp
2473,1,d2940rxp
2474,1,d2940rxp
2475,1,d2940rxp
2476,1,d2940rxp
2477,1,d2940rxp
2478,1,d2940rxp
2479,1,d2940rxp
2480,1,d2940rxp
2481,1,d2940rxp
2482,1,d2940rxp
2483,1,d2940rxp
2484,1,d2940rxp
2485,1,d2940rxp
2486,1,d2940rxp
2487,1,d2940rxp
2488,1,d2940rxp
2489,1,d2940rxp
2490,1,d2940rxp
2491,1,d2940rxp
2492,1,d2940rxp
2493,1,d2940rxp
2494,1,d2940rxp
2495,1,d2940rxp
2496,1,d2940rxp
2497,1,d2940rxp
2498,1,d2940rxp
2499,1,d2940rxp
2500,1,d2940rxp
2501,1,d2940rxp
2502,1,d2940rxp
2503,1,d2940rxp
2504,1,d2940rxp
2505,1,d2940rxp
2506,1,d2940rxp
2507,1,d2940rxp
2508,1,d2940rxp
2509,1,d2940rxp
2510,1,d2940rxp
2511,1,d2940rxp
2512,1,d2940rxp
2513,1,d2940rxp
2514,1,d2940rxp
2515,1,d2940rxp
2516,1,d2940rxp
2517,1,d2940rxp
2518,1,d2940rxp
2519,1,d2940rxp
2520,1,d2940rxp
2521,1,d2940rxp
2522,1,d2940rxp
2523,1,d2940rxp
2524,1,d2940rxp
2525,1,d2940rxp
2526,1,d2940rxp
2527,1,d2940rxp
2528,1,d2940rxp
2529,1,d2940rxp
2530,1,d2940rxp
2531,1,d2940rxp
2532,1,d2940rxp
2533,1,d2940rxp
2534,1,d2940rxp
2535,1,d2940rxp
2536,1,d2940rxp
2537,1,d2940rxp
2538,1,d2940rxp
2539,1,d2940rxp
2540,1,d2940rxp
2541,1,d2940rxp
2542,1,d2940rxp
2543,1,d2940rxp
2544,1,d2940rxp
2545,1,d2940rxp
2546,1,d2940rxp
2547,1,d2940rxp
2548,1,d2940rxp
2549,0,d2940rxp
2550,1,d2940rxp
2551,1,d2940rxp
2552,1,d2940rxp
2553,1,d2940rxp
2554,1,d2940rxp
2555,1,d2940rxp
2556,1,d2940rxp
2557,1,d2940rxp
2558,1,d2940rxp
2559,1,d2940rxp
2560,1,d2940rxp
2561,1,d2940rxp
2562,1,d2940rxp
2563,1,d2940rxp
2564,1,d2940rxp
2565,1,d2940rxp
2566,1,d2940rxp
2567,1,d2940rxp
2568,1,d2940rxp
2569,1,d2940rxp
2570,1,d2940rxp
2571,1,d2940rxp
2572,1,d2940rxp
2573,1,d2940rxp
2574,1,d2940rxp
2575,1,d2940rxp
2576,1,d2940rxp
2577,1,d2940rxp
2578,1,d2940rxp
2579,1,d2940rxp
2580,1,d2940rxp
2581,1,d2940rxp
2582,1,d2940rxp
2583,1,d2940rxp
2584,1,d2940rxp
2585,1,d2940rxp
2586,1,d2940rxp
2587,1,d2940rxp
2588,1,d2940rxp
2589,1,d2940rxp
2590,1,d2940rxp
2591,1,d2940rxp
2592,1,d2940rxp
2593,1,d2940rxp
2594,1,d2940rxp
2595,1,d2940rxp
2596,1,d2940rxp
2597,1,d2940rxp
2598,1,d2940rxp
2599,1,d2940rxp
2600,1,d2940rxp
2601,1,d2940rxp
2602,1,d2940rxp
2603,1,d2940rxp
2604,1,d2940rxp
2605,1,d2940rxp
2606,1,d2940rxp
2607,1,d2940rxp
2608,1,d2940rxp
2609,1,d2940rxp
2610,1,d2940rxp
2611,1,d2940rxp
2612,1,d2940rxp
2613,1,d2940rxp
2614,1,d2940rxp
2615,1,d2940rxp
2616,1,d2940rxp
2617,1,d2940rxp
2618,1,d2940rxp
2619,1,d2940rxp
2620,1,d2940rxp
2621,1,d2940rxp
2622,1,d2940rxp
2623,1,d2940rxp
2624,1,d2940rxp
2625,1,d2940rxp
2626,1,d2940rxp
2627,1,d2940rxp
2628,1,d2940rxp
2629,1,d2940rxp
2630,1,d2940rxp
2631,1,d2940rxp
2632,1,d2940rxp
2633,1,d2940rxp
2634,1,d2940rxp
2635,1,d2940rxp
2636,1,d2940rxp
2637,1,d2940rxp
2638,1,d2940rxp
2639,1,d2940rxp
2640,1,d2940rxp
2641,1,d2940rxp
2642,1,d2940rxp
2643,1,d2940rxp
2644,1,d2940rxp
2645,1,d2940rxp
2646,1,d2940rxp
2647,1,d2940rxp
2648,1,d2940rxp
2649,1,d2940rxp
2650,1,d2940rxp
2651,1,d2940rxp
2652,1,d2940rxp
2653,1,d2940rxp
2654,1,d2940rxp
2655,1,d2940rxp
2656,1,d2940rxp
2657,1,d2940rxp
2658,1,d2940rxp
2659,1,d2940rxp
2660,1,d2940rxp
2661,1,d2940rxp
2662,1,d2940rxp
2663,1,d2940rxp
2664,1,d2940rxp
2665,1,d2940rxp
2666,1,d2940rxp
2668,1,d2940rxp
2669,1,d2940rxp
2670,1,d2940rxp
2671,1,d2940rxp
2672,1,d2940rxp
2673,1,d2940rxp
2674,1,d2940rxp
2675,1,d2940rxp
2676,1,d2940rxp
2677,1,d2940rxp
2678,1,d2940rxp
2679,1,d2940rxp
2680,1,d2940rxp
2681,1,d2940rxp
2682,1,d2940rxp
2683,1,d2940rxp
2684,1,d2940rxp
2685,1,d2940rxp
2686,1,d2940rxp
2687,1,d2940rxp
2688,1,d2940rxp
2689,1,d2940rxp
2690,1,d2940rxp
2691,1,d2940rxp
2692,1,d2940rxp
2693,1,d2940rxp
2694,1,d2940rxp
2695,1,d2940rxp
2696,1,d2940rxp
2697,1,d2940rxp
2698,1,d2940rxp
2699,1,d2940rxp
2700,1,d2940rxp
2701,1,d2940rxp
2702,1,d2940rxp
2703,0,d2940rxp
2704,1,d2940rxp
2705,1,d2940rxp
2706,1,d2940rxp
2707,1,d2940rxp
2708,1,d2940rxp
2709,1,d2940rxp
2710,1,d2940rxp
2711,1,d2940rxp
2712,1,d2940rxp
2713,1,d2940rxp
2714,1,d2940rxp
2715,1,d2940rxp
2716,0,d2940rxp
2717,1,d2940rxp
2718,1,d2940rxp
2719,1,d2940rxp
2720,1,d2940rxp
2721,1,d2940rxp
2722,1,d2940rxp
2723,1,d2940rxp
2724,1,d2940rxp
2725,1,d2940rxp
2726,1,d2940rxp
2727,1,d2940rxp
2728,1,d2940rxp
2729,1,d2940rxp
2730,1,d2940rxp
2731,1,d2940rxp
2732,1,d2940rxp
2733,1,d2940rxp
2734,1,d2940rxp
2735,1,d2940rxp
2736,1,d2940rxp
2737,1,d2940rxp
2738,1,d2940rxp
2739,1,d2940rxp
2740,1,d2940rxp
2741,1,d2940rxp
2742,1,d2940rxp
2743,1,d2940rxp
2744,1,d2940rxp
2745,1,d2940rxp
2746,1,d2940rxp
2747,1,d2940rxp
2748,1,d2940rxp
2749,1,d2940rxp
2750,1,d2940rxp
2751,1,d2940rxp
2752,1,d2940rxp
2753,1,d2940rxp
2754,1,d2940rxp
2755,1,d2940rxp
2756,1,d2940rxp
2757,1,d2940rxp
2758,1,d2940rxp
2759,1,d2940rxp
2760,1,d2940rxp
2761,1,d2940rxp
2762,1,d2940rxp
2763,1,d2940rxp
2764,1,d2940rxp
2765,1,d2940rxp
2766,1,d2940rxp
2767,1,d2940rxp
2768,1,d2940rxp
2769,1,d2940rxp
2770,1,d2940rxp
2771,1,d2940rxp
2772,1,d2940rxp
2773,1,d2940rxp
2774,1,d2940rxp
2775,1,d2940rxp
2776,1,d2940rxp
2777,1,d2940rxp
2778,1,d2940rxp
2779,1,d2940rxp
2780,1,d2940rxp
2781,1,d2940rxp
2782,1,d2940rxp
2783,1,d2940rxp
2784,1,d2940rxp
2785,1,d2940rxp
2786,1,d2940rxp
2787,1,d2940rxp
2788,1,d2940rxp
2789,1,d2940rxp
2790,1,d2940rxp
2791,1,d2940rxp
2792,1,d2940rxp
2793,1,d2940rxp
2794,1,d2940rxp
2795,1,d2940rxp
2796,1,d2940rxp
2797,1,d2940rxp
2798,1,d2940rxp
2799,1,d2940rxp
2800,1,d2940rxp
2801,1,d2940rxp
2802,1,d2940rxp
2803,1,d2940rxp
2804,1,d2940rxp
2805,1,d2940rxp
2806,1,d2940rxp
2807,1,d2940rxp
2808,1,d2940rxp
2809,1,d2940rxp
2810,1,d2940rxp
2811,1,d2940rxp
2812,1,d2940rxp
2813,1,d2940rxp
2814,1,d2940rxp
2815,1,d2940rxp
2816,1,d2940rxp
2817,1,d2940rxp
2818,1,d2940rxp
2819,1,d2940rxp
2820,1,d2940rxp
2821,1,d2940rxp
2822,1,d2940rxp
2823,1,d2940rxp
2824,1,d2940rxp
2825,1,d2940rxp
2826,1,d2940rxp
2827,1,d2940rxp
2828,1,d2940rxp
2829,1,d2940rxp
2830,1,d2940rxp
2831,1,d2940rxp
2832,1,d2940rxp
2833,1,d2940rxp
2834,1,d2940rxp
2835,1,d2940rxp
2836,1,d2940rxp
2837,1,d2940rxp
2838,1,d2940rxp
2839,1,d2940rxp
2840,1,d2940rxp
2841,1,d2940rxp
2842,1,d2940rxp
2843,1,d2940rxp
2844,1,d2940rxp
2845,1,d2940rxp
2846,1,d2940rxp
2847,1,d2940rxp
2848,1,d2940rxp
2849,1,d2940rxp
2850,1,d2940rxp
2851,1,d2940rxp
2852,1,d2940rxp
2853,1,d2940rxp
2854,1,d2940rxp
2855,1,d2940rxp
2856,1,d2940rxp
2857,1,d2940rxp
2858,1,d2940rxp
2859,1,d2940rxp
2860,1,d2940rxp
2861,1,d2940rxp
2862,1,d2940rxp
2863,1,d2940rxp
2864,1,d2940rxp
2865,1,d2940rxp
2866,1,d2940rxp
2867,1,d2940rxp
2868,1,d2940rxp
2869,1,d2940rxp
2870,1,d2940rxp
2871,1,d2940rxp
2872,1,d2940rxp
2873,1,d2940rxp
2874,1,d2940rxp
2875,1,d2940rxp
2876,1,d2940rxp
2877,1,d2940rxp
2878,1,d2940rxp
2879,1,d2940rxp
2880,1,d2940rxp
2881,1,d2940rxp
2882,1,d2940rxp
2883,1,d2940rxp
2884,1,d2940rxp
2885,1,d2940rxp
2886,1,d2940rxp
2887,1,d2940rxp
2888,1,d2940rxp
2889,1,d2940rxp
2890,1,d2940rxp
2891,1,d2940rxp
2892,1,d2940rxp
2893,1,d2940rxp
2894,1,d2940rxp
2895,1,d2940rxp
2896,1,d2940rxp
2897,1,d2940rxp
2898,1,d2940rxp
2899,1,d2940rxp
2900,1,d2940rxp
2901,1,d2940rxp
2902,1,d2940rxp
2903,1,d2940rxp
2904,1,d2940rxp
2905,1,d2940rxp
2906,1,d2940rxp
2907,1,d2940rxp
2908,1,d2940rxp
2909,1,d2940rxp
2910,1,d2940rxp
2911,1,d2940rxp
2912,0,d2940rxp
2913,1,d2940rxp
2914,1,d2940rxp
2915,1,d2940rxp
2916,1,d2940rxp
2917,1,d2940rxp
2918,1,d2940rxp
2919,1,d2940rxp
2920,1,d2940rxp
2921,1,d2940rxp
2922,1,d2940rxp
2923,1,d2940rxp
2924,1,d2940rxp
2925,1,d2940rxp
2926,1,d2940rxp
2927,1,d2940rxp
2928,1,d2940rxp
2929,1,d2940rxp
2930,1,d2940rxp
2931,1,d2940rxp
2932,1,d2940rxp
2933,1,d2940rxp
2934,1,d2940rxp
2935,1,d2940rxp
2936,1,d2940rxp
2937,1,d2940rxp
2938,1,d2940rxp
2939,1,d2940rxp
2940,1,d2940rxp
2941,1,d2940rxp
2942,1,d2940rxp
2943,1,d2940rxp
2944,1,d2940rxp
2945,1,d2940rxp
2946,1,d2940rxp
2947,1,d2940rxp
2948,1,d2940rxp
2949,1,d2940rxp
2950,1,d2940rxp
2951,1,d2940rxp
2952,1,d2940rxp
2953,1,d2940rxp
2954,1,d2940rxp
2955,1,d2940rxp
2956,1,d2940rxp
2957,1,d2940rxp
2958,1,d2940rxp
2959,1,d2940rxp
2960,1,d2940rxp
2961,1,d2940rxp
2962,1,d2940rxp
2963,1,d2940rxp
2964,1,d2940rxp
2965,1,d2940rxp
2966,1,d2940rxp
2967,1,d2940rxp
2968,1,d2940rxp
2969,1,d2940rxp
2970,1,d2940rxp
2971,1,d2940rxp
2972,1,d2940rxp
2973,1,d2940rxp
2974,1,d2940rxp
2975,1,d2940rxp
2976,1,d2940rxp
2977,1,d2940rxp
2978,1,d2940rxp
2979,1,d2940rxp
2980,1,d2940rxp
2981,1,d2940rxp
2982,1,d2940rxp
2983,1,d2940rxp
2984,1,d2940rxp
2985,1,d2940rxp
2986,1,d2940rxp
2987,1,d2940rxp
2988,1,d2940rxp
2989,1,d2940rxp
2990,1,d2940rxp
2991,1,d2940rxp
2992,1,d2940rxp
2993,1,d2940rxp
2994,1,d2940rxp
2995,1,d2940rxp
2996,1,d2940rxp
2997,1,d2940rxp
2998,1,d2940rxp
2999,1,d2940rxp
2999,1,d2940rxp
3000,1,d2940rxp
3001,1,d2940rxp
3002,1,d2940rxp
3003,1,d2940rxp
3004,1,d2940rxp
3005,1,d2940rxp
3006,1,d2940rxp
3007,1,d2940rxp
3008,1,d2940rxp
3009,1,d2940rxp
3010,1,d2940rxp
3011,1,d2940rxp
3012,1,d2940rxp
3013,1,d2940rxp
3014,1,d2940rxp
3015,1,d2940rxp
3016,1,d2940rxp
3017,1,d2940rxp
3018,1,d2940rxp
3019,1,d2940rxp
3020,1,d2940rxp
3021,1,d2940rxp
3022,1,d2940rxp
3023,1,d2940rxp
3024,1,d2940rxp
3025,1,d2940rxp
3026,1,d2940rxp
3027,1,d2940rxp
3028,1,d2940rxp
3029,1,d2940rxp
3030,1,d2940rxp
3031,1,d2940rxp
3032,1,d2940rxp
3033,1,d2940rxp
3034,1,d2940rxp
3035,1,d2940rxp
3036,1,d2940rxp
3037,1,d2940rxp
3038,1,d2940rxp
3039,1,d2940rxp
3040,1,d2940rxp
3041,1,d2940rxp
3042,1,d2940rxp
3043,1,d2940rxp
3044,1,d2940rxp
3045,1,d2940rxp
3046,1,d2940rxp
3047,1,d2940rxp
3048,1,d2940rxp
3049,1,d2940rxp
3050,1,d2940rxp
3051,1,d2940rxp
3052,1,d2940rxp
3053,1,d2940rxp
3054,1,d2940rxp
3055,1,d2940rxp
3056,1,d2940rxp
3057,1,d2940rxp
3058,1,d2940rxp
3059,1,d2940rxp
3060,1,d2940rxp
3061,1,d2940rxp
3062,1,d2940rxp
3063,1,d2940rxp
3064,1,d2940rxp
3065,1,d2940rxp
3066,1,d2940rxp
3067,1,d2940rxp
3068,1,d2940rxp
3069,1,d2940rxp
3070,1,d2940rxp
3071,1,d2940rxp
3072,1,d2940rxp
3073,1,d2940rxp
3074,1,d2940rxp
3075,1,d2940rxp
3076,1,d2940rxp
3077,1,d2940rxp
3078,1,d2940rxp
3079,1,d2940rxp
3080,1,d2940rxp
3081,1,d2940rxp
3082,1,d2940rxp
3083,1,d2940rxp
3084,1,d2940rxp
3085,1,d2940rxp
3086,1,d2940rxp
3087,1,d2940rxp
3088,1,d2940rxp
3089,1,d2940rxp
3090,1,d2940rxp
3091,1,d2940rxp
3092,1,d2940rxp
3093,1,d2940rxp
3094,1,d2940rxp
3095,1,d2940rxp
3096,1,d2940rxp
3097,1,d2940rxp
3098,1,d2940rxp
3099,1,d2940rxp
3100,1,d2940rxp
3101,1,d2940rxp
3102,1,d2940rxp
3103,1,d2940rxp
3104,1,d2940rxp
3105,1,d2940rxp
3106,1,d2940rxp
3107,1,d2940rxp
3108,1,d2940rxp
3109,1,d2940rxp
3110,1,d2940rxp
3111,1,d2940rxp
3112,1,d2940rxp
3113,1,d2940rxp
3114,1,d2940rxp
3115,1,d2940rxp
3116,1,d2940rxp
3117,1,d2940rxp
3118,1,d2940rxp
3119,1,d2940rxp
3120,1,d2940rxp
3121,1,d2940rxp
3122,1,d2940rxp
3123,1,d2940rxp
3124,1,d2940rxp
3125,1,d2940rxp
3126,1,d2940rxp
3127,1,d2940rxp
3128,1,d2940rxp
3129,1,d2940rxp
3130,1,d2940rxp
3131,1,d2940rxp
3132,1,d2940rxp
3133,1,d2940rxp
3134,1,d2940rxp
3135,1,d2940rxp
3136,1,d2940rxp
3137,1,d2940rxp
3138,1,d2940rxp
3139,1,d2940rxp
3140,1,d2940rxp
3141,1,d2940rxp
3142,1,d2940rxp
3143,1,d2940rxp
3144,1,d2940rxp
3145,1,d2940rxp
3146,1,d2940rxp
3147,1,d2940rxp
3148,1,d2940rxp
3149,1,d2940rxp
3150,1,d2940rxp
3151,1,d2940rxp
3152,1,d2940rxp
3153,1,d2940rxp
3154,1,d2940rxp
3155,1,d2940rxp
3156,1,d2940rxp
3157,1,d2940rxp
3158,1,d2940rxp
3159,1,d2940rxp
3160,1,d2940rxp
3161,1,d2940rxp
3162,1,d2940rxp
3163,1,d2940rxp
3164,1,d2940rxp
3165,1,d2940rxp
3166,1,d2940rxp
3167,1,d2940rxp
3168,1,d2940rxp
3169,1,d2940rxp
3170,1,d2940rxp
3171,1,d2940rxp
3172,1,d2940rxp
3173,1,d2940rxp
3174,1,d2940rxp
3175,1,d2940rxp
3176,1,d2940rxp
3177,1,d2940rxp
3178,1,d2940rxp
3179,1,d2940rxp
3180,1,d2940rxp
3181,1,d2940rxp
3182,1,d2940rxp
3183,1,d2940rxp
3184,1,d2940rxp
3185,1,d2940rxp
3186,1,d2940rxp
3187,1,d2940rxp
3188,1,d2940rxp
3189,1,d2940rxp
3190,1,d2940rxp
3191,1,d2940rxp
3192,1,d2940rxp
3193,1,d2940rxp
3194,1,d2940rxp
3195,1,d2940rxp
3196,1,d2940rxp
3197,1,d2940rxp
3198,1,d2940rxp
3199,1,d2940rxp
3200,1,d2940rxp
3201,1,d2940rxp
3202,1,d2940rxp
3203,1,d2940rxp
3204,1,d2940rxp
3205,1,d2940rxp
3206,1,d2940rxp
3207,1,d2940rxp
3208,1,d2940rxp
3209,1,d2940rxp
3210,1,d2940rxp
3211,1,d2940rxp
3212,1,d2940rxp
3213,1,d2940rxp
3214,1,d2940rxp
3215,1,d2940rxp
3216,1,d2940rxp
3217,1,d2940rxp
3218,1,d2940rxp
3219,1,d2940rxp
3220,1,d2940rxp
3221,1,d2940rxp
3222,1,d2940rxp
3223,1,d2940rxp
3224,1,d2940rxp
3225,1,d2940rxp
3226,1,d2940rxp
3227,1,d2940rxp
3228,1,d2940rxp
3229,1,d2940rxp
3230,1,d2940rxp
3231,1,d2940rxp
3232,1,d2940rxp
3233,1,d2940rxp
3234,1,d2940rxp
3235,1,d2940rxp
3236,1,d2940rxp
3237,1,d2940rxp
3238,1,d2940rxp
3239,1,d2940rxp
3240,1,d2940rxp
3241,1,d2940rxp
3242,1,d2940rxp
3243,1,d2940rxp
3244,1,d2940rxp
3245,1,d2940rxp
3246,1,d2940rxp
3247,1,d2940rxp
3248,1,d2940rxp
3249,1,d2940rxp
3250,1,d2940rxp
3251,1,d2940rxp
3252,1,d2940rxp
3253,1,d2940rxp
3254,1,d2940rxp
3255,1,d2940rxp
3256,1,d2940rxp
3257,1,d2940rxp
3258,1,d2940rxp
3259,1,d2940rxp
3260,1,d2940rxp
3261,1,d2940rxp
3262,1,d2940rxp
3263,1,d2940rxp
3264,1,d2940rxp
3265,1,d2940rxp
3266,1,d2940rxp
3267,1,d2940rxp
3268,1,d2940rxp
3269,1,d2940rxp
3270,1,d2940rxp
3271,1,d2940rxp
3272,1,d2940rxp
3273,1,d2940rxp
3274,1,d2940rxp
3275,1,d2940rxp
3276,1,d2940rxp
3277,1,d2940rxp
3278,1,d2940rxp
3279,1,d2940rxp
3280,1,d2940rxp
3281,1,d2940rxp
3282,1,d2940rxp
3283,1,d2940rxp
3284,1,d2940rxp
3285,1,d2940rxp
3286,1,d2940rxp
3287,1,d2940rxp
3288,1,d2940rxp
3289,1,d2940rxp
3290,1,d2940rxp
3291,1,d2940rxp
3292,1,d2940rxp
3293,1,d2940rxp
3294,1,d2940rxp
3295,1,d2940rxp
3296,1,d2940rxp
3297,1,d2940rxp
3298,1,d2940rxp
3299,1,d2940rxp
3300,1,d2940rxp
3301,1,d2940rxp
3302,1,d2940rxp
3303,1,d2940rxp
3304,1,d2940rxp
3305,1,d2940rxp
3306,1,d2940rxp
3307,1,d2940rxp
3308,1,d2940rxp
3309,1,d2940rxp
3310,1,d2940rxp
3311,1,d2940rxp
3312,1,d2940rxp
3313,1,d2940rxp
3314,1,d2940rxp
3315,1,d2940rxp
3316,1,d2940rxp
3317,1,d2940rxp
3318,1,d2940rxp
3319,1,d2940rxp
3320,1,d2940rxp
3321,1,d2940rxp
3322,1,d2940rxp
3323,1,d2940rxp
3324,1,d2940rxp
3325,1,d2940rxp
3326,1,d2940rxp
3327,1,d2940rxp
3328,1,d2940rxp
3329,1,d2940rxp
3330,1,d2940rxp
3331,1,d2940rxp
3332,1,d2940rxp
3333,1,d2940rxp
3334,1,d2940rxp
3335,1,d2940rxp
3336,1,d2940rxp
3337,1,d2940rxp
3338,1,d2940rxp
3339,1,d2940rxp
3340,1,d2940rxp
3341,1,d2940rxp
3342,1,d2940rxp
3343,1,d2940rxp
3344,1,d2940rxp
3345,1,d2940rxp
3346,1,d2940rxp
3347,1,d2940rxp
3348,1,d2940rxp
3349,1,d2940rxp
3350,1,d2940rxp
3351,1,d2940rxp
3352,1,d2940rxp
3353,1,d2940rxp
3354,1,d2940rxp
3355,1,d2940rxp
3356,1,d2940rxp
3357,1,d2940rxp
3358,1,d2940rxp
3359,1,d2940rxp
3360,1,d2940rxp
3361,1,d2940rxp
3362,1,d2940rxp
3363,1,d2940rxp
3364,1,d2940rxp
3365,1,d2940rxp
3366,1,d2940rxp
3367,1,d2940rxp
3368,1,d2940rxp
3369,1,d2940rxp
3370,1,d2940rxp
3371,1,d2940rxp
3372,1,d2940rxp
3373,1,d2940rxp
3374,1,d2940rxp
3375,1,d2940rxp
3376,1,d2940rxp
3377,1,d2940rxp
3378,1,d2940rxp
3379,1,d2940rxp
3380,1,d2940rxp
3381,1,d2940rxp
3382,1,d2940rxp
3383,1,d2940rxp
3384,1,d2940rxp
3385,1,d2940rxp
3386,1,d2940rxp
3387,1,d2940rxp
3388,1,d2940rxp
3389,1,d2940rxp
3390,1,d2940rxp
3391,1,d2940rxp
3392,1,d2940rxp
3393,1,d2940rxp
3394,1,d2940rxp
3395,1,d2940rxp
3396,1,d2940rxp
3397,1,d2940rxp
3398,1,d2940rxp
3399,1,d2940rxp
3400,1,d2940rxp
3401,1,d2940rxp
3402,1,d2940rxp
3403,1,d2940rxp
3404,1,d2940rxp
3405,1,d2940rxp
3406,1,d2940rxp
3407,1,d2940rxp
3408,1,d2940rxp
3409,1,d2940rxp
3410,1,d2940rxp
3411,1,d2940rxp
3412,1,d2940rxp
3413,1,d2940rxp
3414,1,d2940rxp
3415,1,d2940rxp
3416,1,d2940rxp
3417,1,d2940rxp
3418,1,d2940rxp
3419,1,d2940rxp
3420,1,d2940rxp
3421,1,d2940rxp
3422,1,d2940rxp
3423,1,d2940rxp
3424,1,d2940rxp
3425,1,d2940rxp
3426,1,d2940rxp
3427,1,d2940rxp
3428,1,d2940rxp
3429,1,d2940rxp
3430,1,d2940rxp
3431,1,d2940rxp
3432,1,d2940rxp
3433,1,d2940rxp
3434,1,d2940rxp
3435,1,d2940rxp
3436,1,d2940rxp
3437,1,d2940rxp
3438,1,d2940rxp
3439,1,d2940rxp
3440,1,d2940rxp
3441,1,d2940rxp
3442,1,d2940rxp
3443,1,d2940rxp
3444,1,d2940rxp
3445,1,d2940rxp
3446,1,d2940rxp
3447,1,d2940rxp
3448,1,d2940rxp
3449,1,d2940rxp
3450,1,d2940rxp
3451,1,d2940rxp
3452,1,d2940rxp
3453,1,d2940rxp
3454,1,d2940rxp
3455,1,d2940rxp
3456,1,d2940rxp
3457,1,d2940rxp
3458,1,d2940rxp
3459,1,d2940rxp
3460,1,d2940rxp
3461,1,d2940rxp
3462,1,d2940rxp
3463,1,d2940rxp
3464,1,d2940rxp
3465,1,d2940rxp
3466,1,d2940rxp
3467,1,d2940rxp
3468,1,d2940rxp
3469,1,d2940rxp
3470,1,d2940rxp
3471,1,d2940rxp
3472,1,d2940rxp
3473,1,d2940rxp
3474,1,d2940rxp
3475,1,d2940rxp
3476,1,d2940rxp
3477,1,d2940rxp
3478,1,d2940rxp
3479,1,d2940rxp
3480,1,d2940rxp
3481,1,d2940rxp
3482,1,d2940rxp
3483,1,d2940rxp
3484,1,d2940rxp
3485,1,d2940rxp
3486,1,d2940rxp
3487,1,d2940rxp
3488,1,d2940rxp
3489,1,d2940rxp
3490,1,d2940rxp
3491,1,d2940rxp
3492,1,d2940rxp
3493,1,d2940rxp
3494,1,d2940rxp
3495,1,d2940rxp
3496,1,d2940rxp
3497,1,d2940rxp
3498,1,d2940rxp
3499,1,d2940rxp
3500,1,d2940rxp
3501,1,d2940rxp
3502,1,d2940rxp
3503,1,d2940rxp
3504,1,d2940rxp
3505,1,d2940rxp
3506,1,d2940rxp
3507,1,d2940rxp
3508,1,d2940rxp
3509,1,d2940rxp
3510,1,d2940rxp
3511,1,d2940rxp
3512,1,d2940rxp
3513,1,d2940rxp
3514,1,d2940rxp
3515,1,d2940rxp
3516,1,d2940rxp
3517,1,d2940rxp
3518,1,d2940rxp
3519,1,d2940rxp
3520,1,d2940rxp
3521,1,d2940rxp
3522,1,d2940rxp
3523,1,d2940rxp
3524,1,d2940rxp
3525,1,d2940rxp
3526,1,d2940rxp
3527,1,d2940rxp
3528,1,d2940rxp
3529,1,d2940rxp
3530,1,d2940rxp
3531,1,d2940rxp
3532,1,d2940rxp
3533,1,d2940rxp
3534,1,d2940rxp
3535,1,d2940rxp
3536,1,d2940rxp
3537,1,d2940rxp
3538,1,d2940rxp
3539,1,d2940rxp
3540,1,d2940rxp
3541,1,d2940rxp
3542,1,d2940rxp
3543,1,d2940rxp
3544,1,d2940rxp
3545,1,d2940rxp
3546,1,d2940rxp
3547,1,d2940rxp
3548,1,d2940rxp
3549,1,d2940rxp
3550,1,d2940rxp
3551,1,d2940rxp
3552,1,d2940rxp
3553,1,d2940rxp
3554,1,d2940rxp
3555,1,d2940rxp
3556,1,d2940rxp
3557,1,d2940rxp
3558,1,d2940rxp
3559,1,d2940rxp
3560,1,d2940rxp
3561,1,d2940rxp
3562,1,d2940rxp
3563,1,d2940rxp
3564,1,d2940rxp
3565,1,d2940rxp
3566,1,d2940rxp
3567,1,d2940rxp
3568,1,d2940rxp
3569,1,d2940rxp
3570,1,d2940rxp
3571,1,d2940rxp
3572,1,d2940rxp
3573,1,d2940rxp
3574,1,d2940rxp
3575,1,d2940rxp
3576,1,d2940rxp
3577,1,d2940rxp
3578,1,d2940rxp
3579,1,d2940rxp
3580,1,d2940rxp
3581,1,d2940rxp
3582,1,d2940rxp
3583,1,d2940rxp
3584,1,d2940rxp
3585,1,d2940rxp
3586,1,d2940rxp
3587,1,d2940rxp
3588,1,d2940rxp
3589,1,d2940rxp
3590,1,d2940rxp
3591,1,d2940rxp
3592,1,d2940rxp
3593,1,d2940rxp
3594,1,d2940rxp
3595,1,d2940rxp
3596,1,d2940rxp
3597,1,d2940rxp
3598,1,d2940rxp
3599,1,d2940rxp
3600,1,d2940rxp
3601,1,d2940rxp
3602,1,d2940rxp
3603,1,d2940rxp
3604,1,d2940rxp
3605,1,d2940rxp
3606,1,d2940rxp
3607,1,d2940rxp
3608,1,d2940rxp
3609,1,d2940rxp
3610,1,d2940rxp
3611,1,d2940rxp
3612,1,d2940rxp
3613,1,d2940rxp
3614,1,d2940rxp
3615,1,d2940rxp
3616,1,d2940rxp
3617,1,d2940rxp
3618,1,d2940rxp
3619,1,d2940rxp
3620,1,d2940rxp
3621,1,d2940rxp
3622,1,d2940rxp
3623,1,d2940rxp
3624,1,d2940rxp
3625,1,d2940rxp
3626,1,d2940rxp
3627,1,d2940rxp
3628,1,d2940rxp
3629,1,d2940rxp
3630,1,d2940rxp
3631,1,d2940rxp
3632,1,d2940rxp
3633,1,d2940rxp
3634,1,d2940rxp
3635,1,d2940rxp
3636,1,d2940rxp
3637,1,d2940rxp
3638,1,d2940rxp
3639,1,d2940rxp
3640,1,d2940rxp
3641,1,d2940rxp
3642,1,d2940rxp
3643,1,d2940rxp
3644,1,d2940rxp
3645,1,d2940rxp
3646,1,d2940rxp
3647,1,d2940rxp
3648,1,d2940rxp
3649,1,d2940rxp
3650,1,d2940rxp
3651,1,d2940rxp
3652,1,d2940rxp
3653,1,d2940rxp
3654,1,d2940rxp
3655,1,d2940rxp
3656,1,d2940rxp
3657,1,d2940rxp
3658,1,d2940rxp
3659,1,d2940rxp
3660,1,d2940rxp
3661,1,d2940rxp
3662,1,d2940rxp
3663,1,d2940rxp
3664,1,d2940rxp
3665,1,d2940rxp
3666,1,d2940rxp
3668,1,d2940rxp
3669,1,d2940rxp
3670,1,d2940rxp
3671,1,d2940rxp
3672,1,d2940rxp
3673,1,d2940rxp
3674,1,d2940rxp
3675,1,d2940rxp
3676,1,d2940rxp
3677,1,d2940rxp
3678,1,d2940rxp
3679,1,d2940rxp
3680,1,d2940rxp
3681,1,d2940rxp
3682,1,d2940rxp
3683,1,d2940rxp
3684,1,d2940rxp
3685,1,d2940rxp
3686,1,d2940rxp
3687,1,d2940rxp
3688,1,d2940rxp
3689,1,d2940rxp
3690,1,d2940rxp
3691,1,d2940rxp
3692,1,d2940rxp
3693,1,d2940rxp
3694,1,d2940rxp
3695,1,d2940rxp
3696,1,d2940rxp
3697,1,d2940rxp
3698,1,d2940rxp
3699,1,d2940rxp
3700,1,d2940rxp
3701,1,d2940rxp
3702,1,d2940rxp
3703,1,d2940rxp
3704,1,d2940rxp
3705,1,d2940rxp
3706,1,d2940rxp
3707,1,d2940rxp
3708,1,d2940rxp
3709,1,d2940rxp
3710,1,d2940rxp
3711,1,d2940rxp
3712,1,d2940rxp
3713,1,d2940rxp
3714,1,d2940rxp
3715,1,d2940rxp
3716,1,d2940rxp
3717,1,d2940rxp
3718,1,d2940rxp
3719,1,d2940rxp
3720,1,d2940rxp
3721,1,d2940rxp
3722,1,d2940rxp
3723,1,d2940rxp
3724,1,d2940rxp
3725,1,d2940rxp
3726,1,d2940rxp
3727,1,d2940rxp
3728,1,d2940rxp
3729,1,d2940rxp
3730,1,d2940rxp
3731,1,d2940rxp
3732,1,d2940rxp
3733,1,d2940rxp
3734,1,d2940rxp
3735,1,d2940rxp
3736,1,d2940rxp
3737,1,d2940rxp
3738,1,d2940rxp
3739,1,d2940rxp
3740,1,d2940rxp
3741,1,d2940rxp
3742,1,d2940rxp
3743,1,d2940rxp
3744,1,d2940rxp
3745,1,d2940rxp
3746,1,d2940rxp
3747,1,d2940rxp
3748,1,d2940rxp
3749,1,d2940rxp
3750,1,d2940rxp
3751,1,d2940rxp
3752,1,d2940rxp
3753,1,d2940rxp
3754,1,d2940rxp
3755,1,d2940rxp
3756,1,d2940rxp
3757,1,d2940rxp
3758,1,d2940rxp
3759,1,d2940rxp
3760,1,d2940rxp
3761,1,d2940rxp
3762,1,d2940rxp
3763,1,d2940rxp
3764,1,d2940rxp
3765,1,d2940rxp
3766,1,d2940rxp
3767,1,d2940rxp
3768,1,d2940rxp
3769,1,d2940rxp
3770,1,d2940rxp
3771,1,d2940rxp
3772,1,d2940rxp
3773,1,d2940rxp
3774,1,d2940rxp
3775,1,d2940rxp
3776,1,d2940rxp
3777,1,d2940rxp
3778,1,d2940rxp
3779,1,d2940rxp
3780,1,d2940rxp
3781,1,d2940rxp
3782,1,d2940rxp
3783,1,d2940rxp
3784,1,d2940rxp
3785,1,d2940rxp
3786,1,d2940rxp
3787,1,d2940rxp
3788,1,d2940rxp
3789,1,d2940rxp
3790,1,d2940rxp
3791,1,d2940rxp
3792,1,d2940rxp
3793,1,d2940rxp
3794,1,d2940rxp
3795,1,d2940rxp
3796,1,d2940rxp
3797,1,d2940rxp
3798,1,d2940rxp
3799,1,d2940rxp
3800,1,d2940rxp
3801,1,d2940rxp
3802,1,d2940rxp
3803,1,d2940rxp
3804,1,d2940rxp
3805,1,d2940rxp
3806,1,d2940rxp
3807,1,d2940rxp
3808,1,d2940rxp
3809,1,d2940rxp
3810,1,d2940rxp
3811,1,d2940rxp
3812,1,d2940rxp
3813,1,d2940rxp
3814,1,d2940rxp
3815,1,d2940rxp
3816,1,d2940rxp
3817,1,d2940rxp
3818,1,d2940rxp
3819,1,d2940rxp
3820,1,d2940rxp
3821,1,d2940rxp
3822,1,d2940rxp
3823,1,d2940rxp
3824,1,d2940rxp
3825,1,d2940rxp
3826,1,d2940rxp
3827,1,d2940rxp
3828,1,d2940rxp
3829,1,d2940rxp
3830,1,d2940rxp
3831,1,d2940rxp
3832,1,d2940rxp
3833,1,d2940rxp
3834,1,d2940rxp
3835,1,d2940rxp
3836,1,d2940rxp
3837,1,d2940rxp
3838,1,d2940rxp
3839,1,d2940rxp
3840,1,d2940rxp
3841,1,d2940rxp
3842,1,d2940rxp
3843,1,d2940rxp
3844,1,d2940rxp
3845,1,d2940rxp
3846,1,d2940rxp
3847,1,d2940rxp
3848,1,d2940rxp
3849,1,d2940rxp
3850,1,d2940rxp
3851,1,d2940rxp
3852,1,d2940rxp
3853,1,d2940rxp
3854,1,d2940rxp
3855,1,d2940rxp
3856,1,d2940rxp
3857,1,d2940rxp
3858,1,d2940rxp
3859,1,d2940rxp
3860,1,d2940rxp
3861,1,d2940rxp
3862,1,d2940rxp
3863,1,d2940rxp
3864,1,d2940rxp
3865,1,d2940rxp
3866,1,d2940rxp
3867,1,d2940rxp
3868,1,d2940rxp
3869,1,d2940rxp
3870,1,d2940rxp
3871,1,d2940rxp
3872,1,d2940rxp
3873,1,d2940rxp
3874,1,d2940rxp
3875,1,d2940rxp
3876,1,d2940rxp
3877,1,d2940rxp
3878,1,d2940rxp
3879,1,d2940rxp
3880,1,d2940rxp
3881,1,d2940rxp
3882,1,d2940rxp
3883,1,d2940rxp
3884,1,d2940rxp
3885,1,d2940rxp
3886,1,d2940rxp
3887,1,d2940rxp
3888,1,d2940rxp
3889,1,d2940rxp
3890,1,d2940rxp
3891,1,d2940rxp
3892,1,d2940rxp
3893,1,d2940rxp
3894,1,d2940rxp
3895,1,d2940rxp
3896,1,d2940rxp
3897,1,d2940rxp
3898,1,d2940rxp
3899,1,d2940rxp
3900,1,d2940rxp
3901,1,d2940rxp
3902,1,d2940rxp
3903,1,d2940rxp
3904,1,d2940rxp
3905,1,d2940rxp
3906,1,d2940rxp
3907,1,d2940rxp
3908,1,d2940rxp
3909,1,d2940rxp
3910,1,d2940rxp
3911,1,d2940rxp
3912,1,d2940rxp
3913,1,d2940rxp
3914,1,d2940rxp
3915,1,d2940rxp
3916,1,d2940rxp
3917,1,d2940rxp
3918,1,d2940rxp
3919,1,d2940rxp
3920,1,d2940rxp
3921,1,d2940rxp
3922,1,d2940rxp
3923,1,d2940rxp
3924,1,d2940rxp
3925,1,d2940rxp
3926,1,d2940rxp
3927,1,d2940rxp
3928,1,d2940rxp
3929,1,d2940rxp
3930,1,d2940rxp
3931,1,d2940rxp
3932,1,d2940rxp
3933,1,d2940rxp
3934,1,d2940rxp
3935,1,d2940rxp
3936,1,d2940rxp
3937,1,d2940rxp
3938,1,d2940rxp
3939,1,d2940rxp
3940,1,d2940rxp
3941,1,d2940rxp
3942,1,d2940rxp
3943,1,d2940rxp
3944,1,d2940rxp
3945,1,d2940rxp
3946,1,d2940rxp
3947,1,d2940rxp
3948,1,d2940rxp
3949,1,d2940rxp
3950,1,d2940rxp
3951,1,d2940rxp
3952,1,d2940rxp
3953,1,d2940rxp
3954,1,d2940rxp
3955,1,d2940rxp
3956,1,d2940rxp
3957,1,d2940rxp
3958,1,d2940rxp
3959,1,d2940rxp
3960,1,d2940rxp
3961,1,d2940rxp
3962,1,d2940rxp
3963,1,d2940rxp
3964,1,d2940rxp
3965,1,d2940rxp
3966,1,d2940rxp
3967,1,d2940rxp
3968,1,d2940rxp
3969,1,d2940rxp
3970,1,d2940rxp
3971,1,d2940rxp
3972,1,d2940rxp
3973,1,d2940rxp
3974,1,d2940rxp
3975,1,d2940rxp
3976,1,d2940rxp
3977,1,d2940rxp
3978,1,d2940rxp
3979,1,d2940rxp
3980,1,d2940rxp
3981,1,d2940rxp
3982,1,d2940rxp
3983,1,d2940rxp
3984,1,d2940rxp
3985,1,d2940rxp
3986,1,d2940rxp
3987,1,d2940rxp
3988,1,d2940rxp
3989,1,d2940rxp
3990,1,d2940rxp
3991,1,d2940rxp
3992,1,d2940rxp
3993,1,d2940rxp
3994,1,d2940rxp
3995,1,d2940rxp
3996,1,d2940rxp
3997,1,d2940rxp
3998,1,d2940rxp
3999,1,d2940rxp
3999,1,d2940rxp
4000,1,d2940rxp
4001,1,d2940rxp
4002,1,d2940rxp
4003,1,d2940rxp
4004,1,d2940rxp
4005,1,d2940rxp
4006,1,d2940rxp
4007,1,d2940rxp
4008,1,d2940rxp
4009,1,d2940rxp
4010,1,d2940rxp
4011,1,d2940rxp
4012,1,d2940rxp
4013,1,d2940rxp
4014,1,d2940rxp
4015,1,d2940rxp
4016,1,d2940rxp
4017,1,d2940rxp
4018,1,d2940rxp
4019,1,d2940rxp
4020,1,d2940rxp
4021,1,d2940rxp
4022,1,d2940rxp
4023,1,d2940rxp
4024,1,d2940rxp
4025,1,d2940rxp
4026,1,d2940rxp
4027,1,d2940rxp
4028,1,d2940rxp
4029,1,d2940rxp
4030,1,d2940rxp
4031,1,d2940rxp
4032,1,d2940rxp
4033,1,d2940rxp
4034,1,d2940rxp
4035,1,d2940rxp
4036,1,d2940rxp
4037,1,d2940rxp
4038,1,d2940rxp
4039,1,d2940rxp
4040,1,d2940rxp
4041,1,d2940rxp
4042,1,d2940rxp
4043,1,d2940rxp
4044,1,d2940rxp
4045,1,d2940rxp
4046,1,d2940rxp
4047,1,d2940rxp
4048,1,d2940rxp
4049,1,d2940rxp
4050,1,d2940rxp
4051,1,d2940rxp
4052,1,d2940rxp
4053,1,d2940rxp
4054,1,d2940rxp
4055,1,d2940rxp
4056,1,d2940rxp
4057,1,d2940rxp
4058,1,d2940rxp
4059,1,d2940rxp
4060,1,d2940rxp
4061,1,d2940rxp
4062,1,d2940rxp
4063,1,d2940rxp
4064,1,d2940rxp
4065,1,d2940rxp
4066,1,d2940rxp
4067,1,d2940rxp
4068,1,d2940rxp
4069,1,d2940rxp
4070,1,d2940rxp
4071,1,d2940rxp
4072,1,d2940rxp
4073,1,d2940rxp
4074,1,d2940rxp
4075,1,d2940rxp
4076,1,d2940rxp
4077,1,d2940rxp
4078,1,d2940rxp
4079,1,d2940rxp
4080,1,d2940rxp
4081,1,d2940rxp
4082,1,d2940rxp
4083,1,d2940rxp
4084,1,d2940rxp
4085,1,d2940rxp
4086,1,d2940rxp
4087,1,d2940rxp
4088,1,d2940rxp
4089,1,d2940rxp
4090,1,d2940rxp
4091,1,d2940rxp
4092,1,d2940rxp
4093,1,d2940rxp
4094,1,d2940rxp
4095,1,d2940rxp
4096,1,d2940rxp
4097,1,d2940rxp
4098,1,d2940rxp
4099,1,d2940rxp
4100,1,d2940rxp
4101,1,d2940rxp
4102,1,d2940rxp
4103,1,d2940rxp
4104,1,d2940rxp
4105,1,d2940rxp
4106,1,d2940rxp
4107,1,d2940rxp
4108,1,d2940rxp
4109,1,d2940rxp
4110,1,d2940rxp
4111,1,d2940rxp
4112,1,d2940rxp
4113,1,d2940rxp
4114,1,d2940rxp
4115,1,d2940rxp
4116,1,d2940rxp
4117,1,d2940rxp
4118,1,d2940rxp
4119,1,d2940rxp
4120,1,d2940rxp
4121,1,d2940rxp
4122,1,d2940rxp
4123,1,d2940rxp
4124,1,d2940rxp
4125,1,d2940rxp
4126,1,d2940rxp
4127,1,d2940rxp
4128,1,d2940rxp
4129,1,d2940rxp
4130,1,d2940rxp
4131,1,d2940rxp
4132,1,d2940rxp
4133,1,d2940rxp
4134,1,d2940rxp
4135,1,d2940rxp
4136,1,d2940rxp
4137,1,d2940rxp
4138,1,d2940rxp
4139,1,d2940rxp
4140,1,d2940rxp
4141,1,d2940rxp
4142,1,d2940rxp
4143,1,d2940rxp
4144,1,d2940rxp
4145,1,d2940rxp
4146,1,d2940rxp
4147,1,d2940rxp
4148,1,d2940rxp
4149,1,d2940rxp
4150,1,d2940rxp
4151,1,d2940rxp
4152,1,d2940rxp
4153,1,d2940rxp
4154,1,d2940rxp
4155,1,d2940rxp
4156,1,d2940rxp
4157,1,d2940rxp
4158,1,d2940rxp
4159,1,d2940rxp
4160,1,d2940rxp
4161,1,d2940rxp
4162,1,d2940rxp
4163,1,d2940rxp
4164,1,d2940rxp
4165,1,d2940rxp
4166,1,d2940rxp
4167,1,d2940rxp
4168,1,d2940rxp
4169,1,d2940rxp
4170,1,d2940rxp
4171,1,d2940rxp
4172,1,d2940rxp
4173,1,d2940rxp
4174,1,d2940rxp
4175,1,d2940rxp
4176,1,d2940rxp
4177,1,d2940rxp
4178,1,d2940rxp
4179,1,d2940rxp
4180,1,d2940rxp
4181,1,d2940rxp
4182,1,d2940rxp
4183,1,d2940rxp
4184,1,d2940rxp
4185,1,d2940rxp
4186,1,d2940rxp
4187,1,d2940rxp
4188,1,d2940rxp
4189,1,d2940rxp
4190,1,d2940rxp
4191,1,d2940rxp
4192,1,d2940rxp
4193,1,d2940rxp
4194,1,d2940rxp
4195,1,d2940rxp
4196,1,d2940rxp
4197,1,d2940rxp
4198,1,d2940rxp
4199,1,d2940rxp
4200,1,d2940rxp
4201,1,d2940rxp
4202,1,d2940rxp
4203,1,d2940rxp
4204,1,d2940rxp
4205,1,d2940rxp
4206,1,d2940rxp
4207,1,d2940rxp
4208,1,d2940rxp
4209,1,d2940rxp
4210,1,d2940rxp
4211,1,d2940rxp
4212,1,d2940rxp
4213,1,d2940rxp
4214,1,d2940rxp
4215,1,d2940rxp
4216,1,d2940rxp
4217,1,d2940rxp
4218,1,d2940rxp
4219,1,d2940rxp
4220,1,d2940rxp
4221,1,d2940rxp
4222,1,d2940rxp
4223,1,d2940rxp
4224,1,d2940rxp
4225,1,d2940rxp
4226,1,d2940rxp
4227,1,d2940rxp
4228,1,d2940rxp
4229,1,d2940rxp
4230,1,d2940rxp
4231,1,d2940rxp
4232,1,d2940rxp
4233,1,d2940rxp
4234,1,d2940rxp
4235,1,d2940rxp
4236,1,d2940rxp
4237,1,d2940rxp
4238,1,d2940rxp
4239,1,d2940rxp
4240,1,d2940rxp
4241,1,d2940rxp
4242,1,d2940rxp
4243,1,d2940rxp
4244,1,d2940rxp
4245,1,d2940rxp
4246,1,d2940rxp
4247,1,d2940rxp
4248,1,d2940rxp
4249,1,d2940rxp
4250,1,d2940rxp
4251,1,d2940rxp
4252,1,d2940rxp
4253,1,d2940rxp
4254,1,d2940rxp
4255,1,d2940rxp
4256,1,d2940rxp
4257,1,d2940rxp
4258,1,d2940rxp
4259,1,d2940rxp
4260,1,d2940rxp
4261,1,d2940rxp
4262,1,d2940rxp
4263,1,d2940rxp
4264,1,d2940rxp
4265,1,d2940rxp
4266,1,d2940rxp
4267,1,d2940rxp
4268,1,d2940rxp
4269,1,d2940rxp
4270,1,d2940rxp
4271,1,d2940rxp
4272,1,d2940rxp
4273,1,d2940rxp
4274,1,d2940rxp
4275,1,d2940rxp
4276,1,d2940rxp
4277,1,d2940rxp
4278,1,d2940rxp
4279,1,d2940rxp
4280,1,d2940rxp
4281,1,d2940rxp
4282,1,d2940rxp
4283,1,d2940rxp
4284,1,d2940rxp
4285,1,d2940rxp
4286,1,d2940rxp
4287,1,d2940rxp
4288,1,d2940rxp
4289,1,d2940rxp
4290,1,d2940rxp
4291,1,d2940rxp
4292,1,d2940rxp
4293,1,d2940rxp
4294,1,d2940rxp
4295,1,d2940rxp
4296,1,d2940rxp
4297,1,d2940rxp
4298,1,d2940rxp
4299,1,d2940rxp
4300,1,d2940rxp
4301,1,d2940rxp
4302,1,d2940rxp
4303,1,d2940rxp
4304,1,d2940rxp
4305,1,d2940rxp
4306,1,d2940rxp
4307,1,d2940rxp
4308,1,d2940rxp
4309,1,d2940rxp
4310,1,d2940rxp
4311,1,d2940rxp
4312,1,d2940rxp
4313,1,d2940rxp
4314,1,d2940rxp
4315,1,d2940rxp
4316,1,d2940rxp
4317,1,d2940rxp
4318,1,d2940rxp
4319,1,d2940rxp
4320,1,d2940rxp
4321,1,d2940rxp
4322,1,d2940rxp
4323,1,d2940rxp
4324,1,d2940rxp
4325,1,d2940rxp
4326,1,d2940rxp
4327,1,d2940rxp
4328,1,d2940rxp
4329,1,d2940rxp
4330,1,d2940rxp
4331,1,d2940rxp
4332,1,d2940rxp
4333,1,d2940rxp
4334,1,d2940rxp
4335,1,d2940rxp
4336,1,d2940rxp
4337,1,d2940rxp
4338,1,d2940rxp
4339,1,d2940rxp
4340,1,d2940rxp
4341,1,d2940rxp
4342,1,d2940rxp
4343,1,d2940rxp
4344,1,d2940rxp
4345,1,d2940rxp
4346,1,d2940rxp
4347,1,d2940rxp
4348,1,d2940rxp
4349,1,d2940rxp
4350,1,d2940rxp
4351,1,d2940rxp
4352,1,d2940rxp
4353,1,d2940rxp
4354,1,d2940rxp
4355,1,d2940rxp
4356,1,d2940rxp
4357,1,d2940rxp
4358,1,d2940rxp
4359,1,d2940rxp
4360,1,d2940rxp
4361,1,d2940rxp
4362,1,d2940rxp
4363,1,d2940rxp
4364,1,d2940rxp
4365,1,d2940rxp
4366,1,d2940rxp
4367,1,d2940rxp
4368,1,d2940rxp
4369,1,d2940rxp
4370,1,d2940rxp
4371,1,d2940rxp
4372,1,d2940rxp
4373,1,d2940rxp
4374,1,d2940rxp
4375,1,d2940rxp
4376,1,d2940rxp
4377,1,d2940rxp
4378,1,d2940rxp
4379,1,d2940rxp
4380,1,d2940rxp
4381,1,d2940rxp
4382,1,d2940rxp
4383,1,d2940rxp
4384,1,d2940rxp
4385,1,d2940rxp
4386,1,d2940rxp
4387,1,d2940rxp
4388,1,d2940rxp
4389,1,d2940rxp
4390,1,d2940rxp
4391,1,d2940rxp
4392,1,d2940rxp
4393,1,d2940rxp
4394,1,d2940rxp
4395,1,d2940rxp
4396,1,d2940rxp
4397,1,d2940rxp
4398,1,d2940rxp
4399,1,d2940rxp
4400,1,d2940rxp
4401,1,d2940rxp
4402,1,d2940rxp
4403,1,d2940rxp
4404,1,d2940rxp
4405,1,d2940rxp
4406,1,d2940rxp
4407,1,d2940rxp
4408,1,d2940rxp
4409,1,d2940rxp
4410,1,d2940rxp
4411,1,d2940rxp
4412,1,d2940rxp
4413,1,d2940rxp
4414,1,d2940rxp
4415,1,d2940rxp
4416,1,d2940rxp
4417,1,d2940rxp
4418,1,d2940rxp
4419,1,d2940rxp
4420,1,d2940rxp
4421,1,d2940rxp
4422,1,d2940rxp
4423,1,d2940rxp
4424,1,d2940rxp
4425,1,d2940rxp
4426,1,d2940rxp
4427,1,d2940rxp
4428,1,d2940rxp
4429,1,d2940rxp
4430,1,d2940rxp
4431,1,d2940rxp
4432,1,d2940rxp
4433,1,d2940rxp
4434,1,d2940rxp
4435,1,d2940rxp
4436,1,d2940rxp
4437,1,d2940rxp
4438,1,d2940rxp
4439,1,d2940rxp
4440,1,d2940rxp
4441,1,d2940rxp
4442,1,d2940rxp
4443,1,d2940rxp
4444,1,d2940rxp
4445,1,d2940rxp
4446,1,d2940rxp
4447,1,d2940rxp
4448,1,d2940rxp
4449,1,d2940rxp
4450,1,d2940rxp
4451,1,d2940rxp
4452,1,d2940rxp
4453,1,d2940rxp
4454,1,d2940rxp
4455,1,d2940rxp
4456,1,d2940rxp
4457,1,d2940rxp
4458,1,d2940rxp
4459,1,d2940rxp
4460,1,d2940rxp
4461,1,d2940rxp
4462,1,d2940rxp
4463,1,d2940rxp
4464,1,d2940rxp
4465,1,d2940rxp
4466,1,d2940rxp
4467,1,d2940rxp
4468,1,d2940rxp
4469,1,d2940rxp
4470,1,d2940rxp
4471,1,d2940rxp
4472,1,d2940rxp
4473,1,d2940rxp
4474,1,d2940rxp
4475,1,d2940rxp
4476,1,d2940rxp
4477,1,d2940rxp
4478,1,d2940rxp
4479,1,d2940rxp
4480,1,d2940rxp
4481,1,d2940rxp
4482,1,d2940rxp
4483,1,d2940rxp
4484,1,d2940rxp
4485,1,d2940rxp
4486,1,d2940rxp
4487,1,d2940rxp
4488,1,d2940rxp
4489,1,d2940rxp
4490,1,d2940rxp
4491,1,d2940rxp
4492,1,d2940rxp
4493,1,d2940rxp
4494,1,d2940rxp
4495,1,d2940rxp
4496,1,d2940rxp
4497,1,d2940rxp
4498,1,d2940rxp
4499,1,d2940rxp
4500,1,d2940rxp
4501,1,d2940rxp
4502,1,d2940rxp
4503,1,d2940rxp
4504,1,d2940rxp
4505,1,d2940rxp
4506,1,d2940rxp
4507,1,d2940rxp
4508,1,d2940rxp
4509,1,d2940rxp
4510,1,d2940rxp
4511,1,d2940rxp
4512,1,d2940rxp
4513,1,d2940rxp
4514,1,d2940rxp
4515,1,d2940rxp
4516,1,d2940rxp
4517,1,d2940rxp
4518,1,d2940rxp
4519,1,d2940rxp
4520,1,d2940rxp
4521,1,d2940rxp
4522,1,d2940rxp
4523,1,d2940rxp
4524,1,d2940rxp
4525,1,d2940rxp
4526,1,d2940rxp
4527,1,d2940rxp
4528,1,d2940rxp
4529,1,d2940rxp
4530,1,d2940rxp
4531,1,d2940rxp
4532,1,d2940rxp
4533,1,d2940rxp
4534,1,d2940rxp
4535,1,d2940rxp
4536,1,d2940rxp
4537,1,d2940rxp
4538,1,d2940rxp
4539,1,d2940rxp
4540,1,d2940rxp
4541,1,d2940rxp
4542,1,d2940rxp
4543,1,d2940rxp
4544,1,d2940rxp
4545,1,d2940rxp
4546,1,d2940rxp
4547,1,d2940rxp
4548,1,d2940rxp
4549,1,d2940rxp
4550,1,d2940rxp
4551,1,d2940rxp
4552,1,d2940rxp
4553,1,d2940rxp
4554,1,d2940rxp
4555,1,d2940rxp
4556,1,d2940rxp
4557,1,d2940rxp
4558,1,d2940rxp
4559,0,d2940rxp
4560,1,d2940rxp
4561,1,d2940rxp
4562,1,d2940rxp
4563,1,d2940rxp
4564,1,d2940rxp
4565,1,d2940rxp
4566,1,d2940rxp
4567,1,d2940rxp
4568,1,d2940rxp
4569,1,d2940rxp
4570,1,d2940rxp
4571,1,d2940rxp
4572,1,d2940rxp
4573,1,d2940rxp
4574,1,d2940rxp
4575,1,d2940rxp
4576,1,d2940rxp
4577,1,d2940rxp
4578,1,d2940rxp
4579,1,d2940rxp
4580,1,d2940rxp
4581,1,d2940rxp
4582,1,d2940rxp
4583,1,d2940rxp
4584,1,d2940rxp
4585,1,d2940rxp
4586,1,d2940rxp
4587,1,d2940rxp
4588,1,d2940rxp
4589,1,d2940rxp
4590,1,d2940rxp
4591,1,d2940rxp
4592,1,d2940rxp
4593,1,d2940rxp
4594,1,d2940rxp
4595,1,d2940rxp
4596,1,d2940rxp
4597,1,d2940rxp
4598,1,d2940rxp
4599,1,d2940rxp
4600,1,d2940rxp
4601,1,d2940rxp
4602,1,d2940rxp
4603,1,d2940rxp
4604,1,d2940rxp
4605,1,d2940rxp
4606,1,d2940rxp
4607,1,d2940rxp
4608,1,d2940rxp
4609,1,d2940rxp
4610,1,d2940rxp
4611,1,d2940rxp
4612,1,d2940rxp
4613,1,d2940rxp
4614,1,d2940rxp
4615,1,d2940rxp
4616,1,d2940rxp
4617,1,d2940rxp
4618,1,d2940rxp
4619,1,d2940rxp
4620,1,d2940rxp
4621,1,d2940rxp
4622,1,d2940rxp
4623,1,d2940rxp
4624,1,d2940rxp
4625,1,d2940rxp
4626,1,d2940rxp
4627,1,d2940rxp
4628,1,d2940rxp
4629,1,d2940rxp
4630,1,d2940rxp
4631,1,d2940rxp
4632,1,d2940rxp
4633,1,d2940rxp
4634,1,d2940rxp
4635,1,d2940rxp
4636,1,d2940rxp
4637,1,d2940rxp
4638,1,d2940rxp
4639,1,d2940rxp
4640,1,d2940rxp
4641,1,d2940rxp
4642,1,d2940rxp
4643,1,d2940rxp
4644,1,d2940rxp
4645,1,d2940rxp
4646,1,d2940rxp
4647,1,d2940rxp
4648,1,d2940rxp
4649,1,d2940rxp
4650,1,d2940rxp
4651,1,d2940rxp
4652,1,d2940rxp
4653,1,d2940rxp
4654,1,d2940rxp
4655,1,d2940rxp
4656,1,d2940rxp
4657,1,d2940rxp
4658,1,d2940rxp
4659,1,d2940rxp
4660,1,d2940rxp
4661,1,d2940rxp
4662,1,d2940rxp
4663,1,d2940rxp
4664,1,d2940rxp
4665,1,d2940rxp
4666,1,d2940rxp
4668,1,d2940rxp
4669,1,d2940rxp
4670,1,d2940rxp
4671,1,d2940rxp
4672,1,d2940rxp
4673,1,d2940rxp
4674,1,d2940rxp
4675,1,d2940rxp
4676,1,d2940rxp
4677,1,d2940rxp
4678,1,d2940rxp
4679,1,d2940rxp
4680,1,d2940rxp
4681,1,d2940rxp
4682,1,d2940rxp
4683,1,d2940rxp
4684,1,d2940rxp
4685,1,d2940rxp
4686,1,d2940rxp
4687,1,d2940rxp
4688,1,d2940rxp
4689,1,d2940rxp
4690,1,d2940rxp
4691,1,d2940rxp
4692,1,d2940rxp
4693,1,d2940rxp
4694,1,d2940rxp
4695,1,d2940rxp
4696,1,d2940rxp
4697,1,d2940rxp
4698,1,d2940rxp
4699,1,d2940rxp
4700,1,d2940rxp
4701,1,d2940rxp
4702,1,d2940rxp
4703,1,d2940rxp
4704,1,d2940rxp
4705,1,d2940rxp
4706,1,d2940rxp
4707,1,d2940rxp
4708,1,d2940rxp
4709,1,d2940rxp
4710,1,d2940rxp
4711,1,d2940rxp
4712,1,d2940rxp
4713,1,d2940rxp
4714,1,d2940rxp
4715,1,d2940rxp
4716,1,d2940rxp
4717,1,d2940rxp
4718,1,d2940rxp
4719,1,d2940rxp
4720,1,d2940rxp
4721,1,d2940rxp
4722,1,d2940rxp
4723,1,d2940rxp
4724,1,d2940rxp
4725,1,d2940rxp
4726,1,d2940rxp
4727,1,d2940rxp
4728,1,d2940rxp
4729,1,d2940rxp
4730,1,d2940rxp
4731,1,d2940rxp
4732,1,d2940rxp
4733,1,d2940rxp
4734,1,d2940rxp
4735,1,d2940rxp
4736,1,d2940rxp
4737,1,d2940rxp
4738,1,d2940rxp
4739,1,d2940rxp
4740,1,d2940rxp
4741,1,d2940rxp
4742,1,d2940rxp
4743,1,d2940rxp
4744,1,d2940rxp
4745,1,d2940rxp
4746,1,d2940rxp
4747,1,d2940rxp
4748,1,d2940rxp
4749,1,d2940rxp
4750,1,d2940rxp
4751,1,d2940rxp
4752,1,d2940rxp
4753,1,d2940rxp
4754,1,d2940rxp
4755,1,d2940rxp
4756,1,d2940rxp
4757,1,d2940rxp
4758,1,d2940rxp
4759,1,d2940rxp
4760,1,d2940rxp
4761,1,d2940rxp
4762,1,d2940rxp
4763,1,d2940rxp
4764,1,d2940rxp
4765,1,d2940rxp
4766,1,d2940rxp
4767,1,d2940rxp
4768,1,d2940rxp
4769,1,d2940rxp
4770,1,d2940rxp
4771,1,d2940rxp
4772,1,d2940rxp
4773,1,d2940rxp
4774,1,d2940rxp
4775,1,d2940rxp
4776,1,d2940rxp
4777,1,d2940rxp
4778,1,d2940rxp
4779,1,d2940rxp
4780,1,d2940rxp
4781,1,d2940rxp
4782,1,d2940rxp
4783,1,d2940rxp
4784,1,d2940rxp
4785,1,d2940rxp
4786,1,d2940rxp
4787,1,d2940rxp
4788,1,d2940rxp
4789,1,d2940rxp
4790,1,d2940rxp
4791,1,d2940rxp
4792,1,d2940rxp
4793,1,d2940rxp
4794,1,d2940rxp
4795,1,d2940rxp
4796,1,d2940rxp
4797,1,d2940rxp
4798,1,d2940rxp
4799,1,d2940rxp
4800,1,d2940rxp
4801,1,d2940rxp
4802,1,d2940rxp
4803,1,d2940rxp
4804,1,d2940rxp
4805,1,d2940rxp
4806,1,d2940rxp
4807,1,d2940rxp
4808,1,d2940rxp
4809,1,d2940rxp
4810,1,d2940rxp
4811,1,d2940rxp
4812,1,d2940rxp
4813,1,d2940rxp
4814,1,d2940rxp
4815,1,d2940rxp
4816,1,d2940rxp
4817,1,d2940rxp
4818,1,d2940rxp
4819,1,d2940rxp
4820,1,d2940rxp
4821,1,d2940rxp
4822,1,d2940rxp
4823,1,d2940rxp
4824,1,d2940rxp
4825,1,d2940rxp
4826,1,d2940rxp
4827,1,d2940rxp
4828,1,d2940rxp
4829,1,d2940rxp
4830,1,d2940rxp
4831,1,d2940rxp
4832,1,d2940rxp
4833,1,d2940rxp
4834,1,d2940rxp
4835,1,d2940rxp
4836,1,d2940rxp
4837,1,d2940rxp
4838,1,d2940rxp
4839,1,d2940rxp
4840,1,d2940rxp
4841,1,d2940rxp
4842,1,d2940rxp
4843,1,d2940rxp
4844,1,d2940rxp
4845,1,d2940rxp
4846,1,d2940rxp
4847,1,d2940rxp
4848,1,d2940rxp
4849,1,d2940rxp
4850,1,d2940rxp
4851,1,d2940rxp
4852,1,d2940rxp
4853,1,d2940rxp
4854,1,d2940rxp
4855,1,d2940rxp
4856,1,d2940rxp
4857,1,d2940rxp
4858,1,d2940rxp
4859,1,d2940rxp
4860,0,d2940rxp
4861,1,d2940rxp
4862,1,d2940rxp
4863,1,d2940rxp
4864,1,d2940rxp
4865,1,d2940rxp
4866,1,d2940rxp
4867,1,d2940rxp
4868,1,d2940rxp
4869,1,d2940rxp
4870,1,d2940rxp
4871,1,d2940rxp
4872,1,d2940rxp
4873,1,d2940rxp
4874,1,d2940rxp
4875,1,d2940rxp
4876,1,d2940rxp
4877,1,d2940rxp
4878,1,d2940rxp
4879,1,d2940rxp
4880,1,d2940rxp
4881,1,d2940rxp
4882,1,d2940rxp
4883,1,d2940rxp
4884,1,d2940rxp
4885,1,d2940rxp
4886,1,d2940rxp
4887,1,d2940rxp
4888,1,d2940rxp
4889,1,d2940rxp
4890,1,d2940rxp
4891,1,d2940rxp
4892,1,d2940rxp
4893,1,d2940rxp
4894,1,d2940rxp
4895,1,d2940rxp
4896,1,d2940rxp
4897,1,d2940rxp
4898,1,d2940rxp
4899,1,d2940rxp
4900,1,d2940rxp
4901,1,d2940rxp
4902,1,d2940rxp
4903,1,d2940rxp
4904,1,d2940rxp
4905,1,d2940rxp
4906,1,d2940rxp
4907,1,d2940rxp
4908,1,d2940rxp
4909,1,d2940rxp
4910,1,d2940rxp
4911,1,d2940rxp
4912,1,d2940rxp
4913,1,d2940rxp
4914,1,d2940rxp
4915,1,d2940rxp
4916,1,d2940rxp
4917,1,d2940rxp
4918,1,d2940rxp
4919,1,d2940rxp
4920,1,d2940rxp
4921,1,d2940rxp
4922,1,d2940rxp
4923,1,d2940rxp
4924,1,d2940rxp
4925,1,d2940rxp
4926,1,d2940rxp
4927,1,d2940rxp
4928,1,d2940rxp
4929,1,d2940rxp
4930,1,d2940rxp
4931,1,d2940rxp
4932,1,d2940rxp
4933,1,d2940rxp
4934,1,d2940rxp
4935,1,d2940rxp
4936,1,d2940rxp
4937,1,d2940rxp
4938,1,d2940rxp
4939,1,d2940rxp
4940,1,d2940rxp
4941,1,d2940rxp
4942,1,d2940rxp
4943,1,d2940rxp
4944,1,d2940rxp
4945,1,d2940rxp
4946,1,d2940rxp
4947,1,d2940rxp
4948,1,d2940rxp
4949,1,d2940rxp
4950,1,d2940rxp
4951,1,d2940rxp
4952,1,d2940rxp
4953,1,d2940rxp
4954,1,d2940rxp
4955,1,d2940rxp
4956,1,d2940rxp
4957,1,d2940rxp
4958,1,d2940rxp
4959,1,d2940rxp
4960,1,d2940rxp
4961,1,d2940rxp
4962,1,d2940rxp
4963,1,d2940rxp
4964,1,d2940rxp
4965,1,d2940rxp
4966,1,d2940rxp
4967,1,d2940rxp
4968,1,d2940rxp
4969,1,d2940rxp
4970,1,d2940rxp
4971,1,d2940rxp
4972,1,d2940rxp
4973,1,d2940rxp
4974,1,d2940rxp
4975,1,d2940rxp
4976,1,d2940rxp
4977,1,d2940rxp
4978,1,d2940rxp
4979,1,d2940rxp
4980,1,d2940rxp
4981,1,d2940rxp
4982,1,d2940rxp
4983,1,d2940rxp
4984,1,d2940rxp
4985,1,d2940rxp
4986,1,d2940rxp
4987,1,d2940rxp
4988,1,d2940rxp
4989,1,d2940rxp
4990,1,d2940rxp
4991,1,d2940rxp
4992,1,d2940rxp
4993,1,d2940rxp
4994,1,d2940rxp
4995,1,d2940rxp
4996,1,d2940rxp
4997,1,d2940rxp
4998,1,d2940rxp
4999,1,d2940rxp
4999,1,d2940rxp
0,0,dmvmnuus
1,0,dmvmnuus
2,0,dmvmnuus
3,0,dmvmnuus
4,0,dmvmnuus
5,0,dmvmnuus
6,0,dmvmnuus
7,0,dmvmnuus
8,0,dmvmnuus
9,0,dmvmnuus
10,0,dmvmnuus
11,0,dmvmnuus
12,0,dmvmnuus
13,0,dmvmnuus
14,0,dmvmnuus
15,0,dmvmnuus
16,0,dmvmnuus
17,0,dmvmnuus
18,0,dmvmnuus
19,0,dmvmnuus
20,0,dmvmnuus
21,0,dmvmnuus
22,0,dmvmnuus
23,0,dmvmnuus
24,0,dmvmnuus
25,0,dmvmnuus
26,0,dmvmnuus
27,0,dmvmnuus
28,0,dmvmnuus
29,0,dmvmnuus
30,0,dmvmnuus
31,0,dmvmnuus
32,0,dmvmnuus
33,0,dmvmnuus
34,0,dmvmnuus
35,0,dmvmnuus
36,0,dmvmnuus
37,0,dmvmnuus
38,0,dmvmnuus
39,0,dmvmnuus
40,0,dmvmnuus
41,0,dmvmnuus
42,0,dmvmnuus
43,0,dmvmnuus
44,0,dmvmnuus
45,0,dmvmnuus
46,0,dmvmnuus
47,0,dmvmnuus
48,0,dmvmnuus
49,0,dmvmnuus
50,0,dmvmnuus
51,0,dmvmnuus
52,0,dmvmnuus
53,0,dmvmnuus
54,0,dmvmnuus
55,0,dmvmnuus
56,0,dmvmnuus
57,0,dmvmnuus
58,0,dmvmnuus
59,0,dmvmnuus
60,0,dmvmnuus
61,0,dmvmnuus
62,0,dmvmnuus
63,0,dmvmnuus
64,0,dmvmnuus
65,0,dmvmnuus
66,0,dmvmnuus
67,0,dmvmnuus
68,0,dmvmnuus
69,0,dmvmnuus
70,0,dmvmnuus
71,0,dmvmnuus
72,0,dmvmnuus
73,0,dmvmnuus
74,0,dmvmnuus
75,0,dmvmnuus
76,0,dmvmnuus
77,0,dmvmnuus
78,0,dmvmnuus
79,0,dmvmnuus
80,0,dmvmnuus
81,0,dmvmnuus
82,0,dmvmnuus
83,0,dmvmnuus
84,0,dmvmnuus
85,0,dmvmnuus
86,0,dmvmnuus
87,0,dmvmnuus
88,0,dmvmnuus
89,0,dmvmnuus
90,0,dmvmnuus
91,0,dmvmnuus
92,0,dmvmnuus
93,0,dmvmnuus
94,0,dmvmnuus
95,0,dmvmnuus
96,0,dmvmnuus
97,0,dmvmnuus
98,0,dmvmnuus
99,0,dmvmnuus
100,0,dmvmnuus
101,0,dmvmnuus
102,0,dmvmnuus
103,0,dmvmnuus
104,0,dmvmnuus
105,0,dmvmnuus
106,0,dmvmnuus
107,0,dmvmnuus
108,0,dmvmnuus
109,0,dmvmnuus
110,0,dmvmnuus
111,0,dmvmnuus
112,0,dmvmnuus
113,0,dmvmnuus
114,0,dmvmnuus
115,0,dmvmnuus
116,0,dmvmnuus
117,0,dmvmnuus
118,0,dmvmnuus
119,0,dmvmnuus
120,0,dmvmnuus
121,0,dmvmnuus
122,0,dmvmnuus
123,0,dmvmnuus
124,0,dmvmnuus
125,0,dmvmnuus
126,0,dmvmnuus
127,0,dmvmnuus
128,0,dmvmnuus
129,0,dmvmnuus
130,0,dmvmnuus
131,0,dmvmnuus
132,0,dmvmnuus
133,0,dmvmnuus
134,0,dmvmnuus
135,0,dmvmnuus
136,0,dmvmnuus
137,0,dmvmnuus
138,0,dmvmnuus
139,0,dmvmnuus
140,0,dmvmnuus
141,0,dmvmnuus
142,0,dmvmnuus
143,0,dmvmnuus
144,0,dmvmnuus
145,0,dmvmnuus
146,0,dmvmnuus
147,0,dmvmnuus
148,0,dmvmnuus
149,0,dmvmnuus
150,0,dmvmnuus
151,0,dmvmnuus
152,0,dmvmnuus
153,0,dmvmnuus
154,0,dmvmnuus
155,0,dmvmnuus
156,0,dmvmnuus
157,0,dmvmnuus
158,0,dmvmnuus
159,0,dmvmnuus
160,0,dmvmnuus
161,0,dmvmnuus
162,0,dmvmnuus
163,0,dmvmnuus
164,0,dmvmnuus
165,0,dmvmnuus
166,0,dmvmnuus
167,0,dmvmnuus
168,0,dmvmnuus
169,0,dmvmnuus
170,0,dmvmnuus
171,0,dmvmnuus
172,0,dmvmnuus
173,0,dmvmnuus
174,0,dmvmnuus
175,0,dmvmnuus
176,0,dmvmnuus
177,0,dmvmnuus
178,0,dmvmnuus
179,0,dmvmnuus
180,0,dmvmnuus
181,0,dmvmnuus
182,0,dmvmnuus
183,0,dmvmnuus
184,0,dmvmnuus
185,0,dmvmnuus
186,0,dmvmnuus
187,0,dmvmnuus
188,0,dmvmnuus
189,0,dmvmnuus
190,0,dmvmnuus
191,0,dmvmnuus
192,0,dmvmnuus
193,0,dmvmnuus
194,0,dmvmnuus
195,0,dmvmnuus
196,0,dmvmnuus
197,0,dmvmnuus
198,0,dmvmnuus
199,0,dmvmnuus
200,0,dmvmnuus
201,0,dmvmnuus
202,0,dmvmnuus
203,0,dmvmnuus
204,0,dmvmnuus
205,0,dmvmnuus
206,0,dmvmnuus
207,0,dmvmnuus
208,0,dmvmnuus
209,0,dmvmnuus
210,0,dmvmnuus
211,0,dmvmnuus
212,0,dmvmnuus
213,0,dmvmnuus
214,0,dmvmnuus
215,0,dmvmnuus
216,0,dmvmnuus
217,0,dmvmnuus
218,0,dmvmnuus
219,0,dmvmnuus
220,0,dmvmnuus
221,0,dmvmnuus
222,0,dmvmnuus
223,0,dmvmnuus
224,0,dmvmnuus
225,0,dmvmnuus
226,0,dmvmnuus
227,0,dmvmnuus
228,0,dmvmnuus
229,0,dmvmnuus
230,0,dmvmnuus
231,0,dmvmnuus
232,0,dmvmnuus
233,0,dmvmnuus
234,0,dmvmnuus
235,0,dmvmnuus
236,0,dmvmnuus
237,0,dmvmnuus
238,0,dmvmnuus
239,0,dmvmnuus
240,0,dmvmnuus
241,0,dmvmnuus
242,0,dmvmnuus
243,0,dmvmnuus
244,0,dmvmnuus
245,0,dmvmnuus
246,0,dmvmnuus
247,0,dmvmnuus
248,0,dmvmnuus
249,0,dmvmnuus
250,0,dmvmnuus
251,0,dmvmnuus
252,0,dmvmnuus
253,0,dmvmnuus
254,0,dmvmnuus
255,0,dmvmnuus
256,0,dmvmnuus
257,0,dmvmnuus
258,0,dmvmnuus
259,0,dmvmnuus
260,0,dmvmnuus
261,0,dmvmnuus
262,0,dmvmnuus
263,0,dmvmnuus
264,0,dmvmnuus
265,0,dmvmnuus
266,0,dmvmnuus
267,0,dmvmnuus
268,0,dmvmnuus
269,0,dmvmnuus
270,0,dmvmnuus
271,0,dmvmnuus
272,0,dmvmnuus
273,0,dmvmnuus
274,0,dmvmnuus
275,0,dmvmnuus
276,0,dmvmnuus
277,0,dmvmnuus
278,0,dmvmnuus
279,0,dmvmnuus
280,0,dmvmnuus
281,0,dmvmnuus
282,0,dmvmnuus
283,0,dmvmnuus
284,0,dmvmnuus
285,0,dmvmnuus
286,0,dmvmnuus
287,0,dmvmnuus
288,0,dmvmnuus
289,0,dmvmnuus
290,0,dmvmnuus
291,0,dmvmnuus
292,0,dmvmnuus
293,0,dmvmnuus
294,0,dmvmnuus
295,0,dmvmnuus
296,0,dmvmnuus
297,0,dmvmnuus
298,0,dmvmnuus
299,0,dmvmnuus
300,0,dmvmnuus
301,0,dmvmnuus
302,0,dmvmnuus
303,0,dmvmnuus
304,0,dmvmnuus
305,0,dmvmnuus
306,0,dmvmnuus
307,0,dmvmnuus
308,0,dmvmnuus
309,0,dmvmnuus
310,0,dmvmnuus
311,0,dmvmnuus
312,0,dmvmnuus
313,0,dmvmnuus
314,0,dmvmnuus
315,0,dmvmnuus
316,0,dmvmnuus
317,0,dmvmnuus
318,0,dmvmnuus
319,0,dmvmnuus
320,0,dmvmnuus
321,0,dmvmnuus
322,0,dmvmnuus
323,0,dmvmnuus
324,0,dmvmnuus
325,0,dmvmnuus
326,0,dmvmnuus
327,0,dmvmnuus
328,0,dmvmnuus
329,0,dmvmnuus
330,0,dmvmnuus
331,0,dmvmnuus
332,0,dmvmnuus
333,0,dmvmnuus
334,0,dmvmnuus
335,0,dmvmnuus
336,0,dmvmnuus
337,0,dmvmnuus
338,0,dmvmnuus
339,0,dmvmnuus
340,0,dmvmnuus
341,0,dmvmnuus
342,0,dmvmnuus
343,0,dmvmnuus
344,0,dmvmnuus
345,0,dmvmnuus
346,0,dmvmnuus
347,0,dmvmnuus
348,0,dmvmnuus
349,0,dmvmnuus
350,0,dmvmnuus
351,0,dmvmnuus
352,0,dmvmnuus
353,0,dmvmnuus
354,0,dmvmnuus
355,0,dmvmnuus
356,0,dmvmnuus
357,0,dmvmnuus
358,0,dmvmnuus
359,0,dmvmnuus
360,0,dmvmnuus
361,0,dmvmnuus
362,0,dmvmnuus
363,0,dmvmnuus
364,0,dmvmnuus
365,0,dmvmnuus
366,0,dmvmnuus
367,0,dmvmnuus
368,0,dmvmnuus
369,0,dmvmnuus
370,0,dmvmnuus
371,0,dmvmnuus
372,0,dmvmnuus
373,0,dmvmnuus
374,0,dmvmnuus
375,0,dmvmnuus
376,0,dmvmnuus
377,0,dmvmnuus
378,0,dmvmnuus
379,0,dmvmnuus
380,0,dmvmnuus
381,0,dmvmnuus
382,0,dmvmnuus
383,0,dmvmnuus
384,0,dmvmnuus
385,0,dmvmnuus
386,0,dmvmnuus
387,0,dmvmnuus
388,0,dmvmnuus
389,0,dmvmnuus
390,0,dmvmnuus
391,0,dmvmnuus
392,0,dmvmnuus
393,0,dmvmnuus
394,0,dmvmnuus
395,0,dmvmnuus
396,0,dmvmnuus
397,0,dmvmnuus
398,0,dmvmnuus
399,0,dmvmnuus
400,0,dmvmnuus
401,0,dmvmnuus
402,0,dmvmnuus
403,0,dmvmnuus
404,0,dmvmnuus
405,0,dmvmnuus
406,0,dmvmnuus
407,0,dmvmnuus
408,0,dmvmnuus
409,0,dmvmnuus
410,0,dmvmnuus
411,0,dmvmnuus
412,0,dmvmnuus
413,0,dmvmnuus
414,0,dmvmnuus
415,0,dmvmnuus
416,0,dmvmnuus
417,0,dmvmnuus
418,0,dmvmnuus
419,0,dmvmnuus
420,0,dmvmnuus
421,0,dmvmnuus
422,0,dmvmnuus
423,0,dmvmnuus
424,0,dmvmnuus
425,0,dmvmnuus
426,0,dmvmnuus
427,0,dmvmnuus
428,0,dmvmnuus
429,0,dmvmnuus
430,0,dmvmnuus
431,0,dmvmnuus
432,0,dmvmnuus
433,0,dmvmnuus
434,0,dmvmnuus
435,0,dmvmnuus
436,0,dmvmnuus
437,0,dmvmnuus
438,0,dmvmnuus
439,0,dmvmnuus
440,0,dmvmnuus
441,0,dmvmnuus
442,0,dmvmnuus
443,0,dmvmnuus
444,0,dmvmnuus
445,0,dmvmnuus
446,0,dmvmnuus
447,0,dmvmnuus
448,0,dmvmnuus
449,0,dmvmnuus
450,0,dmvmnuus
451,0,dmvmnuus
452,0,dmvmnuus
453,0,dmvmnuus
454,0,dmvmnuus
455,0,dmvmnuus
456,0,dmvmnuus
457,0,dmvmnuus
458,0,dmvmnuus
459,0,dmvmnuus
460,0,dmvmnuus
461,0,dmvmnuus
462,0,dmvmnuus
463,0,dmvmnuus
464,0,dmvmnuus
465,0,dmvmnuus
466,0,dmvmnuus
467,0,dmvmnuus
468,0,dmvmnuus
469,0,dmvmnuus
470,0,dmvmnuus
471,0,dmvmnuus
472,0,dmvmnuus
473,0,dmvmnuus
474,0,dmvmnuus
475,0,dmvmnuus
476,0,dmvmnuus
477,0,dmvmnuus
478,0,dmvmnuus
479,0,dmvmnuus
480,0,dmvmnuus
481,0,dmvmnuus
482,0,dmvmnuus
483,0,dmvmnuus
484,0,dmvmnuus
485,0,dmvmnuus
486,0,dmvmnuus
487,0,dmvmnuus
488,0,dmvmnuus
489,0,dmvmnuus
490,0,dmvmnuus
491,0,dmvmnuus
492,0,dmvmnuus
493,0,dmvmnuus
494,0,dmvmnuus
495,0,dmvmnuus
496,0,dmvmnuus
497,0,dmvmnuus
498,0,dmvmnuus
499,0,dmvmnuus
500,0,dmvmnuus
501,0,dmvmnuus
502,0,dmvmnuus
503,0,dmvmnuus
504,0,dmvmnuus
505,0,dmvmnuus
506,0,dmvmnuus
507,0,dmvmnuus
508,0,dmvmnuus
509,0,dmvmnuus
510,0,dmvmnuus
511,0,dmvmnuus
512,0,dmvmnuus
513,0,dmvmnuus
514,0,dmvmnuus
515,0,dmvmnuus
516,0,dmvmnuus
517,0,dmvmnuus
518,0,dmvmnuus
519,0,dmvmnuus
520,0,dmvmnuus
521,0,dmvmnuus
522,0,dmvmnuus
523,0,dmvmnuus
524,0,dmvmnuus
525,0,dmvmnuus
526,0,dmvmnuus
527,0,dmvmnuus
528,0,dmvmnuus
529,0,dmvmnuus
530,0,dmvmnuus
531,0,dmvmnuus
532,0,dmvmnuus
533,0,dmvmnuus
534,0,dmvmnuus
535,0,dmvmnuus
536,0,dmvmnuus
537,0,dmvmnuus
538,0,dmvmnuus
539,0,dmvmnuus
540,0,dmvmnuus
541,0,dmvmnuus
542,0,dmvmnuus
543,0,dmvmnuus
544,0,dmvmnuus
545,0,dmvmnuus
546,0,dmvmnuus
547,0,dmvmnuus
548,0,dmvmnuus
549,0,dmvmnuus
550,0,dmvmnuus
551,0,dmvmnuus
552,0,dmvmnuus
553,0,dmvmnuus
554,0,dmvmnuus
555,0,dmvmnuus
556,0,dmvmnuus
557,0,dmvmnuus
558,0,dmvmnuus
559,0,dmvmnuus
560,0,dmvmnuus
561,0,dmvmnuus
562,0,dmvmnuus
563,0,dmvmnuus
564,0,dmvmnuus
565,0,dmvmnuus
566,0,dmvmnuus
567,0,dmvmnuus
568,0,dmvmnuus
569,0,dmvmnuus
570,0,dmvmnuus
571,0,dmvmnuus
572,0,dmvmnuus
573,0,dmvmnuus
574,0,dmvmnuus
575,0,dmvmnuus
576,0,dmvmnuus
577,0,dmvmnuus
578,0,dmvmnuus
579,0,dmvmnuus
580,0,dmvmnuus
581,0,dmvmnuus
582,0,dmvmnuus
583,0,dmvmnuus
584,0,dmvmnuus
585,0,dmvmnuus
586,0,dmvmnuus
587,0,dmvmnuus
588,0,dmvmnuus
589,0,dmvmnuus
590,0,dmvmnuus
591,0,dmvmnuus
592,0,dmvmnuus
593,0,dmvmnuus
594,0,dmvmnuus
595,0,dmvmnuus
596,0,dmvmnuus
597,0,dmvmnuus
598,0,dmvmnuus
599,0,dmvmnuus
600,0,dmvmnuus
601,0,dmvmnuus
602,0,dmvmnuus
603,0,dmvmnuus
604,0,dmvmnuus
605,0,dmvmnuus
606,0,dmvmnuus
607,0,dmvmnuus
608,0,dmvmnuus
609,0,dmvmnuus
610,0,dmvmnuus
611,0,dmvmnuus
612,0,dmvmnuus
613,0,dmvmnuus
614,0,dmvmnuus
615,0,dmvmnuus
616,0,dmvmnuus
617,0,dmvmnuus
618,0,dmvmnuus
619,0,dmvmnuus
620,0,dmvmnuus
621,0,dmvmnuus
622,0,dmvmnuus
623,0,dmvmnuus
624,0,dmvmnuus
625,0,dmvmnuus
626,0,dmvmnuus
627,0,dmvmnuus
628,0,dmvmnuus
629,0,dmvmnuus
630,0,dmvmnuus
631,0,dmvmnuus
632,0,dmvmnuus
633,0,dmvmnuus
634,0,dmvmnuus
635,0,dmvmnuus
636,0,dmvmnuus
637,0,dmvmnuus
638,0,dmvmnuus
639,0,dmvmnuus
640,0,dmvmnuus
641,0,dmvmnuus
642,0,dmvmnuus
643,0,dmvmnuus
644,0,dmvmnuus
645,0,dmvmnuus
646,0,dmvmnuus
647,0,dmvmnuus
648,0,dmvmnuus
649,0,dmvmnuus
650,0,dmvmnuus
651,0,dmvmnuus
652,0,dmvmnuus
653,0,dmvmnuus
654,0,dmvmnuus
655,0,dmvmnuus
656,0,dmvmnuus
657,0,dmvmnuus
658,0,dmvmnuus
659,0,dmvmnuus
660,0,dmvmnuus
661,0,dmvmnuus
662,0,dmvmnuus
663,0,dmvmnuus
664,0,dmvmnuus
665,0,dmvmnuus
666,0,dmvmnuus
667,0,dmvmnuus
668,0,dmvmnuus
669,0,dmvmnuus
670,0,dmvmnuus
671,0,dmvmnuus
672,0,dmvmnuus
673,0,dmvmnuus
674,0,dmvmnuus
675,0,dmvmnuus
676,0,dmvmnuus
677,0,dmvmnuus
678,0,dmvmnuus
679,0,dmvmnuus
680,0,dmvmnuus
681,0,dmvmnuus
682,0,dmvmnuus
683,0,dmvmnuus
684,0,dmvmnuus
685,0,dmvmnuus
686,0,dmvmnuus
687,0,dmvmnuus
688,0,dmvmnuus
689,0,dmvmnuus
690,0,dmvmnuus
691,0,dmvmnuus
692,0,dmvmnuus
693,0,dmvmnuus
694,0,dmvmnuus
695,0,dmvmnuus
696,0,dmvmnuus
697,0,dmvmnuus
698,0,dmvmnuus
699,0,dmvmnuus
700,0,dmvmnuus
701,0,dmvmnuus
702,0,dmvmnuus
703,0,dmvmnuus
704,0,dmvmnuus
705,0,dmvmnuus
706,0,dmvmnuus
707,0,dmvmnuus
708,0,dmvmnuus
709,0,dmvmnuus
710,0,dmvmnuus
711,0,dmvmnuus
712,0,dmvmnuus
713,0,dmvmnuus
714,0,dmvmnuus
715,0,dmvmnuus
716,0,dmvmnuus
717,0,dmvmnuus
718,0,dmvmnuus
719,0,dmvmnuus
720,0,dmvmnuus
721,0,dmvmnuus
722,0,dmvmnuus
723,0,dmvmnuus
724,0,dmvmnuus
725,0,dmvmnuus
726,0,dmvmnuus
727,0,dmvmnuus
728,0,dmvmnuus
729,0,dmvmnuus
730,0,dmvmnuus
731,0,dmvmnuus
732,0,dmvmnuus
733,0,dmvmnuus
734,0,dmvmnuus
735,0,dmvmnuus
736,0,dmvmnuus
737,0,dmvmnuus
738,0,dmvmnuus
739,0,dmvmnuus
740,0,dmvmnuus
741,0,dmvmnuus
742,0,dmvmnuus
743,0,dmvmnuus
744,0,dmvmnuus
745,0,dmvmnuus
746,0,dmvmnuus
747,0,dmvmnuus
748,0,dmvmnuus
749,0,dmvmnuus
750,0,dmvmnuus
751,0,dmvmnuus
752,0,dmvmnuus
753,0,dmvmnuus
754,0,dmvmnuus
755,0,dmvmnuus
756,0,dmvmnuus
757,0,dmvmnuus
758,0,dmvmnuus
759,0,dmvmnuus
760,0,dmvmnuus
761,0,dmvmnuus
762,0,dmvmnuus
763,0,dmvmnuus
764,0,dmvmnuus
765,0,dmvmnuus
766,0,dmvmnuus
767,0,dmvmnuus
768,0,dmvmnuus
769,0,dmvmnuus
770,0,dmvmnuus
771,0,dmvmnuus
772,0,dmvmnuus
773,0,dmvmnuus
774,0,dmvmnuus
775,0,dmvmnuus
776,0,dmvmnuus
777,0,dmvmnuus
778,0,dmvmnuus
779,0,dmvmnuus
780,0,dmvmnuus
781,0,dmvmnuus
782,0,dmvmnuus
783,0,dmvmnuus
784,0,dmvmnuus
785,0,dmvmnuus
786,0,dmvmnuus
787,0,dmvmnuus
788,0,dmvmnuus
789,0,dmvmnuus
790,0,dmvmnuus
791,0,dmvmnuus
792,0,dmvmnuus
793,0,dmvmnuus
794,0,dmvmnuus
795,0,dmvmnuus
796,0,dmvmnuus
797,0,dmvmnuus
798,0,dmvmnuus
799,0,dmvmnuus
800,0,dmvmnuus
801,0,dmvmnuus
802,0,dmvmnuus
803,0,dmvmnuus
804,0,dmvmnuus
805,0,dmvmnuus
806,0,dmvmnuus
807,0,dmvmnuus
808,0,dmvmnuus
809,0,dmvmnuus
810,0,dmvmnuus
811,0,dmvmnuus
812,0,dmvmnuus
813,0,dmvmnuus
814,0,dmvmnuus
815,0,dmvmnuus
816,0,dmvmnuus
817,0,dmvmnuus
818,0,dmvmnuus
819,0,dmvmnuus
820,0,dmvmnuus
821,0,dmvmnuus
822,0,dmvmnuus
823,0,dmvmnuus
824,0,dmvmnuus
825,0,dmvmnuus
826,0,dmvmnuus
827,0,dmvmnuus
828,0,dmvmnuus
829,0,dmvmnuus
830,0,dmvmnuus
831,0,dmvmnuus
832,0,dmvmnuus
833,0,dmvmnuus
834,0,dmvmnuus
835,0,dmvmnuus
836,0,dmvmnuus
837,0,dmvmnuus
838,0,dmvmnuus
839,0,dmvmnuus
840,0,dmvmnuus
841,0,dmvmnuus
842,0,dmvmnuus
843,0,dmvmnuus
844,0,dmvmnuus
845,0,dmvmnuus
846,0,dmvmnuus
847,0,dmvmnuus
848,0,dmvmnuus
849,0,dmvmnuus
850,0,dmvmnuus
851,0,dmvmnuus
852,0,dmvmnuus
853,0,dmvmnuus
854,0,dmvmnuus
855,0,dmvmnuus
856,0,dmvmnuus
857,0,dmvmnuus
858,0,dmvmnuus
859,0,dmvmnuus
860,0,dmvmnuus
861,0,dmvmnuus
862,0,dmvmnuus
863,0,dmvmnuus
864,0,dmvmnuus
865,0,dmvmnuus
866,0,dmvmnuus
867,0,dmvmnuus
868,0,dmvmnuus
869,0,dmvmnuus
870,0,dmvmnuus
871,0,dmvmnuus
872,0,dmvmnuus
873,0,dmvmnuus
874,0,dmvmnuus
875,0,dmvmnuus
876,0,dmvmnuus
877,0,dmvmnuus
878,0,dmvmnuus
879,0,dmvmnuus
880,0,dmvmnuus
881,0,dmvmnuus
882,0,dmvmnuus
883,0,dmvmnuus
884,0,dmvmnuus
885,0,dmvmnuus
886,0,dmvmnuus
887,0,dmvmnuus
888,0,dmvmnuus
889,0,dmvmnuus
890,0,dmvmnuus
891,0,dmvmnuus
892,0,dmvmnuus
893,0,dmvmnuus
894,0,dmvmnuus
895,0,dmvmnuus
896,0,dmvmnuus
897,0,dmvmnuus
898,0,dmvmnuus
899,0,dmvmnuus
900,0,dmvmnuus
901,0,dmvmnuus
902,0,dmvmnuus
903,0,dmvmnuus
904,0,dmvmnuus
905,0,dmvmnuus
906,0,dmvmnuus
907,0,dmvmnuus
908,0,dmvmnuus
909,0,dmvmnuus
910,0,dmvmnuus
911,0,dmvmnuus
912,0,dmvmnuus
913,0,dmvmnuus
914,0,dmvmnuus
915,0,dmvmnuus
916,0,dmvmnuus
917,0,dmvmnuus
918,0,dmvmnuus
919,0,dmvmnuus
920,0,dmvmnuus
921,0,dmvmnuus
922,0,dmvmnuus
923,0,dmvmnuus
924,0,dmvmnuus
925,0,dmvmnuus
926,0,dmvmnuus
927,0,dmvmnuus
928,0,dmvmnuus
929,0,dmvmnuus
930,0,dmvmnuus
931,0,dmvmnuus
932,0,dmvmnuus
933,0,dmvmnuus
934,0,dmvmnuus
935,0,dmvmnuus
936,0,dmvmnuus
937,0,dmvmnuus
938,0,dmvmnuus
939,0,dmvmnuus
940,0,dmvmnuus
941,0,dmvmnuus
942,0,dmvmnuus
943,0,dmvmnuus
944,0,dmvmnuus
945,0,dmvmnuus
946,0,dmvmnuus
947,0,dmvmnuus
948,0,dmvmnuus
949,0,dmvmnuus
950,0,dmvmnuus
951,0,dmvmnuus
952,0,dmvmnuus
953,0,dmvmnuus
954,0,dmvmnuus
955,0,dmvmnuus
956,0,dmvmnuus
957,0,dmvmnuus
958,0,dmvmnuus
959,0,dmvmnuus
960,0,dmvmnuus
961,0,dmvmnuus
962,0,dmvmnuus
963,0,dmvmnuus
964,0,dmvmnuus
965,0,dmvmnuus
966,0,dmvmnuus
967,0,dmvmnuus
968,0,dmvmnuus
969,0,dmvmnuus
970,0,dmvmnuus
971,0,dmvmnuus
972,0,dmvmnuus
973,0,dmvmnuus
974,0,dmvmnuus
975,0,dmvmnuus
976,0,dmvmnuus
977,0,dmvmnuus
978,0,dmvmnuus
979,0,dmvmnuus
980,0,dmvmnuus
981,0,dmvmnuus
982,0,dmvmnuus
983,0,dmvmnuus
984,0,dmvmnuus
985,0,dmvmnuus
986,0,dmvmnuus
987,0,dmvmnuus
988,0,dmvmnuus
989,0,dmvmnuus
990,0,dmvmnuus
991,0,dmvmnuus
992,0,dmvmnuus
993,0,dmvmnuus
994,0,dmvmnuus
995,0,dmvmnuus
996,0,dmvmnuus
997,0,dmvmnuus
998,0,dmvmnuus
999,0,dmvmnuus
999,0,dmvmnuus
1000,0,dmvmnuus
1001,0,dmvmnuus
1002,0,dmvmnuus
1003,0,dmvmnuus
1004,0,dmvmnuus
1005,0,dmvmnuus
1006,0,dmvmnuus
1007,0,dmvmnuus
1008,0,dmvmnuus
1009,0,dmvmnuus
1010,0,dmvmnuus
1011,0,dmvmnuus
1012,0,dmvmnuus
1013,0,dmvmnuus
1014,0,dmvmnuus
1015,0,dmvmnuus
1016,0,dmvmnuus
1017,0,dmvmnuus
1018,0,dmvmnuus
1019,0,dmvmnuus
1020,0,dmvmnuus
1021,0,dmvmnuus
1022,0,dmvmnuus
1023,0,dmvmnuus
1024,0,dmvmnuus
1025,0,dmvmnuus
1026,0,dmvmnuus
1027,0,dmvmnuus
1028,0,dmvmnuus
1029,0,dmvmnuus
1030,0,dmvmnuus
1031,0,dmvmnuus
1032,0,dmvmnuus
1033,0,dmvmnuus
1034,0,dmvmnuus
1035,0,dmvmnuus
1036,0,dmvmnuus
1037,0,dmvmnuus
1038,0,dmvmnuus
1039,0,dmvmnuus
1040,0,dmvmnuus
1041,0,dmvmnuus
1042,0,dmvmnuus
1043,0,dmvmnuus
1044,0,dmvmnuus
1045,0,dmvmnuus
1046,0,dmvmnuus
1047,0,dmvmnuus
1048,0,dmvmnuus
1049,0,dmvmnuus
1050,0,dmvmnuus
1051,0,dmvmnuus
1052,0,dmvmnuus
1053,0,dmvmnuus
1054,0,dmvmnuus
1055,0,dmvmnuus
1056,0,dmvmnuus
1057,0,dmvmnuus
1058,0,dmvmnuus
1059,0,dmvmnuus
1060,0,dmvmnuus
1061,0,dmvmnuus
1062,0,dmvmnuus
1063,0,dmvmnuus
1064,0,dmvmnuus
1065,0,dmvmnuus
1066,0,dmvmnuus
1067,0,dmvmnuus
1068,0,dmvmnuus
1069,0,dmvmnuus
1070,0,dmvmnuus
1071,0,dmvmnuus
1072,0,dmvmnuus
1073,0,dmvmnuus
1074,0,dmvmnuus
1075,0,dmvmnuus
1076,0,dmvmnuus
1077,0,dmvmnuus
1078,0,dmvmnuus
1079,0,dmvmnuus
1080,0,dmvmnuus
1081,0,dmvmnuus
1082,0,dmvmnuus
1083,0,dmvmnuus
1084,0,dmvmnuus
1085,0,dmvmnuus
1086,0,dmvmnuus
1087,0,dmvmnuus
1088,0,dmvmnuus
1089,0,dmvmnuus
1090,0,dmvmnuus
1091,0,dmvmnuus
1092,0,dmvmnuus
1093,0,dmvmnuus
1094,0,dmvmnuus
1095,0,dmvmnuus
1096,0,dmvmnuus
1097,0,dmvmnuus
1098,0,dmvmnuus
1099,0,dmvmnuus
1100,0,dmvmnuus
1101,0,dmvmnuus
1102,0,dmvmnuus
1103,0,dmvmnuus
1104,0,dmvmnuus
1105,0,dmvmnuus
1106,0,dmvmnuus
1107,0,dmvmnuus
1108,0,dmvmnuus
1109,0,dmvmnuus
1110,0,dmvmnuus
1111,0,dmvmnuus
1112,0,dmvmnuus
1113,0,dmvmnuus
1114,0,dmvmnuus
1115,0,dmvmnuus
1116,0,dmvmnuus
1117,0,dmvmnuus
1118,0,dmvmnuus
1119,0,dmvmnuus
1120,0,dmvmnuus
1121,0,dmvmnuus
1122,0,dmvmnuus
1123,0,dmvmnuus
1124,0,dmvmnuus
1125,0,dmvmnuus
1126,0,dmvmnuus
1127,0,dmvmnuus
1128,0,dmvmnuus
1129,0,dmvmnuus
1130,0,dmvmnuus
1131,0,dmvmnuus
1132,0,dmvmnuus
1133,0,dmvmnuus
1134,0,dmvmnuus
1135,0,dmvmnuus
1136,0,dmvmnuus
1137,0,dmvmnuus
1138,0,dmvmnuus
1139,0,dmvmnuus
1140,0,dmvmnuus
1141,0,dmvmnuus
1142,0,dmvmnuus
1143,0,dmvmnuus
1144,0,dmvmnuus
1145,0,dmvmnuus
1146,0,dmvmnuus
1147,0,dmvmnuus
1148,0,dmvmnuus
1149,0,dmvmnuus
1150,0,dmvmnuus
1151,0,dmvmnuus
1152,0,dmvmnuus
1153,0,dmvmnuus
1154,0,dmvmnuus
1155,0,dmvmnuus
1156,0,dmvmnuus
1157,0,dmvmnuus
1158,0,dmvmnuus
1159,0,dmvmnuus
1160,0,dmvmnuus
1161,0,dmvmnuus
1162,0,dmvmnuus
1163,0,dmvmnuus
1164,0,dmvmnuus
1165,0,dmvmnuus
1166,0,dmvmnuus
1167,0,dmvmnuus
1168,0,dmvmnuus
1169,0,dmvmnuus
1170,0,dmvmnuus
1171,0,dmvmnuus
1172,0,dmvmnuus
1173,0,dmvmnuus
1174,0,dmvmnuus
1175,0,dmvmnuus
1176,0,dmvmnuus
1177,0,dmvmnuus
1178,0,dmvmnuus
1179,0,dmvmnuus
1180,0,dmvmnuus
1181,0,dmvmnuus
1182,0,dmvmnuus
1183,0,dmvmnuus
1184,0,dmvmnuus
1185,0,dmvmnuus
1186,0,dmvmnuus
1187,0,dmvmnuus
1188,0,dmvmnuus
1189,0,dmvmnuus
1190,0,dmvmnuus
1191,0,dmvmnuus
1192,0,dmvmnuus
1193,0,dmvmnuus
1194,0,dmvmnuus
1195,0,dmvmnuus
1196,0,dmvmnuus
1197,0,dmvmnuus
1198,0,dmvmnuus
1199,0,dmvmnuus
1200,0,dmvmnuus
1201,0,dmvmnuus
1202,0,dmvmnuus
1203,0,dmvmnuus
1204,0,dmvmnuus
1205,0,dmvmnuus
1206,0,dmvmnuus
1207,0,dmvmnuus
1208,0,dmvmnuus
1209,0,dmvmnuus
1210,0,dmvmnuus
1211,0,dmvmnuus
1212,0,dmvmnuus
1213,0,dmvmnuus
1214,0,dmvmnuus
1215,0,dmvmnuus
1216,0,dmvmnuus
1217,0,dmvmnuus
1218,0,dmvmnuus
1219,0,dmvmnuus
1220,0,dmvmnuus
1221,0,dmvmnuus
1222,0,dmvmnuus
1223,0,dmvmnuus
1224,0,dmvmnuus
1225,0,dmvmnuus
1226,0,dmvmnuus
1227,0,dmvmnuus
1228,0,dmvmnuus
1229,0,dmvmnuus
1230,0,dmvmnuus
1231,0,dmvmnuus
1232,0,dmvmnuus
1233,0,dmvmnuus
1234,0,dmvmnuus
1235,0,dmvmnuus
1236,0,dmvmnuus
1237,0,dmvmnuus
1238,0,dmvmnuus
1239,0,dmvmnuus
1240,0,dmvmnuus
1241,0,dmvmnuus
1242,0,dmvmnuus
1243,0,dmvmnuus
1244,0,dmvmnuus
1245,0,dmvmnuus
1246,0,dmvmnuus
1247,0,dmvmnuus
1248,0,dmvmnuus
1249,0,dmvmnuus
1250,0,dmvmnuus
1251,0,dmvmnuus
1252,0,dmvmnuus
1253,0,dmvmnuus
1254,0,dmvmnuus
1255,0,dmvmnuus
1256,0,dmvmnuus
1257,0,dmvmnuus
1258,0,dmvmnuus
1259,0,dmvmnuus
1260,0,dmvmnuus
1261,0,dmvmnuus
1262,0,dmvmnuus
1263,0,dmvmnuus
1264,0,dmvmnuus
1265,0,dmvmnuus
1266,0,dmvmnuus
1267,0,dmvmnuus
1268,0,dmvmnuus
1269,0,dmvmnuus
1270,0,dmvmnuus
1271,0,dmvmnuus
1272,0,dmvmnuus
1273,0,dmvmnuus
1274,0,dmvmnuus
1275,0,dmvmnuus
1276,0,dmvmnuus
1277,0,dmvmnuus
1278,0,dmvmnuus
1279,0,dmvmnuus
1280,0,dmvmnuus
1281,0,dmvmnuus
1282,0,dmvmnuus
1283,0,dmvmnuus
1284,0,dmvmnuus
1285,0,dmvmnuus
1286,0,dmvmnuus
1287,0,dmvmnuus
1288,0,dmvmnuus
1289,0,dmvmnuus
1290,0,dmvmnuus
1291,0,dmvmnuus
1292,0,dmvmnuus
1293,0,dmvmnuus
1294,0,dmvmnuus
1295,0,dmvmnuus
1296,0,dmvmnuus
1297,0,dmvmnuus
1298,0,dmvmnuus
1299,0,dmvmnuus
1300,0,dmvmnuus
1301,0,dmvmnuus
1302,0,dmvmnuus
1303,0,dmvmnuus
1304,0,dmvmnuus
1305,0,dmvmnuus
1306,0,dmvmnuus
1307,0,dmvmnuus
1308,0,dmvmnuus
1309,0,dmvmnuus
1310,0,dmvmnuus
1311,0,dmvmnuus
1312,0,dmvmnuus
1313,0,dmvmnuus
1314,0,dmvmnuus
1315,0,dmvmnuus
1316,0,dmvmnuus
1317,0,dmvmnuus
1318,0,dmvmnuus
1319,0,dmvmnuus
1320,0,dmvmnuus
1321,0,dmvmnuus
1322,0,dmvmnuus
1323,0,dmvmnuus
1324,0,dmvmnuus
1325,0,dmvmnuus
1326,0,dmvmnuus
1327,0,dmvmnuus
1328,0,dmvmnuus
1329,0,dmvmnuus
1330,0,dmvmnuus
1331,0,dmvmnuus
1332,0,dmvmnuus
1333,0,dmvmnuus
1334,0,dmvmnuus
1335,0,dmvmnuus
1336,0,dmvmnuus
1337,0,dmvmnuus
1338,0,dmvmnuus
1339,0,dmvmnuus
1340,0,dmvmnuus
1341,0,dmvmnuus
1342,0,dmvmnuus
1343,0,dmvmnuus
1344,0,dmvmnuus
1345,0,dmvmnuus
1346,0,dmvmnuus
1347,0,dmvmnuus
1348,0,dmvmnuus
1349,0,dmvmnuus
1350,0,dmvmnuus
1351,0,dmvmnuus
1352,0,dmvmnuus
1353,0,dmvmnuus
1354,0,dmvmnuus
1355,0,dmvmnuus
1356,0,dmvmnuus
1357,0,dmvmnuus
1358,0,dmvmnuus
1359,0,dmvmnuus
1360,0,dmvmnuus
1361,0,dmvmnuus
1362,0,dmvmnuus
1363,0,dmvmnuus
1364,0,dmvmnuus
1365,0,dmvmnuus
1366,0,dmvmnuus
1367,0,dmvmnuus
1368,0,dmvmnuus
1369,0,dmvmnuus
1370,0,dmvmnuus
1371,0,dmvmnuus
1372,0,dmvmnuus
1373,0,dmvmnuus
1374,0,dmvmnuus
1375,0,dmvmnuus
1376,0,dmvmnuus
1377,0,dmvmnuus
1378,0,dmvmnuus
1379,0,dmvmnuus
1380,0,dmvmnuus
1381,0,dmvmnuus
1382,0,dmvmnuus
1383,0,dmvmnuus
1384,0,dmvmnuus
1385,0,dmvmnuus
1386,0,dmvmnuus
1387,0,dmvmnuus
1388,0,dmvmnuus
1389,0,dmvmnuus
1390,0,dmvmnuus
1391,0,dmvmnuus
1392,0,dmvmnuus
1393,0,dmvmnuus
1394,0,dmvmnuus
1395,0,dmvmnuus
1396,0,dmvmnuus
1397,0,dmvmnuus
1398,0,dmvmnuus
1399,0,dmvmnuus
1400,0,dmvmnuus
1401,0,dmvmnuus
1402,0,dmvmnuus
1403,0,dmvmnuus
1404,0,dmvmnuus
1405,0,dmvmnuus
1406,0,dmvmnuus
1407,0,dmvmnuus
1408,0,dmvmnuus
1409,0,dmvmnuus
1410,0,dmvmnuus
1411,0,dmvmnuus
1412,0,dmvmnuus
1413,0,dmvmnuus
1414,0,dmvmnuus
1415,0,dmvmnuus
1416,0,dmvmnuus
1417,0,dmvmnuus
1418,0,dmvmnuus
1419,0,dmvmnuus
1420,0,dmvmnuus
1421,0,dmvmnuus
1422,0,dmvmnuus
1423,0,dmvmnuus
1424,0,dmvmnuus
1425,0,dmvmnuus
1426,0,dmvmnuus
1427,0,dmvmnuus
1428,0,dmvmnuus
1429,0,dmvmnuus
1430,0,dmvmnuus
1431,0,dmvmnuus
1432,0,dmvmnuus
1433,0,dmvmnuus
1434,0,dmvmnuus
1435,0,dmvmnuus
1436,0,dmvmnuus
1437,0,dmvmnuus
1438,0,dmvmnuus
1439,0,dmvmnuus
1440,0,dmvmnuus
1441,0,dmvmnuus
1442,0,dmvmnuus
1443,0,dmvmnuus
1444,0,dmvmnuus
1445,0,dmvmnuus
1446,0,dmvmnuus
1447,0,dmvmnuus
1448,0,dmvmnuus
1449,0,dmvmnuus
1450,0,dmvmnuus
1451,0,dmvmnuus
1452,0,dmvmnuus
1453,0,dmvmnuus
1454,0,dmvmnuus
1455,0,dmvmnuus
1456,0,dmvmnuus
1457,0,dmvmnuus
1458,0,dmvmnuus
1459,0,dmvmnuus
1460,0,dmvmnuus
1461,0,dmvmnuus
1462,0,dmvmnuus
1463,0,dmvmnuus
1464,0,dmvmnuus
1465,0,dmvmnuus
1466,0,dmvmnuus
1467,0,dmvmnuus
1468,0,dmvmnuus
1469,0,dmvmnuus
1470,0,dmvmnuus
1471,0,dmvmnuus
1472,0,dmvmnuus
1473,0,dmvmnuus
1474,0,dmvmnuus
1475,0,dmvmnuus
1476,0,dmvmnuus
1477,0,dmvmnuus
1478,0,dmvmnuus
1479,0,dmvmnuus
1480,0,dmvmnuus
1481,0,dmvmnuus
1482,0,dmvmnuus
1483,0,dmvmnuus
1484,0,dmvmnuus
1485,0,dmvmnuus
1486,0,dmvmnuus
1487,0,dmvmnuus
1488,0,dmvmnuus
1489,0,dmvmnuus
1490,0,dmvmnuus
1491,0,dmvmnuus
1492,0,dmvmnuus
1493,0,dmvmnuus
1494,0,dmvmnuus
1495,0,dmvmnuus
1496,0,dmvmnuus
1497,0,dmvmnuus
1498,0,dmvmnuus
1499,0,dmvmnuus
1500,0,dmvmnuus
1501,0,dmvmnuus
1502,0,dmvmnuus
1503,0,dmvmnuus
1504,0,dmvmnuus
1505,0,dmvmnuus
1506,0,dmvmnuus
1507,0,dmvmnuus
1508,0,dmvmnuus
1509,0,dmvmnuus
1510,0,dmvmnuus
1511,0,dmvmnuus
1512,0,dmvmnuus
1513,0,dmvmnuus
1514,0,dmvmnuus
1515,0,dmvmnuus
1516,0,dmvmnuus
1517,0,dmvmnuus
1518,0,dmvmnuus
1519,0,dmvmnuus
1520,0,dmvmnuus
1521,0,dmvmnuus
1522,0,dmvmnuus
1523,0,dmvmnuus
1524,0,dmvmnuus
1525,0,dmvmnuus
1526,0,dmvmnuus
1527,0,dmvmnuus
1528,0,dmvmnuus
1529,0,dmvmnuus
1530,0,dmvmnuus
1531,0,dmvmnuus
1532,0,dmvmnuus
1533,0,dmvmnuus
1534,0,dmvmnuus
1535,0,dmvmnuus
1536,0,dmvmnuus
1537,0,dmvmnuus
1538,0,dmvmnuus
1539,0,dmvmnuus
1540,0,dmvmnuus
1541,0,dmvmnuus
1542,0,dmvmnuus
1543,0,dmvmnuus
1544,0,dmvmnuus
1545,0,dmvmnuus
1546,0,dmvmnuus
1547,0,dmvmnuus
1548,0,dmvmnuus
1549,0,dmvmnuus
1550,0,dmvmnuus
1551,0,dmvmnuus
1552,0,dmvmnuus
1553,0,dmvmnuus
1554,0,dmvmnuus
1555,0,dmvmnuus
1556,0,dmvmnuus
1557,0,dmvmnuus
1558,0,dmvmnuus
1559,0,dmvmnuus
1560,0,dmvmnuus
1561,0,dmvmnuus
1562,0,dmvmnuus
1563,0,dmvmnuus
1564,0,dmvmnuus
1565,0,dmvmnuus
1566,0,dmvmnuus
1567,0,dmvmnuus
1568,0,dmvmnuus
1569,0,dmvmnuus
1570,0,dmvmnuus
1571,0,dmvmnuus
1572,0,dmvmnuus
1573,0,dmvmnuus
1574,0,dmvmnuus
1575,0,dmvmnuus
1576,0,dmvmnuus
1577,0,dmvmnuus
1578,0,dmvmnuus
1579,0,dmvmnuus
1580,0,dmvmnuus
1581,0,dmvmnuus
1582,0,dmvmnuus
1583,0,dmvmnuus
1584,0,dmvmnuus
1585,0,dmvmnuus
1586,0,dmvmnuus
1587,0,dmvmnuus
1588,0,dmvmnuus
1589,0,dmvmnuus
1590,0,dmvmnuus
1591,0,dmvmnuus
1592,0,dmvmnuus
1593,0,dmvmnuus
1594,0,dmvmnuus
1595,0,dmvmnuus
1596,0,dmvmnuus
1597,0,dmvmnuus
1598,0,dmvmnuus
1599,0,dmvmnuus
1600,0,dmvmnuus
1601,0,dmvmnuus
1602,0,dmvmnuus
1603,0,dmvmnuus
1604,0,dmvmnuus
1605,0,dmvmnuus
1606,0,dmvmnuus
1607,0,dmvmnuus
1608,0,dmvmnuus
1609,0,dmvmnuus
1610,0,dmvmnuus
1611,0,dmvmnuus
1612,0,dmvmnuus
1613,0,dmvmnuus
1614,0,dmvmnuus
1615,0,dmvmnuus
1616,0,dmvmnuus
1617,0,dmvmnuus
1618,0,dmvmnuus
1619,0,dmvmnuus
1620,0,dmvmnuus
1621,0,dmvmnuus
1622,0,dmvmnuus
1623,0,dmvmnuus
1624,0,dmvmnuus
1625,0,dmvmnuus
1626,0,dmvmnuus
1627,0,dmvmnuus
1628,0,dmvmnuus
1629,0,dmvmnuus
1630,0,dmvmnuus
1631,0,dmvmnuus
1632,0,dmvmnuus
1633,0,dmvmnuus
1634,0,dmvmnuus
1635,0,dmvmnuus
1636,0,dmvmnuus
1637,0,dmvmnuus
1638,0,dmvmnuus
1639,0,dmvmnuus
1640,0,dmvmnuus
1641,0,dmvmnuus
1642,0,dmvmnuus
1643,0,dmvmnuus
1644,0,dmvmnuus
1645,0,dmvmnuus
1646,0,dmvmnuus
1647,0,dmvmnuus
1648,0,dmvmnuus
1649,0,dmvmnuus
1650,0,dmvmnuus
1651,0,dmvmnuus
1652,0,dmvmnuus
1653,0,dmvmnuus
1654,0,dmvmnuus
1655,0,dmvmnuus
1656,0,dmvmnuus
1657,0,dmvmnuus
1658,0,dmvmnuus
1659,0,dmvmnuus
1660,0,dmvmnuus
1661,0,dmvmnuus
1662,0,dmvmnuus
1663,0,dmvmnuus
1664,0,dmvmnuus
1665,0,dmvmnuus
1666,0,dmvmnuus
1668,0,dmvmnuus
1669,0,dmvmnuus
1670,0,dmvmnuus
1671,0,dmvmnuus
1672,0,dmvmnuus
1673,0,dmvmnuus
1674,0,dmvmnuus
1675,0,dmvmnuus
1676,0,dmvmnuus
1677,0,dmvmnuus
1678,0,dmvmnuus
1679,0,dmvmnuus
1680,0,dmvmnuus
1681,0,dmvmnuus
1682,0,dmvmnuus
1683,0,dmvmnuus
1684,0,dmvmnuus
1685,0,dmvmnuus
1686,0,dmvmnuus
1687,0,dmvmnuus
1688,0,dmvmnuus
1689,0,dmvmnuus
1690,0,dmvmnuus
1691,0,dmvmnuus
1692,0,dmvmnuus
1693,0,dmvmnuus
1694,0,dmvmnuus
1695,0,dmvmnuus
1696,0,dmvmnuus
1697,0,dmvmnuus
1698,0,dmvmnuus
1699,0,dmvmnuus
1700,0,dmvmnuus
1701,0,dmvmnuus
1702,0,dmvmnuus
1703,0,dmvmnuus
1704,0,dmvmnuus
1705,0,dmvmnuus
1706,0,dmvmnuus
1707,0,dmvmnuus
1708,0,dmvmnuus
1709,0,dmvmnuus
1710,0,dmvmnuus
1711,0,dmvmnuus
1712,0,dmvmnuus
1713,0,dmvmnuus
1714,0,dmvmnuus
1715,0,dmvmnuus
1716,0,dmvmnuus
1717,0,dmvmnuus
1718,0,dmvmnuus
1719,0,dmvmnuus
1720,0,dmvmnuus
1721,0,dmvmnuus
1722,0,dmvmnuus
1723,0,dmvmnuus
1724,0,dmvmnuus
1725,0,dmvmnuus
1726,0,dmvmnuus
1727,0,dmvmnuus
1728,0,dmvmnuus
1729,0,dmvmnuus
1730,0,dmvmnuus
1731,0,dmvmnuus
1732,0,dmvmnuus
1733,0,dmvmnuus
1734,0,dmvmnuus
1735,0,dmvmnuus
1736,0,dmvmnuus
1737,0,dmvmnuus
1738,0,dmvmnuus
1739,0,dmvmnuus
1740,0,dmvmnuus
1741,0,dmvmnuus
1742,0,dmvmnuus
1743,0,dmvmnuus
1744,0,dmvmnuus
1745,0,dmvmnuus
1746,0,dmvmnuus
1747,0,dmvmnuus
1748,0,dmvmnuus
1749,0,dmvmnuus
1750,0,dmvmnuus
1751,0,dmvmnuus
1752,0,dmvmnuus
1753,0,dmvmnuus
1754,0,dmvmnuus
1755,0,dmvmnuus
1756,0,dmvmnuus
1757,0,dmvmnuus
1758,0,dmvmnuus
1759,0,dmvmnuus
1760,0,dmvmnuus
1761,0,dmvmnuus
1762,0,dmvmnuus
1763,0,dmvmnuus
1764,0,dmvmnuus
1765,0,dmvmnuus
1766,0,dmvmnuus
1767,0,dmvmnuus
1768,0,dmvmnuus
1769,0,dmvmnuus
1770,0,dmvmnuus
1771,0,dmvmnuus
1772,0,dmvmnuus
1773,0,dmvmnuus
1774,0,dmvmnuus
1775,0,dmvmnuus
1776,0,dmvmnuus
1777,0,dmvmnuus
1778,0,dmvmnuus
1779,0,dmvmnuus
1780,0,dmvmnuus
1781,0,dmvmnuus
1782,0,dmvmnuus
1783,0,dmvmnuus
1784,0,dmvmnuus
1785,0,dmvmnuus
1786,0,dmvmnuus
1787,0,dmvmnuus
1788,0,dmvmnuus
1789,0,dmvmnuus
1790,0,dmvmnuus
1791,0,dmvmnuus
1792,0,dmvmnuus
1793,0,dmvmnuus
1794,0,dmvmnuus
1795,0,dmvmnuus
1796,0,dmvmnuus
1797,0,dmvmnuus
1798,0,dmvmnuus
1799,0,dmvmnuus
1800,0,dmvmnuus
1801,0,dmvmnuus
1802,0,dmvmnuus
1803,0,dmvmnuus
1804,0,dmvmnuus
1805,0,dmvmnuus
1806,0,dmvmnuus
1807,0,dmvmnuus
1808,0,dmvmnuus
1809,0,dmvmnuus
1810,0,dmvmnuus
1811,0,dmvmnuus
1812,0,dmvmnuus
1813,0,dmvmnuus
1814,0,dmvmnuus
1815,0,dmvmnuus
1816,0,dmvmnuus
1817,0,dmvmnuus
1818,0,dmvmnuus
1819,0,dmvmnuus
1820,0,dmvmnuus
1821,0,dmvmnuus
1822,0,dmvmnuus
1823,0,dmvmnuus
1824,0,dmvmnuus
1825,0,dmvmnuus
1826,0,dmvmnuus
1827,0,dmvmnuus
1828,0,dmvmnuus
1829,0,dmvmnuus
1830,0,dmvmnuus
1831,0,dmvmnuus
1832,0,dmvmnuus
1833,0,dmvmnuus
1834,0,dmvmnuus
1835,0,dmvmnuus
1836,0,dmvmnuus
1837,0,dmvmnuus
1838,0,dmvmnuus
1839,0,dmvmnuus
1840,0,dmvmnuus
1841,0,dmvmnuus
1842,0,dmvmnuus
1843,0,dmvmnuus
1844,0,dmvmnuus
1845,0,dmvmnuus
1846,0,dmvmnuus
1847,0,dmvmnuus
1848,0,dmvmnuus
1849,0,dmvmnuus
1850,0,dmvmnuus
1851,0,dmvmnuus
1852,0,dmvmnuus
1853,0,dmvmnuus
1854,0,dmvmnuus
1855,0,dmvmnuus
1856,0,dmvmnuus
1857,0,dmvmnuus
1858,0,dmvmnuus
1859,0,dmvmnuus
1860,0,dmvmnuus
1861,0,dmvmnuus
1862,0,dmvmnuus
1863,0,dmvmnuus
1864,0,dmvmnuus
1865,0,dmvmnuus
1866,0,dmvmnuus
1867,0,dmvmnuus
1868,0,dmvmnuus
1869,0,dmvmnuus
1870,0,dmvmnuus
1871,0,dmvmnuus
1872,0,dmvmnuus
1873,0,dmvmnuus
1874,0,dmvmnuus
1875,0,dmvmnuus
1876,0,dmvmnuus
1877,0,dmvmnuus
1878,0,dmvmnuus
1879,0,dmvmnuus
1880,0,dmvmnuus
1881,0,dmvmnuus
1882,0,dmvmnuus
1883,0,dmvmnuus
1884,0,dmvmnuus
1885,0,dmvmnuus
1886,0,dmvmnuus
1887,0,dmvmnuus
1888,0,dmvmnuus
1889,0,dmvmnuus
1890,0,dmvmnuus
1891,0,dmvmnuus
1892,0,dmvmnuus
1893,0,dmvmnuus
1894,0,dmvmnuus
1895,0,dmvmnuus
1896,0,dmvmnuus
1897,0,dmvmnuus
1898,0,dmvmnuus
1899,0,dmvmnuus
1900,0,dmvmnuus
1901,0,dmvmnuus
1902,0,dmvmnuus
1903,0,dmvmnuus
1904,0,dmvmnuus
1905,0,dmvmnuus
1906,0,dmvmnuus
1907,0,dmvmnuus
1908,0,dmvmnuus
1909,0,dmvmnuus
1910,0,dmvmnuus
1911,0,dmvmnuus
1912,0,dmvmnuus
1913,0,dmvmnuus
1914,0,dmvmnuus
1915,0,dmvmnuus
1916,0,dmvmnuus
1917,0,dmvmnuus
1918,0,dmvmnuus
1919,0,dmvmnuus
1920,0,dmvmnuus
1921,0,dmvmnuus
1922,0,dmvmnuus
1923,0,dmvmnuus
1924,0,dmvmnuus
1925,0,dmvmnuus
1926,0,dmvmnuus
1927,0,dmvmnuus
1928,0,dmvmnuus
1929,0,dmvmnuus
1930,0,dmvmnuus
1931,0,dmvmnuus
1932,0,dmvmnuus
1933,0,dmvmnuus
1934,0,dmvmnuus
1935,0,dmvmnuus
1936,0,dmvmnuus
1937,0,dmvmnuus
1938,0,dmvmnuus
1939,0,dmvmnuus
1940,0,dmvmnuus
1941,0,dmvmnuus
1942,0,dmvmnuus
1943,0,dmvmnuus
1944,0,dmvmnuus
1945,0,dmvmnuus
1946,0,dmvmnuus
1947,0,dmvmnuus
1948,0,dmvmnuus
1949,0,dmvmnuus
1950,0,dmvmnuus
1951,0,dmvmnuus
1952,0,dmvmnuus
1953,0,dmvmnuus
1954,0,dmvmnuus
1955,0,dmvmnuus
1956,0,dmvmnuus
1957,0,dmvmnuus
1958,0,dmvmnuus
1959,0,dmvmnuus
1960,0,dmvmnuus
1961,0,dmvmnuus
1962,0,dmvmnuus
1963,0,dmvmnuus
1964,0,dmvmnuus
1965,0,dmvmnuus
1966,0,dmvmnuus
1967,0,dmvmnuus
1968,0,dmvmnuus
1969,0,dmvmnuus
1970,0,dmvmnuus
1971,0,dmvmnuus
1972,0,dmvmnuus
1973,0,dmvmnuus
1974,0,dmvmnuus
1975,0,dmvmnuus
1976,0,dmvmnuus
1977,0,dmvmnuus
1978,0,dmvmnuus
1979,0,dmvmnuus
1980,0,dmvmnuus
1981,0,dmvmnuus
1982,0,dmvmnuus
1983,0,dmvmnuus
1984,0,dmvmnuus
1985,0,dmvmnuus
1986,0,dmvmnuus
1987,0,dmvmnuus
1988,0,dmvmnuus
1989,0,dmvmnuus
1990,0,dmvmnuus
1991,0,dmvmnuus
1992,0,dmvmnuus
1993,0,dmvmnuus
1994,0,dmvmnuus
1995,0,dmvmnuus
1996,0,dmvmnuus
1997,0,dmvmnuus
1998,0,dmvmnuus
1999,0,dmvmnuus
1999,0,dmvmnuus
2000,0,dmvmnuus
2001,0,dmvmnuus
2002,0,dmvmnuus
2003,0,dmvmnuus
2004,0,dmvmnuus
2005,0,dmvmnuus
2006,0,dmvmnuus
2007,0,dmvmnuus
2008,0,dmvmnuus
2009,0,dmvmnuus
2010,0,dmvmnuus
2011,0,dmvmnuus
2012,0,dmvmnuus
2013,0,dmvmnuus
2014,0,dmvmnuus
2015,0,dmvmnuus
2016,0,dmvmnuus
2017,0,dmvmnuus
2018,0,dmvmnuus
2019,0,dmvmnuus
2020,0,dmvmnuus
2021,0,dmvmnuus
2022,0,dmvmnuus
2023,0,dmvmnuus
2024,0,dmvmnuus
2025,0,dmvmnuus
2026,0,dmvmnuus
2027,0,dmvmnuus
2028,0,dmvmnuus
2029,0,dmvmnuus
2030,0,dmvmnuus
2031,0,dmvmnuus
2032,0,dmvmnuus
2033,0,dmvmnuus
2034,0,dmvmnuus
2035,0,dmvmnuus
2036,0,dmvmnuus
2037,0,dmvmnuus
2038,0,dmvmnuus
2039,0,dmvmnuus
2040,0,dmvmnuus
2041,0,dmvmnuus
2042,0,dmvmnuus
2043,0,dmvmnuus
2044,0,dmvmnuus
2045,0,dmvmnuus
2046,0,dmvmnuus
2047,0,dmvmnuus
2048,0,dmvmnuus
2049,0,dmvmnuus
2050,0,dmvmnuus
2051,0,dmvmnuus
2052,0,dmvmnuus
2053,0,dmvmnuus
2054,0,dmvmnuus
2055,0,dmvmnuus
2056,0,dmvmnuus
2057,0,dmvmnuus
2058,0,dmvmnuus
2059,0,dmvmnuus
2060,0,dmvmnuus
2061,0,dmvmnuus
2062,0,dmvmnuus
2063,0,dmvmnuus
2064,0,dmvmnuus
2065,0,dmvmnuus
2066,0,dmvmnuus
2067,0,dmvmnuus
2068,0,dmvmnuus
2069,0,dmvmnuus
2070,0,dmvmnuus
2071,0,dmvmnuus
2072,0,dmvmnuus
2073,0,dmvmnuus
2074,0,dmvmnuus
2075,0,dmvmnuus
2076,0,dmvmnuus
2077,0,dmvmnuus
2078,0,dmvmnuus
2079,0,dmvmnuus
2080,0,dmvmnuus
2081,0,dmvmnuus
2082,0,dmvmnuus
2083,0,dmvmnuus
2084,0,dmvmnuus
2085,0,dmvmnuus
2086,0,dmvmnuus
2087,0,dmvmnuus
2088,0,dmvmnuus
2089,0,dmvmnuus
2090,0,dmvmnuus
2091,0,dmvmnuus
2092,0,dmvmnuus
2093,0,dmvmnuus
2094,0,dmvmnuus
2095,0,dmvmnuus
2096,0,dmvmnuus
2097,0,dmvmnuus
2098,0,dmvmnuus
2099,0,dmvmnuus
2100,0,dmvmnuus
2101,0,dmvmnuus
2102,0,dmvmnuus
2103,0,dmvmnuus
2104,0,dmvmnuus
2105,0,dmvmnuus
2106,0,dmvmnuus
2107,0,dmvmnuus
2108,0,dmvmnuus
2109,0,dmvmnuus
2110,0,dmvmnuus
2111,0,dmvmnuus
2112,0,dmvmnuus
2113,0,dmvmnuus
2114,0,dmvmnuus
2115,0,dmvmnuus
2116,0,dmvmnuus
2117,0,dmvmnuus
2118,0,dmvmnuus
2119,0,dmvmnuus
2120,0,dmvmnuus
2121,0,dmvmnuus
2122,0,dmvmnuus
2123,0,dmvmnuus
2124,0,dmvmnuus
2125,0,dmvmnuus
2126,0,dmvmnuus
2127,0,dmvmnuus
2128,0,dmvmnuus
2129,0,dmvmnuus
2130,0,dmvmnuus
2131,0,dmvmnuus
2132,0,dmvmnuus
2133,0,dmvmnuus
2134,0,dmvmnuus
2135,0,dmvmnuus
2136,0,dmvmnuus
2137,0,dmvmnuus
2138,0,dmvmnuus
2139,0,dmvmnuus
2140,0,dmvmnuus
2141,0,dmvmnuus
2142,0,dmvmnuus
2143,0,dmvmnuus
2144,0,dmvmnuus
2145,0,dmvmnuus
2146,0,dmvmnuus
2147,0,dmvmnuus
2148,0,dmvmnuus
2149,0,dmvmnuus
2150,0,dmvmnuus
2151,0,dmvmnuus
2152,0,dmvmnuus
2153,0,dmvmnuus
2154,0,dmvmnuus
2155,0,dmvmnuus
2156,0,dmvmnuus
2157,0,dmvmnuus
2158,0,dmvmnuus
2159,0,dmvmnuus
2160,0,dmvmnuus
2161,0,dmvmnuus
2162,0,dmvmnuus
2163,0,dmvmnuus
2164,0,dmvmnuus
2165,0,dmvmnuus
2166,0,dmvmnuus
2167,0,dmvmnuus
2168,0,dmvmnuus
2169,0,dmvmnuus
2170,0,dmvmnuus
2171,0,dmvmnuus
2172,0,dmvmnuus
2173,0,dmvmnuus
2174,0,dmvmnuus
2175,0,dmvmnuus
2176,0,dmvmnuus
2177,0,dmvmnuus
2178,0,dmvmnuus
2179,0,dmvmnuus
2180,0,dmvmnuus
2181,0,dmvmnuus
2182,0,dmvmnuus
2183,0,dmvmnuus
2184,0,dmvmnuus
2185,0,dmvmnuus
2186,0,dmvmnuus
2187,0,dmvmnuus
2188,0,dmvmnuus
2189,0,dmvmnuus
2190,0,dmvmnuus
2191,0,dmvmnuus
2192,0,dmvmnuus
2193,0,dmvmnuus
2194,0,dmvmnuus
2195,0,dmvmnuus
2196,0,dmvmnuus
2197,0,dmvmnuus
2198,0,dmvmnuus
2199,0,dmvmnuus
2200,0,dmvmnuus
2201,0,dmvmnuus
2202,0,dmvmnuus
2203,0,dmvmnuus
2204,0,dmvmnuus
2205,0,dmvmnuus
2206,0,dmvmnuus
2207,0,dmvmnuus
2208,0,dmvmnuus
2209,0,dmvmnuus
2210,0,dmvmnuus
2211,0,dmvmnuus
2212,0,dmvmnuus
2213,0,dmvmnuus
2214,0,dmvmnuus
2215,0,dmvmnuus
2216,0,dmvmnuus
2217,0,dmvmnuus
2218,0,dmvmnuus
2219,0,dmvmnuus
2220,0,dmvmnuus
2221,0,dmvmnuus
2222,0,dmvmnuus
2223,0,dmvmnuus
2224,0,dmvmnuus
2225,0,dmvmnuus
2226,0,dmvmnuus
2227,0,dmvmnuus
2228,0,dmvmnuus
2229,0,dmvmnuus
2230,0,dmvmnuus
2231,0,dmvmnuus
2232,0,dmvmnuus
2233,0,dmvmnuus
2234,0,dmvmnuus
2235,0,dmvmnuus
2236,0,dmvmnuus
2237,0,dmvmnuus
2238,0,dmvmnuus
2239,0,dmvmnuus
2240,0,dmvmnuus
2241,0,dmvmnuus
2242,0,dmvmnuus
2243,0,dmvmnuus
2244,0,dmvmnuus
2245,0,dmvmnuus
2246,0,dmvmnuus
2247,0,dmvmnuus
2248,0,dmvmnuus
2249,0,dmvmnuus
2250,0,dmvmnuus
2251,0,dmvmnuus
2252,0,dmvmnuus
2253,0,dmvmnuus
2254,0,dmvmnuus
2255,0,dmvmnuus
2256,0,dmvmnuus
2257,0,dmvmnuus
2258,0,dmvmnuus
2259,0,dmvmnuus
2260,0,dmvmnuus
2261,0,dmvmnuus
2262,0,dmvmnuus
2263,0,dmvmnuus
2264,0,dmvmnuus
2265,0,dmvmnuus
2266,0,dmvmnuus
2267,0,dmvmnuus
2268,0,dmvmnuus
2269,0,dmvmnuus
2270,0,dmvmnuus
2271,0,dmvmnuus
2272,0,dmvmnuus
2273,0,dmvmnuus
2274,0,dmvmnuus
2275,0,dmvmnuus
2276,0,dmvmnuus
2277,0,dmvmnuus
2278,0,dmvmnuus
2279,0,dmvmnuus
2280,0,dmvmnuus
2281,0,dmvmnuus
2282,0,dmvmnuus
2283,0,dmvmnuus
2284,0,dmvmnuus
2285,0,dmvmnuus
2286,0,dmvmnuus
2287,0,dmvmnuus
2288,0,dmvmnuus
2289,0,dmvmnuus
2290,0,dmvmnuus
2291,0,dmvmnuus
2292,0,dmvmnuus
2293,0,dmvmnuus
2294,0,dmvmnuus
2295,0,dmvmnuus
2296,0,dmvmnuus
2297,0,dmvmnuus
2298,0,dmvmnuus
2299,0,dmvmnuus
2300,0,dmvmnuus
2301,0,dmvmnuus
2302,0,dmvmnuus
2303,0,dmvmnuus
2304,0,dmvmnuus
2305,0,dmvmnuus
2306,0,dmvmnuus
2307,0,dmvmnuus
2308,0,dmvmnuus
2309,0,dmvmnuus
2310,0,dmvmnuus
2311,0,dmvmnuus
2312,0,dmvmnuus
2313,0,dmvmnuus
2314,0,dmvmnuus
2315,0,dmvmnuus
2316,0,dmvmnuus
2317,0,dmvmnuus
2318,0,dmvmnuus
2319,0,dmvmnuus
2320,0,dmvmnuus
2321,0,dmvmnuus
2322,0,dmvmnuus
2323,0,dmvmnuus
2324,0,dmvmnuus
2325,0,dmvmnuus
2326,0,dmvmnuus
2327,0,dmvmnuus
2328,0,dmvmnuus
2329,0,dmvmnuus
2330,0,dmvmnuus
2331,0,dmvmnuus
2332,0,dmvmnuus
2333,0,dmvmnuus
2334,0,dmvmnuus
2335,0,dmvmnuus
2336,0,dmvmnuus
2337,0,dmvmnuus
2338,0,dmvmnuus
2339,0,dmvmnuus
2340,0,dmvmnuus
2341,0,dmvmnuus
2342,0,dmvmnuus
2343,0,dmvmnuus
2344,0,dmvmnuus
2345,0,dmvmnuus
2346,0,dmvmnuus
2347,0,dmvmnuus
2348,0,dmvmnuus
2349,0,dmvmnuus
2350,0,dmvmnuus
2351,0,dmvmnuus
2352,0,dmvmnuus
2353,0,dmvmnuus
2354,0,dmvmnuus
2355,0,dmvmnuus
2356,0,dmvmnuus
2357,0,dmvmnuus
2358,0,dmvmnuus
2359,0,dmvmnuus
2360,0,dmvmnuus
2361,0,dmvmnuus
2362,0,dmvmnuus
2363,0,dmvmnuus
2364,0,dmvmnuus
2365,0,dmvmnuus
2366,0,dmvmnuus
2367,0,dmvmnuus
2368,0,dmvmnuus
2369,0,dmvmnuus
2370,0,dmvmnuus
2371,0,dmvmnuus
2372,0,dmvmnuus
2373,0,dmvmnuus
2374,0,dmvmnuus
2375,0,dmvmnuus
2376,0,dmvmnuus
2377,0,dmvmnuus
2378,0,dmvmnuus
2379,0,dmvmnuus
2380,0,dmvmnuus
2381,0,dmvmnuus
2382,0,dmvmnuus
2383,0,dmvmnuus
2384,0,dmvmnuus
2385,0,dmvmnuus
2386,0,dmvmnuus
2387,0,dmvmnuus
2388,0,dmvmnuus
2389,0,dmvmnuus
2390,0,dmvmnuus
2391,0,dmvmnuus
2392,0,dmvmnuus
2393,0,dmvmnuus
2394,0,dmvmnuus
2395,0,dmvmnuus
2396,0,dmvmnuus
2397,0,dmvmnuus
2398,0,dmvmnuus
2399,0,dmvmnuus
2400,0,dmvmnuus
2401,0,dmvmnuus
2402,0,dmvmnuus
2403,0,dmvmnuus
2404,0,dmvmnuus
2405,0,dmvmnuus
2406,0,dmvmnuus
2407,0,dmvmnuus
2408,0,dmvmnuus
2409,0,dmvmnuus
2410,0,dmvmnuus
2411,0,dmvmnuus
2412,0,dmvmnuus
2413,0,dmvmnuus
2414,0,dmvmnuus
2415,0,dmvmnuus
2416,0,dmvmnuus
2417,0,dmvmnuus
2418,0,dmvmnuus
2419,0,dmvmnuus
2420,0,dmvmnuus
2421,0,dmvmnuus
2422,0,dmvmnuus
2423,0,dmvmnuus
2424,0,dmvmnuus
2425,0,dmvmnuus
2426,0,dmvmnuus
2427,0,dmvmnuus
2428,0,dmvmnuus
2429,0,dmvmnuus
2430,0,dmvmnuus
2431,0,dmvmnuus
2432,0,dmvmnuus
2433,0,dmvmnuus
2434,0,dmvmnuus
2435,0,dmvmnuus
2436,0,dmvmnuus
2437,0,dmvmnuus
2438,0,dmvmnuus
2439,0,dmvmnuus
2440,0,dmvmnuus
2441,0,dmvmnuus
2442,0,dmvmnuus
2443,0,dmvmnuus
2444,0,dmvmnuus
2445,0,dmvmnuus
2446,0,dmvmnuus
2447,0,dmvmnuus
2448,0,dmvmnuus
2449,0,dmvmnuus
2450,0,dmvmnuus
2451,0,dmvmnuus
2452,0,dmvmnuus
2453,0,dmvmnuus
2454,0,dmvmnuus
2455,0,dmvmnuus
2456,0,dmvmnuus
2457,0,dmvmnuus
2458,0,dmvmnuus
2459,0,dmvmnuus
2460,0,dmvmnuus
2461,0,dmvmnuus
2462,0,dmvmnuus
2463,0,dmvmnuus
2464,0,dmvmnuus
2465,0,dmvmnuus
2466,0,dmvmnuus
2467,0,dmvmnuus
2468,0,dmvmnuus
2469,0,dmvmnuus
2470,0,dmvmnuus
2471,0,dmvmnuus
2472,0,dmvmnuus
2473,0,dmvmnuus
2474,0,dmvmnuus
2475,0,dmvmnuus
2476,0,dmvmnuus
2477,0,dmvmnuus
2478,0,dmvmnuus
2479,0,dmvmnuus
2480,0,dmvmnuus
2481,0,dmvmnuus
2482,0,dmvmnuus
2483,0,dmvmnuus
2484,0,dmvmnuus
2485,0,dmvmnuus
2486,0,dmvmnuus
2487,0,dmvmnuus
2488,0,dmvmnuus
2489,0,dmvmnuus
2490,0,dmvmnuus
2491,0,dmvmnuus
2492,0,dmvmnuus
2493,0,dmvmnuus
2494,0,dmvmnuus
2495,0,dmvmnuus
2496,0,dmvmnuus
2497,0,dmvmnuus
2498,0,dmvmnuus
2499,0,dmvmnuus
2500,0,dmvmnuus
2501,0,dmvmnuus
2502,0,dmvmnuus
2503,0,dmvmnuus
2504,0,dmvmnuus
2505,0,dmvmnuus
2506,0,dmvmnuus
2507,0,dmvmnuus
2508,0,dmvmnuus
2509,0,dmvmnuus
2510,0,dmvmnuus
2511,0,dmvmnuus
2512,0,dmvmnuus
2513,0,dmvmnuus
2514,0,dmvmnuus
2515,0,dmvmnuus
2516,0,dmvmnuus
2517,0,dmvmnuus
2518,0,dmvmnuus
2519,0,dmvmnuus
2520,0,dmvmnuus
2521,0,dmvmnuus
2522,0,dmvmnuus
2523,0,dmvmnuus
2524,0,dmvmnuus
2525,0,dmvmnuus
2526,0,dmvmnuus
2527,0,dmvmnuus
2528,0,dmvmnuus
2529,0,dmvmnuus
2530,0,dmvmnuus
2531,0,dmvmnuus
2532,0,dmvmnuus
2533,0,dmvmnuus
2534,0,dmvmnuus
2535,0,dmvmnuus
2536,0,dmvmnuus
2537,0,dmvmnuus
2538,0,dmvmnuus
2539,0,dmvmnuus
2540,0,dmvmnuus
2541,0,dmvmnuus
2542,0,dmvmnuus
2543,0,dmvmnuus
2544,0,dmvmnuus
2545,0,dmvmnuus
2546,0,dmvmnuus
2547,0,dmvmnuus
2548,0,dmvmnuus
2549,0,dmvmnuus
2550,0,dmvmnuus
2551,0,dmvmnuus
2552,0,dmvmnuus
2553,0,dmvmnuus
2554,0,dmvmnuus
2555,0,dmvmnuus
2556,0,dmvmnuus
2557,0,dmvmnuus
2558,0,dmvmnuus
2559,0,dmvmnuus
2560,0,dmvmnuus
2561,0,dmvmnuus
2562,0,dmvmnuus
2563,0,dmvmnuus
2564,0,dmvmnuus
2565,0,dmvmnuus
2566,0,dmvmnuus
2567,0,dmvmnuus
2568,0,dmvmnuus
2569,0,dmvmnuus
2570,0,dmvmnuus
2571,0,dmvmnuus
2572,0,dmvmnuus
2573,0,dmvmnuus
2574,0,dmvmnuus
2575,0,dmvmnuus
2576,0,dmvmnuus
2577,0,dmvmnuus
2578,0,dmvmnuus
2579,0,dmvmnuus
2580,0,dmvmnuus
2581,0,dmvmnuus
2582,0,dmvmnuus
2583,0,dmvmnuus
2584,0,dmvmnuus
2585,0,dmvmnuus
2586,0,dmvmnuus
2587,0,dmvmnuus
2588,0,dmvmnuus
2589,0,dmvmnuus
2590,0,dmvmnuus
2591,0,dmvmnuus
2592,0,dmvmnuus
2593,0,dmvmnuus
2594,0,dmvmnuus
2595,0,dmvmnuus
2596,0,dmvmnuus
2597,0,dmvmnuus
2598,0,dmvmnuus
2599,0,dmvmnuus
2600,0,dmvmnuus
2601,0,dmvmnuus
2602,0,dmvmnuus
2603,0,dmvmnuus
2604,0,dmvmnuus
2605,0,dmvmnuus
2606,0,dmvmnuus
2607,0,dmvmnuus
2608,0,dmvmnuus
2609,0,dmvmnuus
2610,0,dmvmnuus
2611,0,dmvmnuus
2612,0,dmvmnuus
2613,0,dmvmnuus
2614,0,dmvmnuus
2615,0,dmvmnuus
2616,0,dmvmnuus
2617,0,dmvmnuus
2618,0,dmvmnuus
2619,0,dmvmnuus
2620,0,dmvmnuus
2621,0,dmvmnuus
2622,0,dmvmnuus
2623,0,dmvmnuus
2624,0,dmvmnuus
2625,0,dmvmnuus
2626,0,dmvmnuus
2627,0,dmvmnuus
2628,0,dmvmnuus
2629,0,dmvmnuus
2630,0,dmvmnuus
2631,0,dmvmnuus
2632,0,dmvmnuus
2633,0,dmvmnuus
2634,0,dmvmnuus
2635,0,dmvmnuus
2636,0,dmvmnuus
2637,0,dmvmnuus
2638,0,dmvmnuus
2639,0,dmvmnuus
2640,0,dmvmnuus
2641,0,dmvmnuus
2642,0,dmvmnuus
2643,0,dmvmnuus
2644,0,dmvmnuus
2645,0,dmvmnuus
2646,0,dmvmnuus
2647,0,dmvmnuus
2648,0,dmvmnuus
2649,0,dmvmnuus
2650,0,dmvmnuus
2651,0,dmvmnuus
2652,0,dmvmnuus
2653,0,dmvmnuus
2654,0,dmvmnuus
2655,0,dmvmnuus
2656,0,dmvmnuus
2657,0,dmvmnuus
2658,0,dmvmnuus
2659,0,dmvmnuus
2660,0,dmvmnuus
2661,0,dmvmnuus
2662,0,dmvmnuus
2663,0,dmvmnuus
2664,0,dmvmnuus
2665,0,dmvmnuus
2666,0,dmvmnuus
2668,0,dmvmnuus
2669,0,dmvmnuus
2670,0,dmvmnuus
2671,0,dmvmnuus
2672,0,dmvmnuus
2673,0,dmvmnuus
2674,0,dmvmnuus
2675,0,dmvmnuus
2676,0,dmvmnuus
2677,0,dmvmnuus
2678,0,dmvmnuus
2679,0,dmvmnuus
2680,0,dmvmnuus
2681,0,dmvmnuus
2682,0,dmvmnuus
2683,0,dmvmnuus
2684,0,dmvmnuus
2685,0,dmvmnuus
2686,0,dmvmnuus
2687,0,dmvmnuus
2688,0,dmvmnuus
2689,0,dmvmnuus
2690,0,dmvmnuus
2691,0,dmvmnuus
2692,0,dmvmnuus
2693,0,dmvmnuus
2694,0,dmvmnuus
2695,0,dmvmnuus
2696,0,dmvmnuus
2697,0,dmvmnuus
2698,0,dmvmnuus
2699,0,dmvmnuus
2700,0,dmvmnuus
2701,0,dmvmnuus
2702,0,dmvmnuus
2703,0,dmvmnuus
2704,0,dmvmnuus
2705,0,dmvmnuus
2706,0,dmvmnuus
2707,0,dmvmnuus
2708,0,dmvmnuus
2709,0,dmvmnuus
2710,0,dmvmnuus
2711,0,dmvmnuus
2712,0,dmvmnuus
2713,0,dmvmnuus
2714,0,dmvmnuus
2715,0,dmvmnuus
2716,0,dmvmnuus
2717,0,dmvmnuus
2718,0,dmvmnuus
2719,0,dmvmnuus
2720,0,dmvmnuus
2721,0,dmvmnuus
2722,0,dmvmnuus
2723,0,dmvmnuus
2724,0,dmvmnuus
2725,0,dmvmnuus
2726,0,dmvmnuus
2727,0,dmvmnuus
2728,0,dmvmnuus
2729,0,dmvmnuus
2730,0,dmvmnuus
2731,0,dmvmnuus
2732,0,dmvmnuus
2733,0,dmvmnuus
2734,0,dmvmnuus
2735,0,dmvmnuus
2736,0,dmvmnuus
2737,0,dmvmnuus
2738,0,dmvmnuus
2739,0,dmvmnuus
2740,0,dmvmnuus
2741,0,dmvmnuus
2742,0,dmvmnuus
2743,0,dmvmnuus
2744,0,dmvmnuus
2745,0,dmvmnuus
2746,0,dmvmnuus
2747,0,dmvmnuus
2748,0,dmvmnuus
2749,0,dmvmnuus
2750,0,dmvmnuus
2751,0,dmvmnuus
2752,0,dmvmnuus
2753,0,dmvmnuus
2754,0,dmvmnuus
2755,0,dmvmnuus
2756,0,dmvmnuus
2757,0,dmvmnuus
2758,0,dmvmnuus
2759,0,dmvmnuus
2760,0,dmvmnuus
2761,0,dmvmnuus
2762,0,dmvmnuus
2763,0,dmvmnuus
2764,0,dmvmnuus
2765,0,dmvmnuus
2766,0,dmvmnuus
2767,0,dmvmnuus
2768,0,dmvmnuus
2769,0,dmvmnuus
2770,0,dmvmnuus
2771,0,dmvmnuus
2772,0,dmvmnuus
2773,0,dmvmnuus
2774,0,dmvmnuus
2775,0,dmvmnuus
2776,0,dmvmnuus
2777,0,dmvmnuus
2778,0,dmvmnuus
2779,0,dmvmnuus
2780,0,dmvmnuus
2781,0,dmvmnuus
2782,0,dmvmnuus
2783,0,dmvmnuus
2784,0,dmvmnuus
2785,0,dmvmnuus
2786,0,dmvmnuus
2787,0,dmvmnuus
2788,0,dmvmnuus
2789,0,dmvmnuus
2790,0,dmvmnuus
2791,0,dmvmnuus
2792,0,dmvmnuus
2793,0,dmvmnuus
2794,0,dmvmnuus
2795,0,dmvmnuus
2796,0,dmvmnuus
2797,0,dmvmnuus
2798,0,dmvmnuus
2799,0,dmvmnuus
2800,0,dmvmnuus
2801,0,dmvmnuus
2802,0,dmvmnuus
2803,0,dmvmnuus
2804,0,dmvmnuus
2805,0,dmvmnuus
2806,0,dmvmnuus
2807,0,dmvmnuus
2808,0,dmvmnuus
2809,0,dmvmnuus
2810,0,dmvmnuus
2811,0,dmvmnuus
2812,0,dmvmnuus
2813,0,dmvmnuus
2814,0,dmvmnuus
2815,0,dmvmnuus
2816,0,dmvmnuus
2817,0,dmvmnuus
2818,0,dmvmnuus
2819,0,dmvmnuus
2820,0,dmvmnuus
2821,0,dmvmnuus
2822,0,dmvmnuus
2823,0,dmvmnuus
2824,0,dmvmnuus
2825,0,dmvmnuus
2826,0,dmvmnuus
2827,0,dmvmnuus
2828,0,dmvmnuus
2829,0,dmvmnuus
2830,0,dmvmnuus
2831,0,dmvmnuus
2832,0,dmvmnuus
2833,0,dmvmnuus
2834,0,dmvmnuus
2835,0,dmvmnuus
2836,0,dmvmnuus
2837,0,dmvmnuus
2838,0,dmvmnuus
2839,0,dmvmnuus
2840,0,dmvmnuus
2841,0,dmvmnuus
2842,0,dmvmnuus
2843,0,dmvmnuus
2844,0,dmvmnuus
2845,0,dmvmnuus
2846,0,dmvmnuus
2847,0,dmvmnuus
2848,0,dmvmnuus
2849,0,dmvmnuus
2850,0,dmvmnuus
2851,0,dmvmnuus
2852,0,dmvmnuus
2853,0,dmvmnuus
2854,0,dmvmnuus
2855,0,dmvmnuus
2856,0,dmvmnuus
2857,0,dmvmnuus
2858,0,dmvmnuus
2859,0,dmvmnuus
2860,0,dmvmnuus
2861,0,dmvmnuus
2862,0,dmvmnuus
2863,0,dmvmnuus
2864,0,dmvmnuus
2865,0,dmvmnuus
2866,0,dmvmnuus
2867,0,dmvmnuus
2868,0,dmvmnuus
2869,0,dmvmnuus
2870,0,dmvmnuus
2871,0,dmvmnuus
2872,0,dmvmnuus
2873,0,dmvmnuus
2874,0,dmvmnuus
2875,0,dmvmnuus
2876,0,dmvmnuus
2877,0,dmvmnuus
2878,0,dmvmnuus
2879,0,dmvmnuus
2880,0,dmvmnuus
2881,0,dmvmnuus
2882,0,dmvmnuus
2883,0,dmvmnuus
2884,0,dmvmnuus
2885,0,dmvmnuus
2886,0,dmvmnuus
2887,0,dmvmnuus
2888,0,dmvmnuus
2889,0,dmvmnuus
2890,0,dmvmnuus
2891,0,dmvmnuus
2892,0,dmvmnuus
2893,0,dmvmnuus
2894,0,dmvmnuus
2895,0,dmvmnuus
2896,0,dmvmnuus
2897,0,dmvmnuus
2898,0,dmvmnuus
2899,0,dmvmnuus
2900,0,dmvmnuus
2901,0,dmvmnuus
2902,0,dmvmnuus
2903,0,dmvmnuus
2904,0,dmvmnuus
2905,0,dmvmnuus
2906,0,dmvmnuus
2907,0,dmvmnuus
2908,0,dmvmnuus
2909,0,dmvmnuus
2910,0,dmvmnuus
2911,0,dmvmnuus
2912,0,dmvmnuus
2913,0,dmvmnuus
2914,0,dmvmnuus
2915,0,dmvmnuus
2916,0,dmvmnuus
2917,0,dmvmnuus
2918,0,dmvmnuus
2919,0,dmvmnuus
2920,0,dmvmnuus
2921,0,dmvmnuus
2922,0,dmvmnuus
2923,0,dmvmnuus
2924,0,dmvmnuus
2925,0,dmvmnuus
2926,0,dmvmnuus
2927,0,dmvmnuus
2928,0,dmvmnuus
2929,0,dmvmnuus
2930,0,dmvmnuus
2931,0,dmvmnuus
2932,0,dmvmnuus
2933,0,dmvmnuus
2934,0,dmvmnuus
2935,0,dmvmnuus
2936,0,dmvmnuus
2937,0,dmvmnuus
2938,0,dmvmnuus
2939,0,dmvmnuus
2940,0,dmvmnuus
2941,0,dmvmnuus
2942,0,dmvmnuus
2943,0,dmvmnuus
2944,0,dmvmnuus
2945,0,dmvmnuus
2946,0,dmvmnuus
2947,0,dmvmnuus
2948,0,dmvmnuus
2949,0,dmvmnuus
2950,0,dmvmnuus
2951,0,dmvmnuus
2952,0,dmvmnuus
2953,0,dmvmnuus
2954,0,dmvmnuus
2955,0,dmvmnuus
2956,0,dmvmnuus
2957,0,dmvmnuus
2958,0,dmvmnuus
2959,0,dmvmnuus
2960,0,dmvmnuus
2961,0,dmvmnuus
2962,0,dmvmnuus
2963,0,dmvmnuus
2964,0,dmvmnuus
2965,0,dmvmnuus
2966,0,dmvmnuus
2967,0,dmvmnuus
2968,0,dmvmnuus
2969,0,dmvmnuus
2970,0,dmvmnuus
2971,0,dmvmnuus
2972,0,dmvmnuus
2973,0,dmvmnuus
2974,0,dmvmnuus
2975,0,dmvmnuus
2976,0,dmvmnuus
2977,0,dmvmnuus
2978,0,dmvmnuus
2979,0,dmvmnuus
2980,0,dmvmnuus
2981,0,dmvmnuus
2982,0,dmvmnuus
2983,0,dmvmnuus
2984,0,dmvmnuus
2985,0,dmvmnuus
2986,0,dmvmnuus
2987,0,dmvmnuus
2988,0,dmvmnuus
2989,0,dmvmnuus
2990,0,dmvmnuus
2991,0,dmvmnuus
2992,0,dmvmnuus
2993,0,dmvmnuus
2994,0,dmvmnuus
2995,0,dmvmnuus
2996,0,dmvmnuus
2997,0,dmvmnuus
2998,0,dmvmnuus
2999,0,dmvmnuus
2999,0,dmvmnuus
3000,0,dmvmnuus
3001,0,dmvmnuus
3002,0,dmvmnuus
3003,0,dmvmnuus
3004,0,dmvmnuus
3005,0,dmvmnuus
3006,0,dmvmnuus
3007,0,dmvmnuus
3008,0,dmvmnuus
3009,0,dmvmnuus
3010,0,dmvmnuus
3011,0,dmvmnuus
3012,0,dmvmnuus
3013,0,dmvmnuus
3014,0,dmvmnuus
3015,0,dmvmnuus
3016,0,dmvmnuus
3017,0,dmvmnuus
3018,0,dmvmnuus
3019,0,dmvmnuus
3020,0,dmvmnuus
3021,0,dmvmnuus
3022,0,dmvmnuus
3023,0,dmvmnuus
3024,0,dmvmnuus
3025,0,dmvmnuus
3026,0,dmvmnuus
3027,0,dmvmnuus
3028,0,dmvmnuus
3029,0,dmvmnuus
3030,0,dmvmnuus
3031,0,dmvmnuus
3032,0,dmvmnuus
3033,0,dmvmnuus
3034,0,dmvmnuus
3035,0,dmvmnuus
3036,0,dmvmnuus
3037,0,dmvmnuus
3038,0,dmvmnuus
3039,0,dmvmnuus
3040,0,dmvmnuus
3041,0,dmvmnuus
3042,0,dmvmnuus
3043,0,dmvmnuus
3044,0,dmvmnuus
3045,0,dmvmnuus
3046,0,dmvmnuus
3047,0,dmvmnuus
3048,0,dmvmnuus
3049,0,dmvmnuus
3050,0,dmvmnuus
3051,0,dmvmnuus
3052,0,dmvmnuus
3053,0,dmvmnuus
3054,0,dmvmnuus
3055,0,dmvmnuus
3056,0,dmvmnuus
3057,0,dmvmnuus
3058,0,dmvmnuus
3059,0,dmvmnuus
3060,0,dmvmnuus
3061,0,dmvmnuus
3062,0,dmvmnuus
3063,0,dmvmnuus
3064,0,dmvmnuus
3065,0,dmvmnuus
3066,0,dmvmnuus
3067,0,dmvmnuus
3068,0,dmvmnuus
3069,0,dmvmnuus
3070,0,dmvmnuus
3071,0,dmvmnuus
3072,0,dmvmnuus
3073,0,dmvmnuus
3074,0,dmvmnuus
3075,0,dmvmnuus
3076,0,dmvmnuus
3077,0,dmvmnuus
3078,0,dmvmnuus
3079,0,dmvmnuus
3080,0,dmvmnuus
3081,0,dmvmnuus
3082,0,dmvmnuus
3083,0,dmvmnuus
3084,0,dmvmnuus
3085,0,dmvmnuus
3086,0,dmvmnuus
3087,0,dmvmnuus
3088,0,dmvmnuus
3089,0,dmvmnuus
3090,0,dmvmnuus
3091,0,dmvmnuus
3092,0,dmvmnuus
3093,0,dmvmnuus
3094,0,dmvmnuus
3095,0,dmvmnuus
3096,0,dmvmnuus
3097,0,dmvmnuus
3098,0,dmvmnuus
3099,0,dmvmnuus
3100,0,dmvmnuus
3101,0,dmvmnuus
3102,0,dmvmnuus
3103,0,dmvmnuus
3104,0,dmvmnuus
3105,0,dmvmnuus
3106,0,dmvmnuus
3107,0,dmvmnuus
3108,0,dmvmnuus
3109,0,dmvmnuus
3110,0,dmvmnuus
3111,0,dmvmnuus
3112,0,dmvmnuus
3113,0,dmvmnuus
3114,0,dmvmnuus
3115,0,dmvmnuus
3116,0,dmvmnuus
3117,0,dmvmnuus
3118,0,dmvmnuus
3119,0,dmvmnuus
3120,0,dmvmnuus
3121,0,dmvmnuus
3122,0,dmvmnuus
3123,0,dmvmnuus
3124,0,dmvmnuus
3125,0,dmvmnuus
3126,0,dmvmnuus
3127,0,dmvmnuus
3128,0,dmvmnuus
3129,0,dmvmnuus
3130,0,dmvmnuus
3131,0,dmvmnuus
3132,0,dmvmnuus
3133,0,dmvmnuus
3134,0,dmvmnuus
3135,0,dmvmnuus
3136,0,dmvmnuus
3137,0,dmvmnuus
3138,0,dmvmnuus
3139,0,dmvmnuus
3140,0,dmvmnuus
3141,0,dmvmnuus
3142,0,dmvmnuus
3143,0,dmvmnuus
3144,0,dmvmnuus
3145,0,dmvmnuus
3146,0,dmvmnuus
3147,0,dmvmnuus
3148,0,dmvmnuus
3149,0,dmvmnuus
3150,0,dmvmnuus
3151,0,dmvmnuus
3152,0,dmvmnuus
3153,0,dmvmnuus
3154,0,dmvmnuus
3155,0,dmvmnuus
3156,0,dmvmnuus
3157,0,dmvmnuus
3158,0,dmvmnuus
3159,0,dmvmnuus
3160,0,dmvmnuus
3161,0,dmvmnuus
3162,0,dmvmnuus
3163,0,dmvmnuus
3164,0,dmvmnuus
3165,0,dmvmnuus
3166,0,dmvmnuus
3167,0,dmvmnuus
3168,0,dmvmnuus
3169,0,dmvmnuus
3170,0,dmvmnuus
3171,0,dmvmnuus
3172,0,dmvmnuus
3173,0,dmvmnuus
3174,0,dmvmnuus
3175,0,dmvmnuus
3176,0,dmvmnuus
3177,0,dmvmnuus
3178,0,dmvmnuus
3179,0,dmvmnuus
3180,0,dmvmnuus
3181,0,dmvmnuus
3182,0,dmvmnuus
3183,0,dmvmnuus
3184,0,dmvmnuus
3185,0,dmvmnuus
3186,0,dmvmnuus
3187,0,dmvmnuus
3188,0,dmvmnuus
3189,0,dmvmnuus
3190,0,dmvmnuus
3191,0,dmvmnuus
3192,0,dmvmnuus
3193,0,dmvmnuus
3194,0,dmvmnuus
3195,0,dmvmnuus
3196,0,dmvmnuus
3197,0,dmvmnuus
3198,0,dmvmnuus
3199,0,dmvmnuus
3200,0,dmvmnuus
3201,0,dmvmnuus
3202,0,dmvmnuus
3203,0,dmvmnuus
3204,0,dmvmnuus
3205,0,dmvmnuus
3206,0,dmvmnuus
3207,0,dmvmnuus
3208,0,dmvmnuus
3209,0,dmvmnuus
3210,0,dmvmnuus
3211,0,dmvmnuus
3212,0,dmvmnuus
3213,0,dmvmnuus
3214,0,dmvmnuus
3215,0,dmvmnuus
3216,0,dmvmnuus
3217,0,dmvmnuus
3218,0,dmvmnuus
3219,0,dmvmnuus
3220,0,dmvmnuus
3221,0,dmvmnuus
3222,0,dmvmnuus
3223,0,dmvmnuus
3224,0,dmvmnuus
3225,0,dmvmnuus
3226,0,dmvmnuus
3227,0,dmvmnuus
3228,0,dmvmnuus
3229,0,dmvmnuus
3230,0,dmvmnuus
3231,0,dmvmnuus
3232,0,dmvmnuus
3233,0,dmvmnuus
3234,0,dmvmnuus
3235,0,dmvmnuus
3236,0,dmvmnuus
3237,0,dmvmnuus
3238,0,dmvmnuus
3239,0,dmvmnuus
3240,0,dmvmnuus
3241,0,dmvmnuus
3242,0,dmvmnuus
3243,0,dmvmnuus
3244,0,dmvmnuus
3245,0,dmvmnuus
3246,0,dmvmnuus
3247,0,dmvmnuus
3248,0,dmvmnuus
3249,0,dmvmnuus
3250,0,dmvmnuus
3251,0,dmvmnuus
3252,0,dmvmnuus
3253,0,dmvmnuus
3254,0,dmvmnuus
3255,0,dmvmnuus
3256,0,dmvmnuus
3257,0,dmvmnuus
3258,0,dmvmnuus
3259,0,dmvmnuus
3260,0,dmvmnuus
3261,0,dmvmnuus
3262,0,dmvmnuus
3263,0,dmvmnuus
3264,0,dmvmnuus
3265,0,dmvmnuus
3266,0,dmvmnuus
3267,0,dmvmnuus
3268,0,dmvmnuus
3269,0,dmvmnuus
3270,0,dmvmnuus
3271,0,dmvmnuus
3272,0,dmvmnuus
3273,0,dmvmnuus
3274,0,dmvmnuus
3275,0,dmvmnuus
3276,0,dmvmnuus
3277,0,dmvmnuus
3278,0,dmvmnuus
3279,0,dmvmnuus
3280,0,dmvmnuus
3281,0,dmvmnuus
3282,0,dmvmnuus
3283,0,dmvmnuus
3284,0,dmvmnuus
3285,0,dmvmnuus
3286,0,dmvmnuus
3287,0,dmvmnuus
3288,0,dmvmnuus
3289,0,dmvmnuus
3290,0,dmvmnuus
3291,0,dmvmnuus
3292,0,dmvmnuus
3293,0,dmvmnuus
3294,0,dmvmnuus
3295,0,dmvmnuus
3296,0,dmvmnuus
3297,0,dmvmnuus
3298,0,dmvmnuus
3299,0,dmvmnuus
3300,0,dmvmnuus
3301,0,dmvmnuus
3302,0,dmvmnuus
3303,0,dmvmnuus
3304,0,dmvmnuus
3305,0,dmvmnuus
3306,0,dmvmnuus
3307,0,dmvmnuus
3308,0,dmvmnuus
3309,0,dmvmnuus
3310,0,dmvmnuus
3311,0,dmvmnuus
3312,0,dmvmnuus
3313,0,dmvmnuus
3314,0,dmvmnuus
3315,0,dmvmnuus
3316,0,dmvmnuus
3317,0,dmvmnuus
3318,0,dmvmnuus
3319,0,dmvmnuus
3320,0,dmvmnuus
3321,0,dmvmnuus
3322,0,dmvmnuus
3323,0,dmvmnuus
3324,0,dmvmnuus
3325,0,dmvmnuus
3326,0,dmvmnuus
3327,0,dmvmnuus
3328,0,dmvmnuus
3329,0,dmvmnuus
3330,0,dmvmnuus
3331,0,dmvmnuus
3332,0,dmvmnuus
3333,0,dmvmnuus
3334,0,dmvmnuus
3335,0,dmvmnuus
3336,0,dmvmnuus
3337,0,dmvmnuus
3338,0,dmvmnuus
3339,0,dmvmnuus
3340,0,dmvmnuus
3341,0,dmvmnuus
3342,0,dmvmnuus
3343,0,dmvmnuus
3344,0,dmvmnuus
3345,0,dmvmnuus
3346,0,dmvmnuus
3347,0,dmvmnuus
3348,0,dmvmnuus
3349,0,dmvmnuus
3350,0,dmvmnuus
3351,0,dmvmnuus
3352,0,dmvmnuus
3353,0,dmvmnuus
3354,0,dmvmnuus
3355,0,dmvmnuus
3356,0,dmvmnuus
3357,0,dmvmnuus
3358,0,dmvmnuus
3359,0,dmvmnuus
3360,0,dmvmnuus
3361,0,dmvmnuus
3362,0,dmvmnuus
3363,0,dmvmnuus
3364,0,dmvmnuus
3365,0,dmvmnuus
3366,0,dmvmnuus
3367,0,dmvmnuus
3368,0,dmvmnuus
3369,0,dmvmnuus
3370,0,dmvmnuus
3371,0,dmvmnuus
3372,0,dmvmnuus
3373,0,dmvmnuus
3374,0,dmvmnuus
3375,0,dmvmnuus
3376,0,dmvmnuus
3377,0,dmvmnuus
3378,0,dmvmnuus
3379,0,dmvmnuus
3380,0,dmvmnuus
3381,0,dmvmnuus
3382,0,dmvmnuus
3383,0,dmvmnuus
3384,0,dmvmnuus
3385,0,dmvmnuus
3386,0,dmvmnuus
3387,0,dmvmnuus
3388,0,dmvmnuus
3389,0,dmvmnuus
3390,0,dmvmnuus
3391,0,dmvmnuus
3392,0,dmvmnuus
3393,0,dmvmnuus
3394,0,dmvmnuus
3395,0,dmvmnuus
3396,0,dmvmnuus
3397,0,dmvmnuus
3398,0,dmvmnuus
3399,0,dmvmnuus
3400,0,dmvmnuus
3401,0,dmvmnuus
3402,0,dmvmnuus
3403,0,dmvmnuus
3404,0,dmvmnuus
3405,0,dmvmnuus
3406,0,dmvmnuus
3407,0,dmvmnuus
3408,0,dmvmnuus
3409,0,dmvmnuus
3410,0,dmvmnuus
3411,0,dmvmnuus
3412,0,dmvmnuus
3413,0,dmvmnuus
3414,0,dmvmnuus
3415,0,dmvmnuus
3416,0,dmvmnuus
3417,0,dmvmnuus
3418,0,dmvmnuus
3419,0,dmvmnuus
3420,0,dmvmnuus
3421,0,dmvmnuus
3422,0,dmvmnuus
3423,0,dmvmnuus
3424,0,dmvmnuus
3425,0,dmvmnuus
3426,0,dmvmnuus
3427,0,dmvmnuus
3428,0,dmvmnuus
3429,0,dmvmnuus
3430,0,dmvmnuus
3431,0,dmvmnuus
3432,0,dmvmnuus
3433,0,dmvmnuus
3434,0,dmvmnuus
3435,0,dmvmnuus
3436,0,dmvmnuus
3437,0,dmvmnuus
3438,0,dmvmnuus
3439,0,dmvmnuus
3440,0,dmvmnuus
3441,0,dmvmnuus
3442,0,dmvmnuus
3443,0,dmvmnuus
3444,0,dmvmnuus
3445,0,dmvmnuus
3446,0,dmvmnuus
3447,0,dmvmnuus
3448,0,dmvmnuus
3449,0,dmvmnuus
3450,0,dmvmnuus
3451,0,dmvmnuus
3452,0,dmvmnuus
3453,0,dmvmnuus
3454,0,dmvmnuus
3455,0,dmvmnuus
3456,0,dmvmnuus
3457,0,dmvmnuus
3458,0,dmvmnuus
3459,0,dmvmnuus
3460,0,dmvmnuus
3461,0,dmvmnuus
3462,0,dmvmnuus
3463,0,dmvmnuus
3464,0,dmvmnuus
3465,0,dmvmnuus
3466,0,dmvmnuus
3467,0,dmvmnuus
3468,0,dmvmnuus
3469,0,dmvmnuus
3470,0,dmvmnuus
3471,0,dmvmnuus
3472,0,dmvmnuus
3473,0,dmvmnuus
3474,0,dmvmnuus
3475,0,dmvmnuus
3476,0,dmvmnuus
3477,0,dmvmnuus
3478,0,dmvmnuus
3479,0,dmvmnuus
3480,0,dmvmnuus
3481,0,dmvmnuus
3482,0,dmvmnuus
3483,0,dmvmnuus
3484,0,dmvmnuus
3485,0,dmvmnuus
3486,0,dmvmnuus
3487,0,dmvmnuus
3488,0,dmvmnuus
3489,0,dmvmnuus
3490,0,dmvmnuus
3491,0,dmvmnuus
3492,0,dmvmnuus
3493,0,dmvmnuus
3494,0,dmvmnuus
3495,0,dmvmnuus
3496,0,dmvmnuus
3497,0,dmvmnuus
3498,0,dmvmnuus
3499,0,dmvmnuus
3500,0,dmvmnuus
3501,0,dmvmnuus
3502,0,dmvmnuus
3503,0,dmvmnuus
3504,0,dmvmnuus
3505,0,dmvmnuus
3506,0,dmvmnuus
3507,0,dmvmnuus
3508,0,dmvmnuus
3509,0,dmvmnuus
3510,0,dmvmnuus
3511,0,dmvmnuus
3512,0,dmvmnuus
3513,0,dmvmnuus
3514,0,dmvmnuus
3515,0,dmvmnuus
3516,0,dmvmnuus
3517,0,dmvmnuus
3518,0,dmvmnuus
3519,0,dmvmnuus
3520,0,dmvmnuus
3521,0,dmvmnuus
3522,0,dmvmnuus
3523,0,dmvmnuus
3524,0,dmvmnuus
3525,0,dmvmnuus
3526,0,dmvmnuus
3527,0,dmvmnuus
3528,0,dmvmnuus
3529,0,dmvmnuus
3530,0,dmvmnuus
3531,0,dmvmnuus
3532,0,dmvmnuus
3533,0,dmvmnuus
3534,0,dmvmnuus
3535,0,dmvmnuus
3536,0,dmvmnuus
3537,0,dmvmnuus
3538,0,dmvmnuus
3539,0,dmvmnuus
3540,0,dmvmnuus
3541,0,dmvmnuus
3542,0,dmvmnuus
3543,0,dmvmnuus
3544,0,dmvmnuus
3545,0,dmvmnuus
3546,0,dmvmnuus
3547,0,dmvmnuus
3548,0,dmvmnuus
3549,0,dmvmnuus
3550,0,dmvmnuus
3551,0,dmvmnuus
3552,0,dmvmnuus
3553,0,dmvmnuus
3554,0,dmvmnuus
3555,0,dmvmnuus
3556,0,dmvmnuus
3557,0,dmvmnuus
3558,0,dmvmnuus
3559,0,dmvmnuus
3560,0,dmvmnuus
3561,0,dmvmnuus
3562,0,dmvmnuus
3563,0,dmvmnuus
3564,0,dmvmnuus
3565,0,dmvmnuus
3566,0,dmvmnuus
3567,0,dmvmnuus
3568,0,dmvmnuus
3569,0,dmvmnuus
3570,0,dmvmnuus
3571,0,dmvmnuus
3572,0,dmvmnuus
3573,0,dmvmnuus
3574,0,dmvmnuus
3575,0,dmvmnuus
3576,0,dmvmnuus
3577,0,dmvmnuus
3578,0,dmvmnuus
3579,0,dmvmnuus
3580,0,dmvmnuus
3581,0,dmvmnuus
3582,0,dmvmnuus
3583,0,dmvmnuus
3584,0,dmvmnuus
3585,0,dmvmnuus
3586,0,dmvmnuus
3587,0,dmvmnuus
3588,0,dmvmnuus
3589,0,dmvmnuus
3590,0,dmvmnuus
3591,0,dmvmnuus
3592,0,dmvmnuus
3593,0,dmvmnuus
3594,0,dmvmnuus
3595,0,dmvmnuus
3596,0,dmvmnuus
3597,0,dmvmnuus
3598,0,dmvmnuus
3599,0,dmvmnuus
3600,0,dmvmnuus
3601,0,dmvmnuus
3602,0,dmvmnuus
3603,0,dmvmnuus
3604,0,dmvmnuus
3605,0,dmvmnuus
3606,0,dmvmnuus
3607,0,dmvmnuus
3608,0,dmvmnuus
3609,0,dmvmnuus
3610,0,dmvmnuus
3611,0,dmvmnuus
3612,0,dmvmnuus
3613,0,dmvmnuus
3614,0,dmvmnuus
3615,0,dmvmnuus
3616,0,dmvmnuus
3617,0,dmvmnuus
3618,0,dmvmnuus
3619,0,dmvmnuus
3620,0,dmvmnuus
3621,0,dmvmnuus
3622,0,dmvmnuus
3623,0,dmvmnuus
3624,0,dmvmnuus
3625,0,dmvmnuus
3626,0,dmvmnuus
3627,0,dmvmnuus
3628,0,dmvmnuus
3629,0,dmvmnuus
3630,0,dmvmnuus
3631,0,dmvmnuus
3632,0,dmvmnuus
3633,0,dmvmnuus
3634,0,dmvmnuus
3635,0,dmvmnuus
3636,0,dmvmnuus
3637,0,dmvmnuus
3638,0,dmvmnuus
3639,0,dmvmnuus
3640,0,dmvmnuus
3641,0,dmvmnuus
3642,0,dmvmnuus
3643,0,dmvmnuus
3644,0,dmvmnuus
3645,0,dmvmnuus
3646,0,dmvmnuus
3647,0,dmvmnuus
3648,0,dmvmnuus
3649,0,dmvmnuus
3650,0,dmvmnuus
3651,0,dmvmnuus
3652,0,dmvmnuus
3653,0,dmvmnuus
3654,0,dmvmnuus
3655,0,dmvmnuus
3656,0,dmvmnuus
3657,0,dmvmnuus
3658,0,dmvmnuus
3659,0,dmvmnuus
3660,0,dmvmnuus
3661,0,dmvmnuus
3662,0,dmvmnuus
3663,0,dmvmnuus
3664,0,dmvmnuus
3665,0,dmvmnuus
3666,0,dmvmnuus
3668,0,dmvmnuus
3669,0,dmvmnuus
3670,0,dmvmnuus
3671,0,dmvmnuus
3672,0,dmvmnuus
3673,0,dmvmnuus
3674,0,dmvmnuus
3675,0,dmvmnuus
3676,0,dmvmnuus
3677,0,dmvmnuus
3678,0,dmvmnuus
3679,0,dmvmnuus
3680,0,dmvmnuus
3681,0,dmvmnuus
3682,0,dmvmnuus
3683,0,dmvmnuus
3684,0,dmvmnuus
3685,0,dmvmnuus
3686,0,dmvmnuus
3687,0,dmvmnuus
3688,0,dmvmnuus
3689,0,dmvmnuus
3690,0,dmvmnuus
3691,0,dmvmnuus
3692,0,dmvmnuus
3693,0,dmvmnuus
3694,0,dmvmnuus
3695,0,dmvmnuus
3696,0,dmvmnuus
3697,0,dmvmnuus
3698,0,dmvmnuus
3699,0,dmvmnuus
3700,0,dmvmnuus
3701,0,dmvmnuus
3702,0,dmvmnuus
3703,0,dmvmnuus
3704,0,dmvmnuus
3705,0,dmvmnuus
3706,0,dmvmnuus
3707,0,dmvmnuus
3708,0,dmvmnuus
3709,0,dmvmnuus
3710,0,dmvmnuus
3711,0,dmvmnuus
3712,0,dmvmnuus
3713,0,dmvmnuus
3714,0,dmvmnuus
3715,0,dmvmnuus
3716,0,dmvmnuus
3717,0,dmvmnuus
3718,0,dmvmnuus
3719,0,dmvmnuus
3720,0,dmvmnuus
3721,0,dmvmnuus
3722,0,dmvmnuus
3723,0,dmvmnuus
3724,0,dmvmnuus
3725,0,dmvmnuus
3726,0,dmvmnuus
3727,0,dmvmnuus
3728,0,dmvmnuus
3729,0,dmvmnuus
3730,0,dmvmnuus
3731,0,dmvmnuus
3732,0,dmvmnuus
3733,0,dmvmnuus
3734,0,dmvmnuus
3735,0,dmvmnuus
3736,0,dmvmnuus
3737,0,dmvmnuus
3738,0,dmvmnuus
3739,0,dmvmnuus
3740,0,dmvmnuus
3741,0,dmvmnuus
3742,0,dmvmnuus
3743,0,dmvmnuus
3744,0,dmvmnuus
3745,0,dmvmnuus
3746,0,dmvmnuus
3747,0,dmvmnuus
3748,0,dmvmnuus
3749,0,dmvmnuus
3750,0,dmvmnuus
3751,0,dmvmnuus
3752,0,dmvmnuus
3753,0,dmvmnuus
3754,0,dmvmnuus
3755,0,dmvmnuus
3756,0,dmvmnuus
3757,0,dmvmnuus
3758,0,dmvmnuus
3759,0,dmvmnuus
3760,0,dmvmnuus
3761,0,dmvmnuus
3762,0,dmvmnuus
3763,0,dmvmnuus
3764,0,dmvmnuus
3765,0,dmvmnuus
3766,0,dmvmnuus
3767,0,dmvmnuus
3768,0,dmvmnuus
3769,0,dmvmnuus
3770,0,dmvmnuus
3771,0,dmvmnuus
3772,0,dmvmnuus
3773,0,dmvmnuus
3774,0,dmvmnuus
3775,0,dmvmnuus
3776,0,dmvmnuus
3777,0,dmvmnuus
3778,0,dmvmnuus
3779,0,dmvmnuus
3780,0,dmvmnuus
3781,0,dmvmnuus
3782,0,dmvmnuus
3783,0,dmvmnuus
3784,0,dmvmnuus
3785,0,dmvmnuus
3786,0,dmvmnuus
3787,0,dmvmnuus
3788,0,dmvmnuus
3789,0,dmvmnuus
3790,0,dmvmnuus
3791,0,dmvmnuus
3792,0,dmvmnuus
3793,0,dmvmnuus
3794,0,dmvmnuus
3795,0,dmvmnuus
3796,0,dmvmnuus
3797,0,dmvmnuus
3798,0,dmvmnuus
3799,0,dmvmnuus
3800,0,dmvmnuus
3801,0,dmvmnuus
3802,0,dmvmnuus
3803,0,dmvmnuus
3804,0,dmvmnuus
3805,0,dmvmnuus
3806,0,dmvmnuus
3807,0,dmvmnuus
3808,0,dmvmnuus
3809,0,dmvmnuus
3810,0,dmvmnuus
3811,0,dmvmnuus
3812,0,dmvmnuus
3813,0,dmvmnuus
3814,0,dmvmnuus
3815,0,dmvmnuus
3816,0,dmvmnuus
3817,0,dmvmnuus
3818,0,dmvmnuus
3819,0,dmvmnuus
3820,0,dmvmnuus
3821,0,dmvmnuus
3822,0,dmvmnuus
3823,0,dmvmnuus
3824,0,dmvmnuus
3825,0,dmvmnuus
3826,0,dmvmnuus
3827,0,dmvmnuus
3828,0,dmvmnuus
3829,0,dmvmnuus
3830,0,dmvmnuus
3831,0,dmvmnuus
3832,0,dmvmnuus
3833,0,dmvmnuus
3834,0,dmvmnuus
3835,0,dmvmnuus
3836,0,dmvmnuus
3837,0,dmvmnuus
3838,0,dmvmnuus
3839,0,dmvmnuus
3840,0,dmvmnuus
3841,0,dmvmnuus
3842,0,dmvmnuus
3843,0,dmvmnuus
3844,0,dmvmnuus
3845,0,dmvmnuus
3846,0,dmvmnuus
3847,0,dmvmnuus
3848,0,dmvmnuus
3849,0,dmvmnuus
3850,0,dmvmnuus
3851,0,dmvmnuus
3852,0,dmvmnuus
3853,0,dmvmnuus
3854,0,dmvmnuus
3855,0,dmvmnuus
3856,0,dmvmnuus
3857,0,dmvmnuus
3858,0,dmvmnuus
3859,0,dmvmnuus
3860,0,dmvmnuus
3861,0,dmvmnuus
3862,0,dmvmnuus
3863,0,dmvmnuus
3864,0,dmvmnuus
3865,0,dmvmnuus
3866,0,dmvmnuus
3867,0,dmvmnuus
3868,0,dmvmnuus
3869,0,dmvmnuus
3870,0,dmvmnuus
3871,0,dmvmnuus
3872,0,dmvmnuus
3873,0,dmvmnuus
3874,0,dmvmnuus
3875,0,dmvmnuus
3876,0,dmvmnuus
3877,0,dmvmnuus
3878,0,dmvmnuus
3879,0,dmvmnuus
3880,0,dmvmnuus
3881,0,dmvmnuus
3882,0,dmvmnuus
3883,0,dmvmnuus
3884,0,dmvmnuus
3885,0,dmvmnuus
3886,0,dmvmnuus
3887,0,dmvmnuus
3888,0,dmvmnuus
3889,0,dmvmnuus
3890,0,dmvmnuus
3891,0,dmvmnuus
3892,0,dmvmnuus
3893,0,dmvmnuus
3894,0,dmvmnuus
3895,0,dmvmnuus
3896,0,dmvmnuus
3897,0,dmvmnuus
3898,0,dmvmnuus
3899,0,dmvmnuus
3900,0,dmvmnuus
3901,0,dmvmnuus
3902,0,dmvmnuus
3903,0,dmvmnuus
3904,0,dmvmnuus
3905,0,dmvmnuus
3906,0,dmvmnuus
3907,0,dmvmnuus
3908,0,dmvmnuus
3909,0,dmvmnuus
3910,0,dmvmnuus
3911,0,dmvmnuus
3912,0,dmvmnuus
3913,0,dmvmnuus
3914,0,dmvmnuus
3915,0,dmvmnuus
3916,0,dmvmnuus
3917,0,dmvmnuus
3918,0,dmvmnuus
3919,0,dmvmnuus
3920,0,dmvmnuus
3921,0,dmvmnuus
3922,0,dmvmnuus
3923,0,dmvmnuus
3924,0,dmvmnuus
3925,0,dmvmnuus
3926,0,dmvmnuus
3927,0,dmvmnuus
3928,0,dmvmnuus
3929,0,dmvmnuus
3930,0,dmvmnuus
3931,0,dmvmnuus
3932,0,dmvmnuus
3933,0,dmvmnuus
3934,0,dmvmnuus
3935,0,dmvmnuus
3936,0,dmvmnuus
3937,0,dmvmnuus
3938,0,dmvmnuus
3939,0,dmvmnuus
3940,0,dmvmnuus
3941,0,dmvmnuus
3942,0,dmvmnuus
3943,0,dmvmnuus
3944,0,dmvmnuus
3945,0,dmvmnuus
3946,0,dmvmnuus
3947,0,dmvmnuus
3948,0,dmvmnuus
3949,0,dmvmnuus
3950,0,dmvmnuus
3951,0,dmvmnuus
3952,0,dmvmnuus
3953,0,dmvmnuus
3954,0,dmvmnuus
3955,0,dmvmnuus
3956,0,dmvmnuus
3957,0,dmvmnuus
3958,0,dmvmnuus
3959,0,dmvmnuus
3960,0,dmvmnuus
3961,0,dmvmnuus
3962,0,dmvmnuus
3963,0,dmvmnuus
3964,0,dmvmnuus
3965,0,dmvmnuus
3966,0,dmvmnuus
3967,0,dmvmnuus
3968,0,dmvmnuus
3969,0,dmvmnuus
3970,0,dmvmnuus
3971,0,dmvmnuus
3972,0,dmvmnuus
3973,0,dmvmnuus
3974,0,dmvmnuus
3975,0,dmvmnuus
3976,0,dmvmnuus
3977,0,dmvmnuus
3978,0,dmvmnuus
3979,0,dmvmnuus
3980,0,dmvmnuus
3981,0,dmvmnuus
3982,0,dmvmnuus
3983,0,dmvmnuus
3984,0,dmvmnuus
3985,0,dmvmnuus
3986,0,dmvmnuus
3987,0,dmvmnuus
3988,0,dmvmnuus
3989,0,dmvmnuus
3990,0,dmvmnuus
3991,0,dmvmnuus
3992,0,dmvmnuus
3993,0,dmvmnuus
3994,0,dmvmnuus
3995,0,dmvmnuus
3996,0,dmvmnuus
3997,0,dmvmnuus
3998,0,dmvmnuus
3999,0,dmvmnuus
3999,0,dmvmnuus
4000,0,dmvmnuus
4001,0,dmvmnuus
4002,0,dmvmnuus
4003,0,dmvmnuus
4004,0,dmvmnuus
4005,0,dmvmnuus
4006,0,dmvmnuus
4007,0,dmvmnuus
4008,0,dmvmnuus
4009,0,dmvmnuus
4010,0,dmvmnuus
4011,0,dmvmnuus
4012,0,dmvmnuus
4013,0,dmvmnuus
4014,0,dmvmnuus
4015,0,dmvmnuus
4016,0,dmvmnuus
4017,0,dmvmnuus
4018,0,dmvmnuus
4019,0,dmvmnuus
4020,0,dmvmnuus
4021,0,dmvmnuus
4022,0,dmvmnuus
4023,0,dmvmnuus
4024,0,dmvmnuus
4025,0,dmvmnuus
4026,0,dmvmnuus
4027,0,dmvmnuus
4028,0,dmvmnuus
4029,0,dmvmnuus
4030,0,dmvmnuus
4031,0,dmvmnuus
4032,0,dmvmnuus
4033,0,dmvmnuus
4034,0,dmvmnuus
4035,0,dmvmnuus
4036,0,dmvmnuus
4037,0,dmvmnuus
4038,0,dmvmnuus
4039,0,dmvmnuus
4040,0,dmvmnuus
4041,0,dmvmnuus
4042,0,dmvmnuus
4043,0,dmvmnuus
4044,0,dmvmnuus
4045,0,dmvmnuus
4046,0,dmvmnuus
4047,0,dmvmnuus
4048,0,dmvmnuus
4049,0,dmvmnuus
4050,0,dmvmnuus
4051,0,dmvmnuus
4052,0,dmvmnuus
4053,0,dmvmnuus
4054,0,dmvmnuus
4055,0,dmvmnuus
4056,0,dmvmnuus
4057,0,dmvmnuus
4058,0,dmvmnuus
4059,0,dmvmnuus
4060,0,dmvmnuus
4061,0,dmvmnuus
4062,0,dmvmnuus
4063,0,dmvmnuus
4064,0,dmvmnuus
4065,0,dmvmnuus
4066,0,dmvmnuus
4067,0,dmvmnuus
4068,0,dmvmnuus
4069,0,dmvmnuus
4070,0,dmvmnuus
4071,0,dmvmnuus
4072,0,dmvmnuus
4073,0,dmvmnuus
4074,0,dmvmnuus
4075,0,dmvmnuus
4076,0,dmvmnuus
4077,0,dmvmnuus
4078,0,dmvmnuus
4079,0,dmvmnuus
4080,0,dmvmnuus
4081,0,dmvmnuus
4082,0,dmvmnuus
4083,0,dmvmnuus
4084,0,dmvmnuus
4085,0,dmvmnuus
4086,0,dmvmnuus
4087,0,dmvmnuus
4088,0,dmvmnuus
4089,0,dmvmnuus
4090,0,dmvmnuus
4091,0,dmvmnuus
4092,0,dmvmnuus
4093,0,dmvmnuus
4094,0,dmvmnuus
4095,0,dmvmnuus
4096,0,dmvmnuus
4097,0,dmvmnuus
4098,0,dmvmnuus
4099,0,dmvmnuus
4100,0,dmvmnuus
4101,0,dmvmnuus
4102,0,dmvmnuus
4103,0,dmvmnuus
4104,0,dmvmnuus
4105,0,dmvmnuus
4106,0,dmvmnuus
4107,0,dmvmnuus
4108,0,dmvmnuus
4109,0,dmvmnuus
4110,0,dmvmnuus
4111,0,dmvmnuus
4112,0,dmvmnuus
4113,0,dmvmnuus
4114,0,dmvmnuus
4115,0,dmvmnuus
4116,0,dmvmnuus
4117,0,dmvmnuus
4118,0,dmvmnuus
4119,0,dmvmnuus
4120,0,dmvmnuus
4121,0,dmvmnuus
4122,0,dmvmnuus
4123,0,dmvmnuus
4124,0,dmvmnuus
4125,0,dmvmnuus
4126,0,dmvmnuus
4127,0,dmvmnuus
4128,0,dmvmnuus
4129,0,dmvmnuus
4130,0,dmvmnuus
4131,0,dmvmnuus
4132,0,dmvmnuus
4133,0,dmvmnuus
4134,0,dmvmnuus
4135,0,dmvmnuus
4136,0,dmvmnuus
4137,0,dmvmnuus
4138,0,dmvmnuus
4139,0,dmvmnuus
4140,0,dmvmnuus
4141,0,dmvmnuus
4142,0,dmvmnuus
4143,0,dmvmnuus
4144,0,dmvmnuus
4145,0,dmvmnuus
4146,0,dmvmnuus
4147,0,dmvmnuus
4148,0,dmvmnuus
4149,0,dmvmnuus
4150,0,dmvmnuus
4151,0,dmvmnuus
4152,0,dmvmnuus
4153,0,dmvmnuus
4154,0,dmvmnuus
4155,0,dmvmnuus
4156,0,dmvmnuus
4157,0,dmvmnuus
4158,0,dmvmnuus
4159,0,dmvmnuus
4160,0,dmvmnuus
4161,0,dmvmnuus
4162,0,dmvmnuus
4163,0,dmvmnuus
4164,0,dmvmnuus
4165,0,dmvmnuus
4166,0,dmvmnuus
4167,0,dmvmnuus
4168,0,dmvmnuus
4169,0,dmvmnuus
4170,0,dmvmnuus
4171,0,dmvmnuus
4172,0,dmvmnuus
4173,0,dmvmnuus
4174,0,dmvmnuus
4175,0,dmvmnuus
4176,0,dmvmnuus
4177,0,dmvmnuus
4178,0,dmvmnuus
4179,0,dmvmnuus
4180,0,dmvmnuus
4181,0,dmvmnuus
4182,0,dmvmnuus
4183,0,dmvmnuus
4184,0,dmvmnuus
4185,0,dmvmnuus
4186,0,dmvmnuus
4187,0,dmvmnuus
4188,0,dmvmnuus
4189,0,dmvmnuus
4190,0,dmvmnuus
4191,0,dmvmnuus
4192,0,dmvmnuus
4193,0,dmvmnuus
4194,0,dmvmnuus
4195,0,dmvmnuus
4196,0,dmvmnuus
4197,0,dmvmnuus
4198,0,dmvmnuus
4199,0,dmvmnuus
4200,0,dmvmnuus
4201,0,dmvmnuus
4202,0,dmvmnuus
4203,0,dmvmnuus
4204,0,dmvmnuus
4205,0,dmvmnuus
4206,0,dmvmnuus
4207,0,dmvmnuus
4208,0,dmvmnuus
4209,0,dmvmnuus
4210,0,dmvmnuus
4211,0,dmvmnuus
4212,0,dmvmnuus
4213,0,dmvmnuus
4214,0,dmvmnuus
4215,0,dmvmnuus
4216,0,dmvmnuus
4217,0,dmvmnuus
4218,0,dmvmnuus
4219,0,dmvmnuus
4220,0,dmvmnuus
4221,0,dmvmnuus
4222,0,dmvmnuus
4223,0,dmvmnuus
4224,0,dmvmnuus
4225,0,dmvmnuus
4226,0,dmvmnuus
4227,0,dmvmnuus
4228,0,dmvmnuus
4229,0,dmvmnuus
4230,0,dmvmnuus
4231,0,dmvmnuus
4232,0,dmvmnuus
4233,0,dmvmnuus
4234,0,dmvmnuus
4235,0,dmvmnuus
4236,0,dmvmnuus
4237,0,dmvmnuus
4238,0,dmvmnuus
4239,0,dmvmnuus
4240,0,dmvmnuus
4241,0,dmvmnuus
4242,0,dmvmnuus
4243,0,dmvmnuus
4244,0,dmvmnuus
4245,0,dmvmnuus
4246,0,dmvmnuus
4247,0,dmvmnuus
4248,0,dmvmnuus
4249,0,dmvmnuus
4250,0,dmvmnuus
4251,0,dmvmnuus
4252,0,dmvmnuus
4253,0,dmvmnuus
4254,0,dmvmnuus
4255,0,dmvmnuus
4256,0,dmvmnuus
4257,0,dmvmnuus
4258,0,dmvmnuus
4259,0,dmvmnuus
4260,0,dmvmnuus
4261,0,dmvmnuus
4262,0,dmvmnuus
4263,0,dmvmnuus
4264,0,dmvmnuus
4265,0,dmvmnuus
4266,0,dmvmnuus
4267,0,dmvmnuus
4268,0,dmvmnuus
4269,0,dmvmnuus
4270,0,dmvmnuus
4271,0,dmvmnuus
4272,0,dmvmnuus
4273,0,dmvmnuus
4274,0,dmvmnuus
4275,0,dmvmnuus
4276,0,dmvmnuus
4277,0,dmvmnuus
4278,0,dmvmnuus
4279,0,dmvmnuus
4280,0,dmvmnuus
4281,0,dmvmnuus
4282,0,dmvmnuus
4283,0,dmvmnuus
4284,0,dmvmnuus
4285,0,dmvmnuus
4286,0,dmvmnuus
4287,0,dmvmnuus
4288,0,dmvmnuus
4289,0,dmvmnuus
4290,0,dmvmnuus
4291,0,dmvmnuus
4292,0,dmvmnuus
4293,0,dmvmnuus
4294,0,dmvmnuus
4295,0,dmvmnuus
4296,0,dmvmnuus
4297,0,dmvmnuus
4298,0,dmvmnuus
4299,0,dmvmnuus
4300,0,dmvmnuus
4301,0,dmvmnuus
4302,0,dmvmnuus
4303,0,dmvmnuus
4304,0,dmvmnuus
4305,0,dmvmnuus
4306,0,dmvmnuus
4307,0,dmvmnuus
4308,0,dmvmnuus
4309,0,dmvmnuus
4310,0,dmvmnuus
4311,0,dmvmnuus
4312,0,dmvmnuus
4313,0,dmvmnuus
4314,0,dmvmnuus
4315,0,dmvmnuus
4316,0,dmvmnuus
4317,0,dmvmnuus
4318,0,dmvmnuus
4319,0,dmvmnuus
4320,0,dmvmnuus
4321,0,dmvmnuus
4322,0,dmvmnuus
4323,0,dmvmnuus
4324,0,dmvmnuus
4325,0,dmvmnuus
4326,0,dmvmnuus
4327,0,dmvmnuus
4328,0,dmvmnuus
4329,0,dmvmnuus
4330,0,dmvmnuus
4331,0,dmvmnuus
4332,0,dmvmnuus
4333,0,dmvmnuus
4334,0,dmvmnuus
4335,0,dmvmnuus
4336,0,dmvmnuus
4337,0,dmvmnuus
4338,0,dmvmnuus
4339,0,dmvmnuus
4340,0,dmvmnuus
4341,0,dmvmnuus
4342,0,dmvmnuus
4343,0,dmvmnuus
4344,0,dmvmnuus
4345,0,dmvmnuus
4346,0,dmvmnuus
4347,0,dmvmnuus
4348,0,dmvmnuus
4349,0,dmvmnuus
4350,0,dmvmnuus
4351,0,dmvmnuus
4352,0,dmvmnuus
4353,0,dmvmnuus
4354,0,dmvmnuus
4355,0,dmvmnuus
4356,0,dmvmnuus
4357,0,dmvmnuus
4358,0,dmvmnuus
4359,0,dmvmnuus
4360,0,dmvmnuus
4361,0,dmvmnuus
4362,0,dmvmnuus
4363,0,dmvmnuus
4364,0,dmvmnuus
4365,0,dmvmnuus
4366,0,dmvmnuus
4367,0,dmvmnuus
4368,0,dmvmnuus
4369,0,dmvmnuus
4370,0,dmvmnuus
4371,0,dmvmnuus
4372,0,dmvmnuus
4373,0,dmvmnuus
4374,0,dmvmnuus
4375,0,dmvmnuus
4376,0,dmvmnuus
4377,0,dmvmnuus
4378,0,dmvmnuus
4379,0,dmvmnuus
4380,0,dmvmnuus
4381,0,dmvmnuus
4382,0,dmvmnuus
4383,0,dmvmnuus
4384,0,dmvmnuus
4385,0,dmvmnuus
4386,0,dmvmnuus
4387,0,dmvmnuus
4388,0,dmvmnuus
4389,0,dmvmnuus
4390,0,dmvmnuus
4391,0,dmvmnuus
4392,0,dmvmnuus
4393,0,dmvmnuus
4394,0,dmvmnuus
4395,0,dmvmnuus
4396,0,dmvmnuus
4397,0,dmvmnuus
4398,0,dmvmnuus
4399,0,dmvmnuus
4400,0,dmvmnuus
4401,0,dmvmnuus
4402,0,dmvmnuus
4403,0,dmvmnuus
4404,0,dmvmnuus
4405,0,dmvmnuus
4406,0,dmvmnuus
4407,0,dmvmnuus
4408,0,dmvmnuus
4409,0,dmvmnuus
4410,0,dmvmnuus
4411,0,dmvmnuus
4412,0,dmvmnuus
4413,0,dmvmnuus
4414,0,dmvmnuus
4415,0,dmvmnuus
4416,0,dmvmnuus
4417,0,dmvmnuus
4418,0,dmvmnuus
4419,0,dmvmnuus
4420,0,dmvmnuus
4421,0,dmvmnuus
4422,0,dmvmnuus
4423,0,dmvmnuus
4424,0,dmvmnuus
4425,0,dmvmnuus
4426,0,dmvmnuus
4427,0,dmvmnuus
4428,0,dmvmnuus
4429,0,dmvmnuus
4430,0,dmvmnuus
4431,0,dmvmnuus
4432,0,dmvmnuus
4433,0,dmvmnuus
4434,0,dmvmnuus
4435,0,dmvmnuus
4436,0,dmvmnuus
4437,0,dmvmnuus
4438,0,dmvmnuus
4439,0,dmvmnuus
4440,0,dmvmnuus
4441,0,dmvmnuus
4442,0,dmvmnuus
4443,0,dmvmnuus
4444,0,dmvmnuus
4445,0,dmvmnuus
4446,0,dmvmnuus
4447,0,dmvmnuus
4448,0,dmvmnuus
4449,0,dmvmnuus
4450,0,dmvmnuus
4451,0,dmvmnuus
4452,0,dmvmnuus
4453,0,dmvmnuus
4454,0,dmvmnuus
4455,0,dmvmnuus
4456,0,dmvmnuus
4457,0,dmvmnuus
4458,0,dmvmnuus
4459,0,dmvmnuus
4460,0,dmvmnuus
4461,0,dmvmnuus
4462,0,dmvmnuus
4463,0,dmvmnuus
4464,0,dmvmnuus
4465,0,dmvmnuus
4466,0,dmvmnuus
4467,0,dmvmnuus
4468,0,dmvmnuus
4469,0,dmvmnuus
4470,0,dmvmnuus
4471,0,dmvmnuus
4472,0,dmvmnuus
4473,0,dmvmnuus
4474,0,dmvmnuus
4475,0,dmvmnuus
4476,0,dmvmnuus
4477,0,dmvmnuus
4478,0,dmvmnuus
4479,0,dmvmnuus
4480,0,dmvmnuus
4481,0,dmvmnuus
4482,0,dmvmnuus
4483,0,dmvmnuus
4484,0,dmvmnuus
4485,0,dmvmnuus
4486,0,dmvmnuus
4487,0,dmvmnuus
4488,0,dmvmnuus
4489,0,dmvmnuus
4490,0,dmvmnuus
4491,0,dmvmnuus
4492,0,dmvmnuus
4493,0,dmvmnuus
4494,0,dmvmnuus
4495,0,dmvmnuus
4496,0,dmvmnuus
4497,0,dmvmnuus
4498,0,dmvmnuus
4499,0,dmvmnuus
4500,0,dmvmnuus
4501,0,dmvmnuus
4502,0,dmvmnuus
4503,0,dmvmnuus
4504,0,dmvmnuus
4505,0,dmvmnuus
4506,0,dmvmnuus
4507,0,dmvmnuus
4508,0,dmvmnuus
4509,0,dmvmnuus
4510,0,dmvmnuus
4511,0,dmvmnuus
4512,0,dmvmnuus
4513,0,dmvmnuus
4514,0,dmvmnuus
4515,0,dmvmnuus
4516,0,dmvmnuus
4517,0,dmvmnuus
4518,0,dmvmnuus
4519,0,dmvmnuus
4520,0,dmvmnuus
4521,0,dmvmnuus
4522,0,dmvmnuus
4523,0,dmvmnuus
4524,0,dmvmnuus
4525,0,dmvmnuus
4526,0,dmvmnuus
4527,0,dmvmnuus
4528,0,dmvmnuus
4529,0,dmvmnuus
4530,0,dmvmnuus
4531,0,dmvmnuus
4532,0,dmvmnuus
4533,0,dmvmnuus
4534,0,dmvmnuus
4535,0,dmvmnuus
4536,0,dmvmnuus
4537,0,dmvmnuus
4538,0,dmvmnuus
4539,0,dmvmnuus
4540,0,dmvmnuus
4541,0,dmvmnuus
4542,0,dmvmnuus
4543,0,dmvmnuus
4544,0,dmvmnuus
4545,0,dmvmnuus
4546,0,dmvmnuus
4547,0,dmvmnuus
4548,0,dmvmnuus
4549,0,dmvmnuus
4550,0,dmvmnuus
4551,0,dmvmnuus
4552,0,dmvmnuus
4553,0,dmvmnuus
4554,0,dmvmnuus
4555,0,dmvmnuus
4556,0,dmvmnuus
4557,0,dmvmnuus
4558,0,dmvmnuus
4559,0,dmvmnuus
4560,0,dmvmnuus
4561,0,dmvmnuus
4562,0,dmvmnuus
4563,0,dmvmnuus
4564,0,dmvmnuus
4565,0,dmvmnuus
4566,0,dmvmnuus
4567,0,dmvmnuus
4568,0,dmvmnuus
4569,0,dmvmnuus
4570,0,dmvmnuus
4571,0,dmvmnuus
4572,0,dmvmnuus
4573,0,dmvmnuus
4574,0,dmvmnuus
4575,0,dmvmnuus
4576,0,dmvmnuus
4577,0,dmvmnuus
4578,0,dmvmnuus
4579,0,dmvmnuus
4580,0,dmvmnuus
4581,0,dmvmnuus
4582,0,dmvmnuus
4583,0,dmvmnuus
4584,0,dmvmnuus
4585,0,dmvmnuus
4586,0,dmvmnuus
4587,0,dmvmnuus
4588,0,dmvmnuus
4589,0,dmvmnuus
4590,0,dmvmnuus
4591,0,dmvmnuus
4592,0,dmvmnuus
4593,0,dmvmnuus
4594,0,dmvmnuus
4595,0,dmvmnuus
4596,0,dmvmnuus
4597,0,dmvmnuus
4598,0,dmvmnuus
4599,0,dmvmnuus
4600,0,dmvmnuus
4601,0,dmvmnuus
4602,0,dmvmnuus
4603,0,dmvmnuus
4604,0,dmvmnuus
4605,0,dmvmnuus
4606,0,dmvmnuus
4607,0,dmvmnuus
4608,0,dmvmnuus
4609,0,dmvmnuus
4610,0,dmvmnuus
4611,0,dmvmnuus
4612,0,dmvmnuus
4613,0,dmvmnuus
4614,0,dmvmnuus
4615,0,dmvmnuus
4616,0,dmvmnuus
4617,0,dmvmnuus
4618,0,dmvmnuus
4619,0,dmvmnuus
4620,0,dmvmnuus
4621,0,dmvmnuus
4622,0,dmvmnuus
4623,0,dmvmnuus
4624,0,dmvmnuus
4625,0,dmvmnuus
4626,0,dmvmnuus
4627,0,dmvmnuus
4628,0,dmvmnuus
4629,0,dmvmnuus
4630,0,dmvmnuus
4631,0,dmvmnuus
4632,0,dmvmnuus
4633,0,dmvmnuus
4634,0,dmvmnuus
4635,0,dmvmnuus
4636,0,dmvmnuus
4637,0,dmvmnuus
4638,0,dmvmnuus
4639,0,dmvmnuus
4640,0,dmvmnuus
4641,0,dmvmnuus
4642,0,dmvmnuus
4643,0,dmvmnuus
4644,0,dmvmnuus
4645,0,dmvmnuus
4646,0,dmvmnuus
4647,0,dmvmnuus
4648,0,dmvmnuus
4649,0,dmvmnuus
4650,0,dmvmnuus
4651,0,dmvmnuus
4652,0,dmvmnuus
4653,0,dmvmnuus
4654,0,dmvmnuus
4655,0,dmvmnuus
4656,0,dmvmnuus
4657,0,dmvmnuus
4658,0,dmvmnuus
4659,0,dmvmnuus
4660,0,dmvmnuus
4661,0,dmvmnuus
4662,0,dmvmnuus
4663,0,dmvmnuus
4664,0,dmvmnuus
4665,0,dmvmnuus
4666,0,dmvmnuus
4668,0,dmvmnuus
4669,0,dmvmnuus
4670,0,dmvmnuus
4671,0,dmvmnuus
4672,0,dmvmnuus
4673,0,dmvmnuus
4674,0,dmvmnuus
4675,0,dmvmnuus
4676,0,dmvmnuus
4677,0,dmvmnuus
4678,0,dmvmnuus
4679,0,dmvmnuus
4680,0,dmvmnuus
4681,0,dmvmnuus
4682,0,dmvmnuus
4683,0,dmvmnuus
4684,0,dmvmnuus
4685,0,dmvmnuus
4686,0,dmvmnuus
4687,0,dmvmnuus
4688,0,dmvmnuus
4689,0,dmvmnuus
4690,0,dmvmnuus
4691,0,dmvmnuus
4692,0,dmvmnuus
4693,0,dmvmnuus
4694,0,dmvmnuus
4695,0,dmvmnuus
4696,0,dmvmnuus
4697,0,dmvmnuus
4698,0,dmvmnuus
4699,0,dmvmnuus
4700,0,dmvmnuus
4701,0,dmvmnuus
4702,0,dmvmnuus
4703,0,dmvmnuus
4704,0,dmvmnuus
4705,0,dmvmnuus
4706,0,dmvmnuus
4707,0,dmvmnuus
4708,0,dmvmnuus
4709,0,dmvmnuus
4710,0,dmvmnuus
4711,0,dmvmnuus
4712,0,dmvmnuus
4713,0,dmvmnuus
4714,0,dmvmnuus
4715,0,dmvmnuus
4716,0,dmvmnuus
4717,0,dmvmnuus
4718,0,dmvmnuus
4719,0,dmvmnuus
4720,0,dmvmnuus
4721,0,dmvmnuus
4722,0,dmvmnuus
4723,0,dmvmnuus
4724,0,dmvmnuus
4725,0,dmvmnuus
4726,0,dmvmnuus
4727,0,dmvmnuus
4728,0,dmvmnuus
4729,0,dmvmnuus
4730,0,dmvmnuus
4731,0,dmvmnuus
4732,0,dmvmnuus
4733,0,dmvmnuus
4734,0,dmvmnuus
4735,0,dmvmnuus
4736,0,dmvmnuus
4737,0,dmvmnuus
4738,0,dmvmnuus
4739,0,dmvmnuus
4740,0,dmvmnuus
4741,0,dmvmnuus
4742,0,dmvmnuus
4743,0,dmvmnuus
4744,0,dmvmnuus
4745,0,dmvmnuus
4746,0,dmvmnuus
4747,0,dmvmnuus
4748,0,dmvmnuus
4749,0,dmvmnuus
4750,0,dmvmnuus
4751,0,dmvmnuus
4752,0,dmvmnuus
4753,0,dmvmnuus
4754,0,dmvmnuus
4755,0,dmvmnuus
4756,0,dmvmnuus
4757,0,dmvmnuus
4758,0,dmvmnuus
4759,0,dmvmnuus
4760,0,dmvmnuus
4761,0,dmvmnuus
4762,0,dmvmnuus
4763,0,dmvmnuus
4764,0,dmvmnuus
4765,0,dmvmnuus
4766,0,dmvmnuus
4767,0,dmvmnuus
4768,0,dmvmnuus
4769,0,dmvmnuus
4770,0,dmvmnuus
4771,0,dmvmnuus
4772,0,dmvmnuus
4773,0,dmvmnuus
4774,0,dmvmnuus
4775,0,dmvmnuus
4776,0,dmvmnuus
4777,0,dmvmnuus
4778,0,dmvmnuus
4779,0,dmvmnuus
4780,0,dmvmnuus
4781,0,dmvmnuus
4782,0,dmvmnuus
4783,0,dmvmnuus
4784,0,dmvmnuus
4785,0,dmvmnuus
4786,0,dmvmnuus
4787,0,dmvmnuus
4788,0,dmvmnuus
4789,0,dmvmnuus
4790,0,dmvmnuus
4791,0,dmvmnuus
4792,0,dmvmnuus
4793,0,dmvmnuus
4794,0,dmvmnuus
4795,0,dmvmnuus
4796,0,dmvmnuus
4797,0,dmvmnuus
4798,0,dmvmnuus
4799,0,dmvmnuus
4800,0,dmvmnuus
4801,0,dmvmnuus
4802,0,dmvmnuus
4803,0,dmvmnuus
4804,0,dmvmnuus
4805,0,dmvmnuus
4806,0,dmvmnuus
4807,0,dmvmnuus
4808,0,dmvmnuus
4809,0,dmvmnuus
4810,0,dmvmnuus
4811,0,dmvmnuus
4812,0,dmvmnuus
4813,0,dmvmnuus
4814,0,dmvmnuus
4815,0,dmvmnuus
4816,0,dmvmnuus
4817,0,dmvmnuus
4818,0,dmvmnuus
4819,0,dmvmnuus
4820,0,dmvmnuus
4821,0,dmvmnuus
4822,0,dmvmnuus
4823,0,dmvmnuus
4824,0,dmvmnuus
4825,0,dmvmnuus
4826,0,dmvmnuus
4827,0,dmvmnuus
4828,0,dmvmnuus
4829,0,dmvmnuus
4830,0,dmvmnuus
4831,0,dmvmnuus
4832,0,dmvmnuus
4833,0,dmvmnuus
4834,0,dmvmnuus
4835,0,dmvmnuus
4836,0,dmvmnuus
4837,0,dmvmnuus
4838,0,dmvmnuus
4839,0,dmvmnuus
4840,0,dmvmnuus
4841,0,dmvmnuus
4842,0,dmvmnuus
4843,0,dmvmnuus
4844,0,dmvmnuus
4845,0,dmvmnuus
4846,0,dmvmnuus
4847,0,dmvmnuus
4848,0,dmvmnuus
4849,0,dmvmnuus
4850,0,dmvmnuus
4851,0,dmvmnuus
4852,0,dmvmnuus
4853,0,dmvmnuus
4854,0,dmvmnuus
4855,0,dmvmnuus
4856,0,dmvmnuus
4857,0,dmvmnuus
4858,0,dmvmnuus
4859,0,dmvmnuus
4860,0,dmvmnuus
4861,0,dmvmnuus
4862,0,dmvmnuus
4863,0,dmvmnuus
4864,0,dmvmnuus
4865,0,dmvmnuus
4866,0,dmvmnuus
4867,0,dmvmnuus
4868,0,dmvmnuus
4869,0,dmvmnuus
4870,0,dmvmnuus
4871,0,dmvmnuus
4872,0,dmvmnuus
4873,0,dmvmnuus
4874,0,dmvmnuus
4875,0,dmvmnuus
4876,0,dmvmnuus
4877,0,dmvmnuus
4878,0,dmvmnuus
4879,0,dmvmnuus
4880,0,dmvmnuus
4881,0,dmvmnuus
4882,0,dmvmnuus
4883,0,dmvmnuus
4884,0,dmvmnuus
4885,0,dmvmnuus
4886,0,dmvmnuus
4887,0,dmvmnuus
4888,0,dmvmnuus
4889,0,dmvmnuus
4890,0,dmvmnuus
4891,0,dmvmnuus
4892,0,dmvmnuus
4893,0,dmvmnuus
4894,0,dmvmnuus
4895,0,dmvmnuus
4896,0,dmvmnuus
4897,0,dmvmnuus
4898,0,dmvmnuus
4899,0,dmvmnuus
4900,0,dmvmnuus
4901,0,dmvmnuus
4902,0,dmvmnuus
4903,0,dmvmnuus
4904,0,dmvmnuus
4905,0,dmvmnuus
4906,0,dmvmnuus
4907,0,dmvmnuus
4908,0,dmvmnuus
4909,0,dmvmnuus
4910,0,dmvmnuus
4911,0,dmvmnuus
4912,0,dmvmnuus
4913,0,dmvmnuus
4914,0,dmvmnuus
4915,0,dmvmnuus
4916,0,dmvmnuus
4917,0,dmvmnuus
4918,0,dmvmnuus
4919,0,dmvmnuus
4920,0,dmvmnuus
4921,0,dmvmnuus
4922,0,dmvmnuus
4923,0,dmvmnuus
4924,0,dmvmnuus
4925,0,dmvmnuus
4926,0,dmvmnuus
4927,0,dmvmnuus
4928,0,dmvmnuus
4929,0,dmvmnuus
4930,0,dmvmnuus
4931,0,dmvmnuus
4932,0,dmvmnuus
4933,0,dmvmnuus
4934,0,dmvmnuus
4935,0,dmvmnuus
4936,0,dmvmnuus
4937,0,dmvmnuus
4938,0,dmvmnuus
4939,0,dmvmnuus
4940,0,dmvmnuus
4941,0,dmvmnuus
4942,0,dmvmnuus
4943,0,dmvmnuus
4944,0,dmvmnuus
4945,0,dmvmnuus
4946,0,dmvmnuus
4947,0,dmvmnuus
4948,0,dmvmnuus
4949,0,dmvmnuus
4950,0,dmvmnuus
4951,0,dmvmnuus
4952,0,dmvmnuus
4953,0,dmvmnuus
4954,0,dmvmnuus
4955,0,dmvmnuus
4956,0,dmvmnuus
4957,0,dmvmnuus
4958,0,dmvmnuus
4959,0,dmvmnuus
4960,0,dmvmnuus
4961,0,dmvmnuus
4962,0,dmvmnuus
4963,0,dmvmnuus
4964,0,dmvmnuus
4965,0,dmvmnuus
4966,0,dmvmnuus
4967,0,dmvmnuus
4968,0,dmvmnuus
4969,0,dmvmnuus
4970,0,dmvmnuus
4971,0,dmvmnuus
4972,0,dmvmnuus
4973,0,dmvmnuus
4974,0,dmvmnuus
4975,0,dmvmnuus
4976,0,dmvmnuus
4977,0,dmvmnuus
4978,0,dmvmnuus
4979,0,dmvmnuus
4980,0,dmvmnuus
4981,0,dmvmnuus
4982,0,dmvmnuus
4983,0,dmvmnuus
4984,0,dmvmnuus
4985,0,dmvmnuus
4986,0,dmvmnuus
4987,0,dmvmnuus
4988,0,dmvmnuus
4989,0,dmvmnuus
4990,0,dmvmnuus
4991,0,dmvmnuus
4992,0,dmvmnuus
4993,0,dmvmnuus
4994,0,dmvmnuus
4995,0,dmvmnuus
4996,0,dmvmnuus
4997,0,dmvmnuus
4998,0,dmvmnuus
4999,0,dmvmnuus
4999,0,dmvmnuus
