problem_idx,answer_unchanged,original_answer,perturbed_answer
0,True,2,2
1,False,10,18
2,False,\dfrac{9}{7},\dfrac{16}{7}
3,False,i,-3
4,False,4,5
5,False,402,403
6,False,"x \in [-2,7]","x \in [-2,9]"
7,False,7,10
8,False,"4,6,14,15","5, 6, 14, 16"
9,False,-\frac{1}{8},-\dfrac{3}{8}
10,False,\frac{x+2}{7},\dfrac{x+2}{5}
11,False,-15,-17
12,False,10,15
13,False,8,9
14,False,75,100
15,False,\frac{11}{2},\dfrac{13}{2}
16,False,-25,-35
17,False,8,7
18,False,3,4
19,False,187.5,240
20,False,18,13
21,False,\$40,\$64
22,False,5,6
23,False,8,10
24,False,3125,243
25,True,"[0,\infty)","[0,\infty)"
26,False,.5,\frac{1}{3}
27,False,"12, 10, 6","20, 18, 14, 8"
28,False,5,6
29,False,16,20
30,False,2300,2290
31,False,5,13
32,False,105,168
33,False,-13.5,-16.5
34,False,\frac{243}{625},\frac{81}{125}
35,False,2,\frac{5}{2}
36,False,"(-\sqrt{3}, \sqrt{3})","(-2, 2)"
37,False,23,13
38,False,49,18
39,False,2x^9 - 8x^7 + 9x^6 - 16x^5 - 12x^4 + 9x^3 - 24x^2,2x^9 - 8x^7 + 9x^6 - 10x^5 - 12x^4 + 9x^3 - 15x^2
40,False,"(-\infty,-8)\cup (8,\infty)","(-\infty,-12)\cup (12,\infty)"
41,False,0,-4
42,False,2,6
43,False,16,15
44,False,\frac{1}{12},\frac{1}{8}
45,False,6+9i,8+13i
46,False,2,\frac{11}{6}
47,False,20,24
48,False,7(x+3) (x-3),5(x+3)(x-3)
49,False,y^4-2y^3+7y^2+y-5,y^4-2y^3+5y^2+y-5
50,False,4,5
51,True,0,0
52,False,12,10
53,False,\frac{7}{2},\dfrac{9}{2}
54,False,69,79
55,False,5,7
56,False,"\left(-\infty,-\frac 12\right)\cup \left(-\frac 12,\infty\right)","\left(-\infty,-\frac{1}{3}\right)\cup\left(-\frac{1}{3},\infty\right)"
57,False,\frac{2}{5},\frac{1}{2}
58,False,7,1
59,False,20,26
60,False,7,9
61,False,\sqrt{x},\sqrt[4]{x}
62,False,78,290
63,False,9,16
64,False,4,3
65,False,6,4
66,False,17,13
67,False,"\left(1,\frac{9}{2}\right)","\left(2,\frac{9}{2}\right)"
68,False,\frac{15}{2},10
69,False,-2,-3
70,False,8,35
71,False,20,15
72,False,24,28
73,False,\frac{19}{4},4
74,False,5,10
75,False,-55,-24
76,False,60,120
77,False,-7,-4
78,False,0.43,0.29
79,False,108,216
80,False,4950,3900
81,False,50,38
82,False,14,15
83,False,8,6
84,False,26,19
85,False,129,645
86,True,0,0
87,False,-5,-3
88,False,2,4
89,False,4,1
90,False,30,42
91,False,161,257
92,False,1,3
93,False,5,6
94,False,3s^2,4s^2
95,False,125,1000
96,False,8,6
97,False,286,287
98,False,"(9,11)","(7,9)"
99,False,\dfrac{1}{5},\dfrac{1}{3}
100,False,1,2
101,True,0,0
102,False,6,4
103,False,2x(15x^2-4x+10),6x(3x^2-2x+5)
104,False,106,19
105,False,10,14
106,False,26,24
107,False,47,92
108,False,18,24
109,False,5,7
110,False,\frac{\sqrt7}{14},\frac{\sqrt5}{15}
111,False,-6,-5
112,False,15,28
113,False,\frac{19}{30},\frac{67}{90}
114,False,-1,0
115,False,6,7
116,False,\frac{1}{350},\frac{3}{70}
117,False,"(2,12)","(4,12)"
118,False,-8,21
119,False,b=4,b=6
120,False,6,5
121,False,7,19
122,False,"(15,-11)","(13,-7)"
123,False,\frac56,\frac{5}{12}
124,False,6,8
125,False,15,14
126,False,19,24
127,False,\frac{3}{2},\frac{4}{3}
128,False,1,2
129,False,\frac{2009}{4},\frac{2011}{4}
130,False,-22,-30
131,False,-2,-1
132,False,0,-20
133,False,\frac{\sqrt{3}}{3},\frac{\sqrt{2}}{2}
134,False,-0.25,-\frac{1}{16}
135,False,1,2
136,False,11,10
137,False,1,3
138,False,45,28
139,False,20,40
140,False,15554,28886
141,False,1,2
142,False,-2,-\frac{3}{2}
143,False,18,12
144,False,64,40
145,False,3,7
146,False,36,40
147,False,"(-6, 10)","(-9, 15)"
148,False,10,19
149,False,4,18
150,False,\frac{12}{7},\frac{8}{7}
151,False,-1,-\frac{3}{2}
152,False,5,101
153,False,-\frac32,-\frac{1}{2}
154,False,8,12
155,False,-8192,16384
156,False,36,30
157,False,-\frac{1}{2},-1
158,False,9,25
159,False,20,22
160,False,9,5
161,False,66,29
162,False,600,150
163,False,6,7
164,False,-11 + 27i,-5 + 37i
165,False,50,70
166,False,256,4
167,False,48,35
168,True,\text{Evelyn},\text{Evelyn}
169,False,"(-\infty,0)","\left(-\infty,-\frac{10}{19}\right)"
170,False,36,35
171,False,\frac{243}{8},\frac{729}{16}
172,False,13,9
173,False,13,10
174,False,3,4
175,False,575\text{ students},600\text{ students}
176,False,\frac{5}{3},2
177,False,5,1
178,False,3,\frac{1}{2}
179,False,1,\sqrt{2}
180,False,6,8
181,False,16,12
182,False,13,10
183,False,0,4
184,False,-\sqrt{x-3}+3,-\sqrt{x-5}+5
185,False,\frac{1}{33},\frac{1}{28}
186,False,\frac9{5},\frac{16}{7}
187,False,75,78
188,False,\frac{3}{2},1
189,False,b - 1,\frac{6b-4}{9}
190,False,-9,-15
191,False,361,289
192,False,73,106
193,False,369,548
194,False,445,572
195,False,"[-3,2]","[-5,2]"
196,False,81,49
197,False,7,4
198,False,5,6
199,False,-5,-10
200,False,-120,-105
201,False,73.5,50.0
202,True,2,2
203,False,\frac{135}{2},90
204,False,8,10
205,False,25,4
206,False,625,81
207,False,16,4
208,False,9,10
209,False,363,1364
210,False,103,105
211,True,0,0
212,False,400,576
213,False,29,72
214,False,0,-\frac{1}{5}
215,False,-120,-216
216,False,19,41
217,False,12,10
218,False,-9,-4
219,False,-10,-8
220,False,7,6
221,False,x = 4,x = 6
222,False,x^4+x^2-10x-24,x^4+x^2-6x-8
223,True,2,2
224,False,52,20
225,True,1,1
226,False,3,\frac{11}{9}
227,False,7,10
228,False,\frac{3}{5},\frac{1}{2}
229,False,-4,-6
230,False,7,4
231,False,6,7
232,False,169,64
233,False,54,50
234,False,50,36
235,False,36,90
236,False,100,177
237,False,5050,7260
238,False,123,456
239,False,\frac{5}{4},\frac{4}{5}
240,False,1,2
241,False,1,3
242,False,16,8
243,False,\frac{\sqrt{3}}{3},\frac{2\sqrt{3}}{3}
244,False,12,16
245,False,3,5
246,False,\frac{3}{5},\frac{8}{15}
247,False,1,0
248,False,3702,1585
249,False,9,12
250,False,3,5
251,False,-\frac{8}{5},-\frac{5}{4}
252,False,43,76
253,False,5,6
254,False,220,180
255,False,5,7
256,False,6r^2-4r-24,12r^2 - 4r - 24
257,False,22,26
258,False,364,600
259,False,"\$15,\!000","\$9{,}600"
260,False,3,1
261,False,\frac12,\frac{1}{2}
262,False,5,10
263,False,1,3
264,True,81,81
265,False,5,7
266,False,26,22
267,False,\sqrt{13},5
268,False,\frac{68}{3}\text{ pounds},\frac{150}{7} \text{ pounds}
269,True,13,13
270,False,10,12
271,False,8,12
272,False,80,106
273,False,16,81
274,True,2,2
275,False,-2,-3
276,True,5,5
277,False,23,25
278,False,-2,4
279,True,5,5
280,False,10,6
281,True,2,2
282,True,2,2
283,False,40,32
284,True,7,7
285,False,1,4
286,False,\$ 139,\$160
287,False,7,6
288,True,12,12
289,False,81\text{ teachers},98\text{ teachers}
290,False,2,\frac{5}{3}
291,False,4,2
292,False,5,-1
293,False,-\frac1{2x},-\frac{1}{3x}
294,False,30,24
295,False,74726,85480
296,False,"(5,-6)","(4,-6)"
297,False,-120,-160
298,False,4,12
299,True,3,3
300,False,28,34
301,False,800,2400
302,True,9,9
303,False,10,14
304,True,-4,-4
305,False,549,225
306,False,"(-16,-4)","(-11,-3)"
307,False,27,21
308,False,(-4x^2+x+1)(4x^2+x+1),(-3x^2+x+1)(3x^2+x+1)
309,False,4(3-x)(3+x),25(2-x)(2+x)
310,False,5,10
311,False,0,2
312,False,11,37
313,False,7,10
314,False,22,29
315,True,C,C
316,False,18,15
317,True,0,0
318,True,0,0
319,True,8,8
320,False,11,9
321,False,2,4
322,False,125,32
323,False,2\sqrt{22},2\sqrt{21}
324,False,174,125
325,False,7,8
326,True,3,3
327,False,14,18
328,False,9,17
329,False,16,9
330,True,800000,800000
331,False,\frac{\sqrt6}3,\frac{\sqrt{15}}{5}
332,False,2,4
333,False,3,-3
334,False,\frac{4}{5},\frac{6}{7}
335,False,\frac{1}{4},\frac{1}{6}
336,False,5,6
337,False,64,96
338,False,5,10
339,False,9,25
340,False,3,4
341,False,4,3
342,False,2,0
343,False,\frac{6\sqrt{5}}{5},\frac{5\sqrt{3}}{3}
344,False,10,13
345,False,"\$16,\!386.16","\$11,\!887.58"
346,False,5,4
347,False,x^3 + 2x^2 + x,x^3+4x^2+4x
348,True,3,3
349,False,1050,840
350,True,6,6
351,False,1.8,2.8
352,False,2,3
353,False,0.75,0.25
354,True,-15,-15
355,False,-4,-6
356,False,10,31
357,False,2010,2025
358,False,-3,-4
359,False,-114,-165
360,False,24,120
361,False,8,5
362,False,\frac 54,\frac{13}{4}
363,False,3,5
364,False,89,55
365,False,99940009,99920016
366,False,\dfrac{1}{3},\frac{1}{4}
367,False,2\sqrt{5},\frac{6\sqrt{5}}{5}
368,False,27,30
369,False,360,240
370,False,4000,5000
371,False,17,13
372,False,200,119
373,False,11,24
374,False,4,6
375,False,-3,-5
376,False,"(-\infty, -7)\cup(-7, 3)\cup(3, \infty)","(-\infty,-5)\cup(-5,3)\cup(3,\infty)"
377,False,11,7
378,False,"\left[\frac{1}{2}, \frac{4}{3}\right]","\left[\frac{2}{3},\frac{3}{2}\right]"
379,False,24,30
380,False,4,5
381,False,143,121
382,False,17,12
383,False,9\pi,25\pi
384,False,21y+14,36y+27
385,False,44\%,69\%
386,False,-4,-5
387,False,20,28
388,True,2,2
389,False,1,3
390,False,22,20
391,False,8,9
392,False,5,4
393,False,(r+5)^2,(r+7)^2
394,False,3\sqrt{2},2\sqrt{6}
395,False,-6,-\frac{5}{2}
396,False,49,25
397,False,\frac{5}{3},\frac{7}{4}
398,False,4,8
399,False,4,5
400,False,7z^{96}(4z+1),9z^{96}(5z+1)
401,False,17,21
402,True,4,4
403,False,\frac{11}{2},\frac{9}{2}
404,False,\frac16,\frac{3}{26}
405,False,10\sqrt 2,6\sqrt{2}
406,False,118 \text{ dollars},737 \text{ dollars}
407,False,-1,-4
408,False,x^3+27,x^3+x^2-3x+36
409,False,6,8
410,False,2b,a+2b
411,False,3,4
412,False,6x-5,5x-4
413,False,3,4
414,False,1,"-3, 1"
415,False,2,3
416,True,0,0
417,True,12,12
418,False,108,105
419,False,-3,2x-5
420,False,1,9
421,False,\frac15,\frac{1}{5}
422,False,2500,3600
423,False,8,9
424,False,\frac32,\frac{7}{2}
425,False,12,15
426,False,700,900
427,False,21,3
428,False,\cfrac{25}{16},\frac{3}{2}
429,False,9\text{ a.m.},3\text{ p.m.}
430,False,14,7
431,False,8,9
432,False,3,4
433,False,4,6
434,False,-48,-50
435,False,2,3
436,False,0,7
437,False,575,579
438,False,55,75
439,False,\dfrac{4}{3},\frac{9}{5}
440,False,75,100
441,False,12,10
442,False,28,19
443,False,121,256
444,False,292i,195i
445,True,4,4
446,False,1,3
447,False,125,625
448,False,7.5,6.5
449,False,3.2,0.8
450,False,13,21
451,False,-1,0
452,False,1600,2500
453,False,"[1,9]","[2, 29]"
454,False,2,4
455,False,"(1,3)","(2, 1)"
456,False,12,14
457,False,-150,-64
458,False,\frac{1}{3},\frac{1}{8}
459,False,4,10
460,False,9,11
461,False,17,8
462,False,2,\frac{3}{2}
463,False,-\frac{14}{5},-\frac{13}{3}
464,False,5,6
465,True,2,2
466,False,7.5,8
467,False,8\pi,13\pi
468,False,-9,-36
469,True,-3,-3
470,False,-5,-3
471,False,15,18
472,False,1120,1280
473,False,16,20
474,False,108,88
475,False,23,31
476,False,2500,4761
477,False,\frac{1}{12},\frac{1}{8}
478,False,-15,3
479,False,93,119
480,False,1,4
481,False,\frac{1}{2},\frac{3}{2}
482,False,90,58
483,False,128,84
484,False,0,-45
485,False,30,45
486,False,-36,-100
487,False,\frac{23}{2},\frac{29}{2}
488,False,3,5
489,False,1023,575
490,False,12,32
491,False,x=9,16
492,False,2,\frac{7}{3}
493,False,\frac{1}{y} + y,\frac{1}{y} + 2y
494,True,2,2
495,False,\frac{7}{4},\frac{11}{6}
496,False,1,3
497,False,27,36
498,False,20,40
499,True,7,7
500,False,4,\frac{4}{9}
501,False,3\sqrt{13},10
502,False,1710,1260
503,False,"(-\infty, 2) \cup (3, \infty)","(-\infty, 3) \cup (4, \infty)"
504,False,"(-\infty,0]\cup[4,\infty)","(-\infty,0]\cup[8,\infty)"
505,False,x^3+3x-6,x^3+4x-12
506,False,81,625
507,False,64,121
508,False,"6, -2","11, -5"
509,False,17,23
510,True,2,2
511,False,13,25
512,False,-1,0
513,False,81,32
514,False,2x-1,3x-1
515,False,4x-5y=-50,3x-4y=-32
516,False,1,\frac{1}{7}
517,False,24,48
518,False,\frac{13}{30},\frac{1}{4}
519,False,900,990
520,False,14,18
521,False,181,287
522,False,28,56
523,True,7,7
524,False,-1,-a
525,True,1,1
526,False,440\text{ cm}^2,624
527,False,40,36
528,False,11,13
529,False,10,12
530,False,\frac{1}{4},\frac{1}{9}
531,False,-8,-3
532,False,78,55
533,False,7,8
534,False,56,59
535,False,26,31
536,False,-\dfrac{4}{3},-\frac{4}{3}
537,False,4,6
538,True,1,1
539,False,-27,-39
540,False,10,26
541,False,54,14
542,False,6,8
543,False,125.5,200.5
544,False,13,23
545,False,7,9
546,False,7,1
547,False,\frac{1023}{1024},\frac{364}{729}
548,False,5,1
549,False,18,16
550,False,-5,-7
551,False,7,19
552,False,\frac{8}{3},\frac{10}{3}
553,False,"(-\infty, -14)\cup(-3,\infty)","(-\infty, -20) \cup (-3, \infty)"
554,False,2,3
555,False,9,10
556,False,2.2,\frac{5}{2}
557,False,-6,-10
558,True,3,3
559,False,\frac{30}{11},\frac{50}{11}
560,False,0,-4
561,False,51,63
562,False,19,38
563,False,2,3
564,False,11,17
565,False,85\text{ feet},42.5
566,False,x=-10,x = -12
567,False,96.8,110.0
568,False,\frac{21}{43},\frac{3}{4}
569,False,"-4, 4","-9, 9"
570,False,978121,994009
571,True,3,3
572,False,4.5,8.0
573,False,3,5
574,False,21a^5 - 7a^4 - 16a^2 + 32a,15a^5 - 5a^4 - 12a^2 + 24a
575,False,7,9
576,False,x=5,x=6
577,False,-13,-11
578,False,\dfrac{8}{7},\frac{6}{5}
579,False,7,9
580,False,2,3
581,False,-\frac{2}{3},1
582,True,0,0
583,False,24,18
584,False,4,7
585,False,-40,-30
586,False,7,9
587,False,4,5
588,False,\dfrac{1}{83},\frac{1}{89}
589,False,\frac{\sqrt{3}}{9},\frac{2\sqrt{5}}{11}
590,True,-1,-1
591,False,144,176
592,False,255,366
593,False,10,15
594,False,7,9
595,True,41,41
596,False,-3,-7
597,False,17,23
598,False,23,15
599,False,2,3
600,False,"(7,6)","(5,6)"
601,False,8,11
602,False,65 \text{ children tickets },60 \text{ children's tickets}
603,False,3,2
604,False,"(4,5)","\left(\frac{9}{2},\frac{11}{2}\right)"
605,False,-6,-10
606,False,93,156
607,False,3,\frac{16}{5}
608,False,20,42
609,False,\frac{3\sqrt{3}}{4},\frac{4}{3}
610,False,1,-3
611,True,6,6
612,False,\frac9{19},\frac{4}{13}
613,False,4,3
614,False,-4,-5
615,False,1+2i,\frac{1}{10}+\frac{17}{10}i
616,False,7,8
617,False,12,20
618,False,5,6
619,True,13,13
620,False,10,19
621,False,324,529
622,False,0,2
623,False,42,46
624,False,\frac{1}{9},\frac{3}{64}
625,False,216,512
626,False,\frac{128}{75},\frac{103}{75}
627,False,0,16
628,False,\frac 43,\frac{3}{2}
629,False,13,12
630,False,8,16
631,True,1,1
632,False,2450,2750
633,False,-10,-4
634,False,5,7
635,False,5,7
636,False,136,220
637,False,312 \text{ dollars},336 \text{ dollars}
638,False,156,231
639,False,-9,-13
640,False,\dfrac{3}{2},\frac{5}{4}
641,False,34,59
642,False,81,243
643,False,28,30
644,False,19 \text{ and }43,11 \text{ and } 47
645,False,1,\frac{3}{2}
646,False,12,16
647,False,\frac{2}{5},\frac{3}{5}
648,False,\$ 10,\$12
649,False,\frac{25}{9},\frac{125}{27}
650,False,4x^2 - 6x + 4,4x^2 - 10x + 3
651,False,\frac{2}{3},\frac{1}{2}
652,False,2k,2k+2
653,False,150,120
654,False,22,58
655,False,\text{June 20},\text{June 19}
656,False,4,6
657,False,47,119
658,True,5,5
659,False,x = -1,-1
660,False,26,24
661,False,5.4,5.6
662,False,5,6
663,True,1,1
664,False,-8,-7
665,False,21,25
666,True,10,10
667,False,\frac{4}{13},\frac{8}{13}
668,False,-4,-9
669,False,\frac{625}4,49
670,False,100\%,200\%
671,False,\frac{7}{9},\frac{8}{11}
672,False,17,11
673,True,2000,2000
674,False,16,21
675,False,4800,8000
676,False,\frac{1}{6},\frac{1}{8}
677,False,20,16
678,False,600,800
679,False,194,193
680,False,16,17
681,False,\frac{5\sqrt{42}}{27},\frac{2\sqrt{42}}{9}
682,False,0,1
683,True,10,10
684,False,8,6
685,False,-\frac{49}{12},-\frac{73}{12}
686,False,3,1
687,False,3,4
688,True,"(-\infty,-5]\cup[5,\infty)","(-\infty,-5]\cup[5,\infty)"
689,False,18x^8,12x^8
690,False,"(1,2)","(2,3)"
691,False,16,36
692,False,19,15
693,False,288,972
694,False,512,65536
695,True,8,8
696,False,\text{VW},\text{VWY}
697,False,6,8
698,True,10,10
699,False,0,2
700,False,137 \frac{1}{2},195
701,False,4,5
702,False,630,1070
703,False,10,12
704,False,\frac{128}{3},\frac{512}{7}
705,False,225,216
706,False,12,36
707,False,-\dfrac{3}{4},\frac{5}{4}
708,False,"[0,1)","[0,2)"
709,False,"\left(\frac{3}{5},\frac{8}{3}\right]","\left(\frac{3}{5}, 3\right]"
710,False,"\$115,000","\$125{,}000"
711,False,8,9
712,False,0,\frac{2}{5}
713,False,720,1320
714,False,6,8
715,False,\frac{10}{9},-7
716,False,\frac{1}{256},\frac{1}{81}
717,False,500a^7,324a^{10}
718,False,2,4
719,False,16384,-529984
720,False,\frac{1}{6},\frac{1}{4}
721,False,54,64
722,False,-\frac{35}{9},-\frac{3}{4}
723,False,-3,-4
724,False,107,103
725,False,164,12
726,False,125,8
727,False,2003,1505
728,False,36,16
729,False,10,-11
730,True,4,4
731,False,140,144
732,False,-7,-17
733,True,20,20
734,False,697,699
735,False,1,2
736,False,18,24
737,True,3,3
738,False,10,30
739,False,2,3
740,False,7,8
741,False,-4,-7
742,False,6,9
743,False,2,4
744,False,\frac{14}{3},\frac{8}{3}
745,False,-4,-6
746,False,15,16
747,False,9,43
748,False,2107,5586
749,False,2,3
750,True,2,2
751,False,11,13
752,False,900,954
753,False,13,11
754,False,11,9
755,False,3qr + 6q - 15r -30,3qr + 6q - 21r - 42
756,True,40,40
757,False,\frac{14}{3},\frac{21}{4}
758,True,7945,7945
759,False,4,5
760,False,210,156
761,False,26000,28000
762,False,8000,36000
763,False,2,4
764,False,78,117
765,True,0,0
766,False,27,22
767,False,6,13
768,False,32,30
769,False,\tfrac{10}{3},\tfrac{26}{5}
770,False,12,48
771,False,\frac{160}{33},\frac{144}{29}
772,True,-\dfrac{2}{3},-\dfrac{2}{3}
773,False,3,4
774,False,(4x - 7),(2x-3)
775,False,38,46
776,False,64,625
777,False,\frac{8t}{3},\frac{10t}{3}
778,False,3,5
779,False,1024,59049
780,False,-6,-2
781,False,6,5
782,False,"\$32,\!348","\$40,\!435"
783,False,"(0,1]","\left(0,\frac{3}{7}\right]"
784,False,\frac{5}{2},3
785,False,10,15
786,False,15,30
787,False,2,3
788,False,"[1, 4]","[4, 9]"
789,False,48,96
790,False,15,13
791,False,-102,-74
792,False,-2,-10
793,False,x = 3,x = 5
794,False,10,11
795,False,\frac{9}{2},\frac{63}{10}
796,False,11,13
797,False,3n^2-18,3n^2+n-16
798,False,\text{Monday},\text{Tuesday}
799,False,0,-\frac{1}{7}
800,False,13.5,15.0
801,False,13,19
802,False,49,64
803,False,17,21
804,False,18,21
805,False,5r^5,6r^5
806,False,\dfrac{1}{5},\dfrac{2}{5}
807,False,"(-6,0)","(3,5)"
808,True,\text{(C)},\text{(C)}
809,False,x^2 + 10x + 25,x^2 + 14x + 49
810,False,7,8
811,False,-9,-11
812,False,104,200
813,False,4,3
814,False,-3,-2
815,False,25,41
816,False,\dfrac{3}{7},\dfrac{4}{13}
817,False,\frac{3}{2},1
818,False,32,26
819,False,"(5, -10)","(7, -12)"
820,False,4624,7744
821,False,2\sqrt{10},2\sqrt{13}
822,False,208,260
823,False,17,21
824,False,13225,15625
825,False,25,49
826,False,10,5
827,True,1,1
828,False,53,31
829,False,\frac{255}{64},\frac{156}{25}
830,False,\frac{9}{25},\frac{11}{36}
831,False,16,9
832,False,3.5,4.0
833,False,567,405
834,False,\frac{11+9a}{20},\frac{15+9a}{20}
835,False,23,11
836,False,-56,-40
837,False,-42,-94
838,False,10,12
839,False,8,10
840,False,29,30
841,False,-18,-8
842,False,\frac{31}{6},\frac{19}{6}
843,False,-1,0
844,False,\frac{121}{25},\frac{121}{49}
845,False,1,4
846,False,"(2,3)","(3,4)"
847,False,5400,7200
848,False,22.8,24.6
849,False,12,18
850,True,1,1
851,False,31,156
852,False,"(-11,9)","(-9,8)"
853,False,20,32
854,False,\$18.90,\$21.60
855,False,z^5-3z^4+6z^3-14z^2+14z-4,z^5-3z^4+6z^3-15z^2+17z-6
856,False,\frac{8}{45},\frac{2}{15}
857,False,180,170
858,False,\frac{2}{3},\frac{1}{2}
859,False,47,44
860,False,\frac{14}{3},6
861,False,112,178
862,False,14 \pi,12\pi
863,False,33840,54448
864,False,\frac{25}{8},\frac{49}{8}
865,False,-2-14i,-3-14i
866,False, \frac{1}{8},\frac{1}{12}
867,True,4,4
868,False,1320,1848
869,False,6,13
870,False,6,12
871,False,0.015,0.015625
872,False,30,18
873,False,79,83
874,False,79,78
875,False,15,17
876,False,-\frac{4}{5},-\frac{3}{5}
877,False,11,17
878,False,96,65
879,False,-2,-4
880,False,52,40
881,False,20,22
882,False,\frac{2}{3},\frac{6}{11}
883,False,36x \sqrt{35x},24x\sqrt{35x}
884,False,3600,4900
885,False,1736,-64
886,False,-\frac{1}{4},-\frac{1}{9}
887,False,8281,8464
888,False,5,3
889,False,4,5
890,False,72,42
891,False,10455,10506
892,False, \frac{1}{5} + \frac{3}{5}i ,\frac{3}{5} + \frac{4}{5}i
893,True,\frac{1}{4},\frac{1}{4}
894,True,"(-\infty,0)\cup (0,\infty)","(-\infty,0)\cup (0,\infty)"
895,False,"7,9,12,13","6,8,11,12"
896,False,26,22
897,False,3,4
898,False,26\pi,20\pi
899,False,"(-7, -2)","(-8, -1)"
900,False,4,8
901,False,\frac{7}{25},\frac{21}{50}
902,False,158,210
903,False,1160,1172
904,False,-56,-72
905,False,\frac{42}{5},\frac{52}{5}
906,False,7,5
907,False,-15,-12
908,False,-7,-14
909,True,2,2
910,False,135,110
911,False,9,11
912,False,\frac83,\frac{11}{3}
913,False,8,9
914,False,4,2
915,False,217,175
916,False,14,32
917,False,32736,7980
918,False,2,3
919,False,-\frac{10}{3},-8
920,False,63,84
921,False,\frac{1}{4},\frac{1}{6}
922,False,50,60
923,False,2,3
924,False,4,6
925,False,18,20
926,True,1,1
927,False,-128,-1458
928,False,-5,-6
929,False,-39,-27
930,False,6,4
931,False,\frac{47}{24},\frac{35}{24}
932,False,28,37
933,False,-128,-153
934,False,-3,-2
935,False,12,13
936,False,\frac{1}{2},\frac{1}{3}
937,False,3,5
938,False,128,96
939,False,2x^2-18,2x^2-32
940,False,1,4
941,False,25,36
942,False,-4,-5
943,False,14,16
944,False,"(1,4)","(2,7)"
945,False,5,4
946,False,10,6
947,False,3,4
948,False,"(-\infty,-4)\cup(-4,6)\cup(6,\infty)","(-\infty,-5)\cup(-5,7)\cup(7,\infty)"
949,False,8-i,11-3i
950,False,12,14
951,False,0,-15
952,False,\frac{11}{15},\frac{17}{30}
953,False,1,2
954,False,3,4
955,False,28,23
956,False,\frac{5}{36},\frac{21}{100}
957,False,6,10
958,False,-6,6
959,False,11,9
960,False,2015,2079
961,False,"(-7, 3)","(-5, 3)"
962,False,65,75
963,False,12,14
964,False,2,3
965,False,35,33
966,False,3,4
967,False,48,36
968,False,\sqrt{10},3\sqrt{2}
969,False,3,4
970,False,8,9
971,False,70,241
972,False,49,64
973,False,400,576
974,True,4,4
975,False,4,5
976,False,3,5
977,False,368,441
978,False,\frac{13}{6},\frac{11}{6}
979,False,15,18
980,False,11,13
981,False,268,151
982,False,-16,-14
983,False,"(1,1)","(1,2)"
984,False,13,15
985,False,\frac 34,\frac{3}{5}
986,False,15,16
987,False,-3,-4
988,False,4005,4009
989,False,\frac{5\sqrt{3}}{3},\frac{7\sqrt{3}}{3}
990,False,6p^4 + 5p^2 - 4,6p^4+7p^2-5
991,False,81,729
992,False,2,4
993,False,1056,10100
994,False,33,36
995,False,21,25
996,False,78,166
997,False,-\dfrac{4}{25},-\dfrac{9}{25}
998,False,"(3,-3)","(4,-4)"
999,False,-23.5,-29.5
1000,False,11,2
1001,False,-1,-2
1002,False,\frac{2}{3},\frac{3}{4}
1003,False,"(-\infty,-2)\cup (-2,3)\cup (3,\infty)","(-\infty,-3)\cup (-3,4)\cup (4,\infty)"
1004,False,60000,50000
1005,False,600,1260
1006,False,4,5
1007,False,5,4
1008,False,1,2
1009,False,a^3 + a^2,a^3 + 2a^2 + a
1010,False,37,23
1011,False,89,69
1012,True,0,0
1013,False,-6.5,-3
1014,False,\frac{1}{9},\frac{1}{4}
1015,False,-1,-2
1016,False,495,600
1017,False,1,2
1018,False,19,22
1019,False,672,740
1020,False,-4,-6
1021,False,8,10
1022,False,\frac{3}{2},2
1023,True,5,5
1024,False,920.25,1025
1025,False,6x^2 + 30x + 36,6x^2 + 42x + 72
1026,False,120,140
1027,False,3.5,2.5
1028,False,\!\sqrt{33},\!\sqrt{55}
1029,False,\frac{h^2}{m},\frac{2h^2}{m}
1030,False,1,-2
1031,False,19,23
1032,False,-814+3698i,-812+3698i
1033,False,3.21,3.36
1034,False,10,5
1035,False,"[6,\infty)","[8,\infty)"
1036,False,\frac{3}{32},\frac{4}{243}
1037,False,4,2
1038,False,11,15
1039,False,13,14
1040,False,84,100
1041,False,11,4
1042,False,3,4
1043,False,2,3
1044,False,25,36
1045,False,10,14
1046,False,36,45
1047,False,9,10
1048,False,45,18
1049,False,4,7
1050,False,2,1
1051,False,-4,-5
1052,False,"[-10,4]","[-8,6]"
1053,False,-2,-3
1054,True,4,4
1055,False,165,220
1056,False,6,9
1057,False,25,20
1058,False,16,20
1059,False,1545,927
1060,False,\frac{17}{8},2
1061,False,7,9
1062,False,\frac19,\frac{1}{16}
1063,False,\frac{i}{5},\frac{3i}{5}
1064,False,600,680
1065,False,3,2
1066,False,117,135
1067,False,9901,9703
1068,False,-10,-6
1069,False,144,16
1070,False,-\frac12,-\frac{3}{2}
1071,False,p+q-r,2p+q-r
1072,False,-9,-12
1073,False,6,8
1074,False,19,9
1075,False,19,18
1076,False,21,19
1077,False,221,181
1078,False,5,7
1079,False,5000,5200
1080,False,\frac{1}{5},\frac{1}{7}
1081,False,2,4
1082,False,243,729
1083,True,1,1
1084,False,-5,-6
1085,False,11,13
1086,False,"(1,-2)","(1,-3)"
1087,False,1,13
1088,False,-2,-4
1089,False,\sqrt{6},\frac{3}{2}
1090,False,5,6
1091,False,3,4
1092,False,21,20
1093,False,7,9
1094,False,9,3
1095,False,41,7
1096,False,\$76.80,\$96.00
1097,False,25 \text{ ft},30\text{ ft}
1098,False,22,24
1099,False,1,\sqrt{2}-1
1100,False,-11,-6
1101,False,2,4
1102,False,16,20
1103,False,6,8
1104,False,350,375
1105,False,4,5
1106,False,4,3
1107,False,2,4
1108,False,2\sqrt{2},3\sqrt{2}
1109,False,1599 \text{ dollars},2656\text{ dollars}
1110,False,6,\frac{13}{2}
1111,False,12,13
1112,False,-1,-2
1113,False,\frac{15}{4},3
1114,False,"(6,7)","(7,8)"
1115,False,36,15
1116,False,288,392
1117,False,7,8
1118,False,98,839
1119,False,350,400
1120,False,\frac14,\frac{1}{9}
1121,False,4x(8x^2-x+5),4x(8x^2-2x+5)
1122,False,5,10
1123,False,18,40
1124,False,-8 x^4+7x^2-7x+8,-8x^4+7x^2-7x+10
1125,False,-\sqrt{x-2}+2,-\sqrt{x-3}+3
1126,False,10,15
1127,False,12,4
1128,False,-2,-1
1129,False,"(128,2)","(36,4)"
1130,False,\frac{109}{150},\frac{49}{60}
1131,False,"(-1,6)","(-1,7)"
1132,False,13,9
1133,False,27,29
1134,False,9z(z^2 - 3z + 3),9z(z^2-3z+4)
1135,False,0,1
1136,False,33,30
1137,False,\frac{15\sqrt{7}}{14},\frac{3\sqrt{6}}{4}
1138,False,10,12
1139,False,7,8
1140,False,2.5,3
1141,False,41,52
1142,False,9,18
1143,False,\frac{49}{64},\frac{49}{8}
1144,False,2,3
1145,False,-1,0
1146,False,78,120
1147,False,1,\frac{1}{4}
1148,False,0,2
1149,False,4,9
1150,False,2,4
1151,False,-7,-9
1152,False,64a^6,125a^6
1153,False,4,6
1154,False,12,16
1155,False,7.5,8.5
1156,False,13,15
1157,False,14,10
1158,False,\frac{\sqrt{2}}{20},\frac{\sqrt{3}}{27}
1159,False,-7,-8
1160,True,2,2
1161,False,6,8
1162,False,1,\frac{1}{2}
1163,False,2,\frac{6}{5}
1164,False,"(-1,8)","\left(-\frac{1}{5}, \frac{36}{5}\right)"
1165,False,-4,-7
1166,False,0,-2
1167,False,-8,-6
1168,False,12,16
1169,False,7x^5+12x^2+3x+9,7x^5+14x^2+3x+9
1170,False,-\frac{11}{9},-\frac{13}{9}
1171,False,350,360
1172,False,\frac{11}{2},\frac{13}{2}
1173,False,-4,1
1174,False,16,32
1175,False,20,27
1176,False,44,105
1177,False,228.3,262.6
1178,False,2 x^3-10x^2-24x+72,2x^3-10x^2-8x+40
1179,False,-\frac{1}{2},-\frac{1}{3}
1180,False,11,13
1181,True,1,1
1182,False,\$3800,\$5160
1183,False,-x^7-2x^5+x^2,-x^7+x^5+3x^2
1184,False,6,7
1185,False,2,3
1186,False,13,17
1187,False,\frac{10}{11},\frac{12}{13}
1188,True,4,4
1189,False,380,552
1190,False,29,5
1191,False,835,1252
1192,False,25,30
1193,False,1951,66351
1194,False,28,36
1195,False,25,12
1196,False,480,3600
1197,False,17,16
1198,False,7,6
1199,False,\frac{13}{17},\frac{741}{833}
1200,False,"14,\!400",518400
1201,False,1414,3612
1202,False,96,169
1203,False,\frac{1}{10},0
1204,True,40,40
1205,False,\frac{161}{36},\frac{93}{16}
1206,False,1440,14400
1207,False,720,5040
1208,False,6\frac15,7\frac{1}{6}
1209,False,\frac{2}{5},\frac{1}{2}
1210,False,384,768
1211,False,"17,\!280","604,\!800"
1212,False,\frac{2}{27},\frac{19}{144}
1213,False,2,1
1214,False,28,84
1215,True,1260,1260
1216,False,\dfrac{91}{216},\frac{671}{1296}
1217,True,\frac{1}{3},\frac{1}{3}
1218,True,6,6
1219,True,\frac{5}{8},\frac{5}{8}
1220,False,70,126
1221,False,47,49
1222,True,\frac{2}{17},\frac{2}{17}
1223,False,28,40
1224,False,245,305
1225,False,\frac{1}{15},\frac{1}{105}
1226,False,8,7
1227,False,90,132
1228,False,28121600,101237760
1229,False,\frac{1}{15},\frac{1}{56}
1230,False,\frac{5}{6},\frac{2}{3}
1231,False,11218,7453
1232,False,20,25
1233,False,\dfrac{49}{54},\frac{13}{18}
1234,False,12,6
1235,False,7,5
1236,True,26,26
1237,True,31,31
1238,False,\frac{7}{72},\frac{1}{216}
1239,False,1430,2002
1240,False,\frac{3}{16},\frac{3}{32}
1241,False,2,3
1242,False,49,39
1243,False,\frac{11}{36},\frac{5}{9}
1244,False,210,792
1245,True,1041,1041
1246,False,\frac{1}{12},\frac{3}{55}
1247,False,1050,210
1248,False,\$15.48,\$15.62
1249,False,5,7
1250,False,4495,5456
1251,False,-125,-45
1252,False,30,48
1253,False,"371,\!043,\!400","120{,}428{,}000"
1254,False,\dfrac{1}{4},\frac{1}{12}
1255,False,120,420
1256,False,864000,"1{,}080{,}000"
1257,False,\frac{11}{18},\frac{19}{32}
1258,False,720,4320
1259,False,12,9
1260,False,\dfrac{5}{162},\frac{5}{162}
1261,False,21,84
1262,False,\frac14,\frac{1}{6}
1263,False,1024,4096
1264,False,\frac{1}{5},\frac{2}{5}
1265,False,2520,5544
1266,False,"3,\!110,\!400","103{,}680"
1267,True,39,39
1268,False,"1,\!000,\!000","1{,}000{,}000"
1269,True,\frac{1}{2},\frac{1}{2}
1270,False,9,18
1271,False,28800,34560
1272,False,11,20
1273,False,\frac{7}{12},\frac{5}{9}
1274,False,\frac{67}{89},\frac{22}{89}
1275,False,\frac{11}{221},\frac{1}{221}
1276,False,\$1.25,\$1.33
1277,False,"771,\!400","241,\!500"
1278,False,\frac{5}{18},\frac{3}{11}
1279,False,50,75
1280,False,500500,501501
1281,False,19,24
1282,False,120,30
1283,False,\frac{1}{5},\frac{1}{6}
1284,True,5,5
1285,False,\frac{1}{2},\frac{13}{32}
1286,False,720,3600
1287,False,6,1
1288,False,\frac{11}{25},\frac{53}{100}
1289,False,48,61
1290,True,13,13
1291,False,\frac{193}{512},\dfrac{1}{2}
1292,False,10,19
1293,False,165,495
1294,False,\dfrac{39}{64},\dfrac{15}{16}
1295,False,\frac{2}{5},\frac{7}{20}
1296,False,10,20
1297,True,\frac{3}{4},\frac{3}{4}
1298,False,0.076,0.064
1299,False,576,432
1300,False,1,2
1301,False,5040,45360
1302,False,1940,2871
1303,False,4,0
1304,False,\frac{4}{9},\frac{13}{18}
1305,False,\frac{1}{6},\frac{5}{18}
1306,False,45,55
1307,False,3003,12376
1308,True,\frac{2}{21},\frac{2}{21}
1309,False,18\text{ ways.},96\text{ ways.}
1310,False,\frac{9}{32},1
1311,False,10080,90720
1312,False,210,336
1313,False,50,70
1314,False,\frac{17}{18},\frac{8}{9}
1315,True,\frac{1}{2},\frac{1}{2}
1316,False,3,4
1317,False,31254,51343
1318,False,105,120
1319,True,\frac{1}{24},\frac{1}{24}
1320,False,\frac{209}{210},\frac{2309}{2310}
1321,True,24,24
1322,False,63,70
1323,False,650,702
1324,True,\frac{3}{16},\frac{3}{16}
1325,False,314,317
1326,False,36,45
1327,True,\frac{8}{9},\frac{8}{9}
1328,False,\frac{781}{1024},\frac{2101}{3125}
1329,False, \frac{1}{20},\frac{3}{68}
1330,False,\$0.50,\$1
1331,False,12500,6400
1332,True,\frac{11}{36},\frac{11}{36}
1333,False,\frac{18}{343},\frac{108}{343}
1334,False,2880,20160
1335,False,40,240
1336,False,1680,15120
1337,False,\frac{3}{5},\frac{2}{3}
1338,False,126,0
1339,True,\frac{1}{2},\frac{1}{2}
1340,False,18,19
1341,True,3,3
1342,False,\frac{1}{16},\frac{1}{32}
1343,False,772,788
1344,False,5,6
1345,False,80,81
1346,False,\frac{8}{63},\frac{52}{441}
1347,False,0,2
1348,False,6,10
1349,False,1201,9616
1350,False,36,84
1351,False,65\%,\frac{1300}{21}\%
1352,False,4,5
1353,False,220,715
1354,False,4,10
1355,False,1540,8855
1356,False,36,42
1357,True,24,24
1358,False,"2,\!598,\!960","20,\!358,\!520"
1359,False,12,20
1360,False,62,126
1361,False,840,6720
1362,False,5,9
1363,False,12,60
1364,False,\frac{5}{9},\frac{11}{18}
1365,False,97,98
1366,False,52,39
1367,True,0.03,0.03
1368,False,12,3
1369,False,6,5
1370,False,30,0
1371,False,\frac{37}{819},\frac{11}{261}
1372,False,21,28
1373,False,0,-3808
1374,False,\frac{448}{15625},\frac{4375}{279936}
1375,False,48,240
1376,False,36,192
1377,False,48,60
1378,False,56,70
1379,False,\frac{10}{19},\dfrac{6}{11}
1380,False,28,36
1381,True,51,51
1382,False,45,55
1383,False,\pi-2,\frac{\pi-2}{2}
1384,False,1963,2945
1385,False,6720,15120
1386,False,\frac{625}{648},\frac{16416}{16807}
1387,False,14,13
1388,False,\dfrac{3}{10},\frac{39}{121}
1389,False,"16,\!471",1004731
1390,False,\frac{27}{512},\frac{27}{2048}
1391,False,\dfrac{1}{12},\dfrac{2}{15}
1392,False,30,0
1393,False,363,374
1394,False,0,\frac{10923}{32768}
1395,False,\frac{40}{243},\frac{2000}{16807}
1396,False,28,36
1397,True,300,300
1398,False,\frac{11}{16},\frac{1}{2}
1399,False,6,11
1400,False,\frac{63}{8},14
1401,False,4,\frac{5}{2}
1402,False,\frac{1}{3},\frac{2}{5}
1403,False,\frac{81}{125},\frac{331169}{500000}
1404,False,\$0.50,\$1
1405,False,262144,117649
1406,False,\frac{4}{5},\frac{39}{50}
1407,False,80,15
1408,True,3,3
1409,False,12,18
1410,False,\frac{5}{12},\frac{6}{13}
1411,False,\frac{7775}{7776},\frac{46625}{46656}
1412,True,425,425
1413,True,1,1
1414,False,243,729
1415,False,\$0.20,\$0.80
1416,False,1000000,1030907
1417,False,12,60
1418,True,3,3
1419,False,110,11
1420,False,960,7200
1421,False,48,240
1422,False,\frac{73}{100},\frac{94}{121}
1423,False,1,0
1424,False,165,495
1425,False,\frac{1}{2},\frac{4}{9}
1426,False,36,108
1427,False,27,26
1428,False,672,1512
1429,False,"98,\!770",2123555
1430,False,\frac{1}{10},\frac{10}{101}
1431,False,4,5
1432,True,"25,\!972,\!650","25,\!972,\!650"
1433,False,\frac{1}{4},\frac{9}{25}
1434,False,450,4500
1435,False,20,25
1436,False,\frac{1}{5},\frac{3}{14}
1437,False,\frac{1}{50},\frac{6}{325}
1438,False,\frac{1}{32},\frac{1}{64}
1439,False,\frac{13}{3},5
1440,False,14,16
1441,False,"10,\!080","80,\!640"
1442,False,\frac{13}{18},\frac{37}{49}
1443,False,23,31
1444,False,70,630
1445,False,12,60
1446,True,\frac{295}{396},\frac{295}{396}
1447,False,\frac{82}{147},\frac{83}{150}
1448,False,\frac{5}{18},\frac{1}{4}
1449,False,144,1440
1450,True,1,1
1451,False,\frac{47}{1001},\frac{1}{28}
1452,False,12,48
1453,False,7000,10500
1454,False,306,5814
1455,True,60,60
1456,False,100\%,\frac{215}{216}
1457,False,512,1
1458,True,3,3
1459,True,96,96
1460,False,\frac{2}{3},\frac{5}{12}
1461,False,\frac{35}{128},\frac{7}{32}
1462,False,"34,\!650","3,\!780"
1463,False,\frac 9{20},\frac{29}{60}
1464,False,\frac{80}{243},\frac{5000}{16807}
1465,False,5120,11264
1466,True,\frac{1}{13},\frac{1}{13}
1467,False,15,31
1468,False,"15,600","17,\!550"
1469,True,864,864
1470,False,504,588
1471,False,1,n
1472,False,4060,31465
1473,False,1,n
1474,False,180,60
1475,False,222,221
1476,False,\frac{59}{125},\frac{73}{125}
1477,True,27,27
1478,False,12600,14400
1479,True,21,21
1480,False,968,1981
1481,False,2,3
1482,False,1275,1326
1483,True,8.5,8.5
1484,False,\frac{11}{850},\frac{11}{901}
1485,False,2,4
1486,True,\frac{2}{5},\frac{2}{5}
1487,False,\frac{3}{4},\frac{7}{9}
1488,False,280,2520
1489,True,\frac{5}{9},\frac{5}{9}
1490,False,36,60
1491,False,240,1440
1492,False,12,\frac{77}{6}
1493,False,8\text{ meals},14\text{ meals}
1494,False,6435,11440
1495,False,165,336
1496,False,\dfrac{1904}{6561},\dfrac{1988}{6561}
1497,False,9,10
1498,True,\frac{12}{25},\frac{12}{25}
1499,False,0,5
1500,False,\frac{8}{17},\frac{10}{21}
1501,False,\frac{1}{6},\frac{2}{3}
1502,False,126,462
1503,False,\frac{5}{28},\frac{1}{21}
1504,False,24,720
1505,False,50,60
1506,False,330,495
1507,False,15,21
1508,False,60,96
1509,False,15,70
1510,False,120,24
1511,False,\frac1{10},\frac{1}{25}
1512,False,4,6
1513,False,225,1260
1514,False,\frac{5}{16},\frac{1}{2}
1515,False,\frac{35}{128},\frac{5}{16}
1516,False,12441600,34560
1517,False,\frac{1}{6},\frac{1}{10}
1518,False,495,3003
1519,False,840,350
1520,False,20,180
1521,False,5,6
1522,False,30,40
1523,True,3,3
1524,False,\dfrac{48}{95},\frac{18}{35}
1525,False,"75,\!075","240{,}240"
1526,False,200,350
1527,False,20160,25200
1528,False,1,2
1529,False,"61,328","5{,}416"
1530,False,"9,\!240","8{,}820"
1531,False,3,4
1532,False,\frac{20}{27},\frac{8}{27}
1533,False,\dfrac{5}{7},\frac{3}{4}
1534,False,\dfrac{5}{12},\frac{7}{18}
1535,False,\$20,\$37.50
1536,False,\dfrac{40}{243},\frac{8}{27}
1537,False,1092,1061
1538,False,\frac{5}{8},\frac{7}{12}
1539,False,\frac{7}{18},\frac{1}{2}
1540,False,\frac{1}{2},\frac{3}{4}
1541,False,\frac{507}{595},\frac{403}{425}
1542,False,\dfrac{13}{204},\frac{13}{204}
1543,False,"58,500","1{,}404{,}000"
1544,False,\frac{1}{6},\frac{1}{8}
1545,False,52,89
1546,False,\frac{7}{27},\frac{1}{2}
1547,False,48,384
1548,False,720,5040
1549,False,k = 15,k = 24
1550,False,\dfrac{5}{6},\frac{1}{2}
1551,False,\frac{2}{27},0
1552,False,3,4
1553,False,\frac{1}{12},\frac{1}{3}
1554,False,2,1
1555,False,110,112
1556,False,16,17
1557,False,30,16
1558,False,\frac{3}{4},\frac{5}{8}
1559,False,\dfrac{1}{128},\frac{1}{36}
1560,False,325,490
1561,False,47,43
1562,False,6,4
1563,False,50,49
1564,False, \frac{7}{15},\frac{5}{11}
1565,False,10,11
1566,False,12,6
1567,False,9,7
1568,False,\frac{11}{32},\frac{43}{128}
1569,False,9240,110880
1570,False,\dfrac{72}{425},\dfrac{6336}{20825}
1571,False,"5,\!866,\!608","3,\!066,\!636"
1572,False,2880,1152
1573,False,3600,30240
1574,False,\frac{5}{54},\frac{10240}{117649}
1575,False,105,15
1576,False,\frac{1}{4},\frac{2}{9}
1577,False,14,20
1578,True,-\frac{1}{16},-\frac{1}{16}
1579,False,180,60
1580,False,153,154
1581,True,149,149
1582,False,\frac{80}{3},-\frac{160}{27}
1583,False,-\$0.50,-\$1.50
1584,False,\frac{13}{90},\frac{1}{10}
1585,True,5,5
1586,False,\frac{1}{5},\frac{18}{89}
1587,False,839,749
1588,False,16,9
1589,False,6,60
1590,False,20,56
1591,False,180,1260
1592,False,13,14
1593,False,8,4
1594,False,31,24
1595,False,6732,7866
1596,False,49,55
1597,False,\frac{23}{36},\frac{5}{7}
1598,False,"\frac{12}{5,\!525}",\frac{2308}{270725}
1599,False,14,41
1600,False,50,30
1601,False,156,210
1602,False,84,112
1603,False,\frac{1}{3},\frac{3}{4}
1604,False,210\text{ ways},792\text{ ways}
1605,False,\dfrac{47}{144},\dfrac{21}{64}
1606,True,\frac{1}{2},\frac{1}{2}
1607,False,90,900
1608,False,8,10
1609,False,1024,2048
1610,False,10800,9936
1611,True,420,420
1612,False,540,1806
1613,False,\frac{9}{32},\frac{1}{8}
1614,True,3,3
1615,False,288,420
1616,False,16,0
1617,False,560,1680
1618,False,\frac{1}{840},\frac{1}{1680}
1619,False,10,11
1620,False,6,10
1621,True,9,9
1622,True,16,16
1623,False,210,330
1624,False,21,56
1625,False,11,2
1626,True,147,147
1627,True,6,6
1628,False,\frac{1}{2},\frac{2}{5}
1629,False,29700,27300
1630,False,\frac{52}{3},\frac{53}{3}
1631,True,\frac{2}{5},\frac{2}{5}
1632,False,35,24
1633,False,71,53
1634,True,300,300
1635,False,\frac{1}{2},\frac{5}{16}
1636,False,\dfrac{5}{143},\dfrac{5}{91}
1637,False,\frac{3}{28},\frac{9}{28}
1638,False,\frac{8}{81},\frac{8}{243}
1639,False,\frac{9}{32},\frac{8}{25}
1640,False,\dfrac{1}{221},\dfrac{1}{5525}
1641,True,120,120
1642,False,\frac{1}{2},\frac{5}{9}
1643,False,\dfrac{30}{143},\dfrac{18}{91}
1644,False,\dfrac{7}{20},\dfrac{20}{49}
1645,False,\frac{\pi}{4},\frac{\pi}{9}
1646,False,20,8
1647,True,360,360
1648,False,52,53
1649,False,95,96
1650,False,3,2
1651,False,70,105
1652,False,\frac{57}{64},\frac{15}{16}
1653,True,12,12
1654,False,28,25
1655,False,1920\text{ ways.},8400\text{ ways.}
1656,False,6840,7980
1657,True,26,26
1658,False,0,1
1659,False,81,75
1660,False,\frac{3}{4},\frac{1}{4}
1661,False,\frac34,\frac{7\sqrt{51}}{51}
1662,False,\frac{4}{5},\frac{3}{5}
1663,False,\frac{40}{9},\frac{20}{3}
1664,True,135,135
1665,False,4\sqrt{2},9\sqrt{2}
1666,False,10\sqrt{6},\frac{21\sqrt{6}}{2}
1667,False,6,13
1668,False,\frac{\sqrt{2}}{2},\frac{1}{2}
1669,False,\frac{5}{2},\frac{15}{4}
1670,False,30,18
1671,False,-\frac{\sqrt{10}}{10},-\frac{\sqrt{5}}{5}
1672,True,0,0
1673,False,39^\circ,39.5^\circ
1674,False,5\sqrt{5},5\sqrt{10}
1675,False,27,\frac{361}{12}
1676,False,7.2\%,4.0\%
1677,False,5,6
1678,False,39,54
1679,False,45^\circ,47^\circ
1680,False,\frac{25}{3},\frac{275}{32}
1681,False,84,\frac{29400}{221}
1682,False,3,5
1683,False,2500,\frac{10201}{4}
1684,False,-5,-\frac{11}{2}
1685,False,1152,1250
1686,False,4\pi - 2\sqrt{3},\frac{25\pi}{4} - \sqrt{21}
1687,False,\frac{99}{20},\frac{117}{20}
1688,False,432\sqrt{2},384\sqrt{6}
1689,False,9,10
1690,False,31,35
1691,False,96\pi+120,119\pi+140
1692,False,9,12
1693,False,28-2\pi,63-\dfrac{9\pi}{2}
1694,False,37.72,30.06
1695,False,20,\frac{45}{2}
1696,True,50,50
1697,True,-\frac{\sqrt{3}}{2},-\frac{\sqrt{3}}{2}
1698,False,13,\frac{65}{4}
1699,False,69\text{ degrees},68.5\text{ degrees}
1700,False,4\sqrt{2},\frac{14\sqrt{2}}{3}
1701,False,-\frac{\sqrt{2}}{2},\frac{\sqrt{2}}{2}
1702,False,127,508
1703,False,40,30
1704,False,-2,-1
1705,False,12.25,16
1706,False,3,4
1707,False,\frac{3}{4}\pi\text{ inches},\pi
1708,False,2\sqrt{2},\frac{1}{3}
1709,False,75,66\frac{2}{3}
1710,False,63,77
1711,False,-\frac{\sqrt{3}}{3},-\sqrt{3}
1712,False,-\frac{1}{2},-\frac{\sqrt{3}}{2}
1713,False,46,50
1714,False,\frac \pi4 + 2 - \sqrt2,\pi + 8 - 4\sqrt{2}
1715,False,"(2,4)","(2,6)"
1716,False,30,72
1717,False,6\pi+2,\frac{75\pi+25}{8}
1718,False,\frac13,\frac{1}{3}
1719,True,45^\circ,45^\circ
1720,False,80,100
1721,False,2\sqrt{3},\sqrt{6}
1722,False,4+\sqrt{2},6+\frac{3\sqrt{2}}{2}
1723,True,"0.25\,\text{ cm}","0.25\,\text{ cm}"
1724,False,\frac{7}{6}\pi - \frac{\sqrt{3}}{2},\frac{10}{3}\pi - \sqrt{3}
1725,False,\frac{5}{16},\frac{5}{18}
1726,False,90 - \frac{25}{2}\pi,110 - \frac{25}{2}\pi
1727,False,\frac{\pi}{9},\frac{\pi}{8}
1728,False,\tfrac{3}{2},\frac{12}{5}
1729,False,15^\circ,30^\circ
1730,False,\frac{3840}{289},\frac{4116}{625}
1731,False,-\frac{\sqrt{2}}{2},\frac{\sqrt{2}}{2}
1732,False,15.08,50.91
1733,False,120,180
1734,False,1.17,1.50
1735,True,\frac{9\pi}{2},\frac{9\pi}{2}
1736,False,\frac{240}{13},\frac{2520}{169}
1737,True,1,1
1738,False,135^\circ,135
1739,False,\frac{17}{2},\frac{25}{2}
1740,False,\sqrt{70},7\sqrt{2}
1741,False,180^{\circ},180
1742,False,100^\circ,126^\circ
1743,False,4\pi,9\pi
1744,False,\frac{14\sqrt{3}}{3},\frac{16\sqrt{3}}{3}
1745,False,12\pi,27\pi
1746,False,\frac 13,\frac{1}{3}
1747,False,18\text{ units},24\text{ units}
1748,False,\frac{1}{2},1
1749,False,54,56
1750,False,224,312
1751,False,"(2,4)","(6,10)"
1752,False,\frac{1}{2},\frac{\sqrt{3}}{2}
1753,False,18,24
1754,False,5,3
1755,True,\frac{3}{8},\frac{3}{8}
1756,False,6\sqrt{3},8\sqrt{3}
1757,False,2\pi,3\pi
1758,False,0.54,1.5
1759,False,144^\circ,90
1760,False,"(9, 3)","(11, 1)"
1761,False,\frac{1}{16},\frac{1}{30}
1762,False,10,15
1763,False,4,6
1764,False,8,\frac{9}{2}
1765,False,27000-4500\pi,8000 - \frac{4000}{3}\pi
1766,False,20^\circ,25^\circ
1767,False,2,3
1768,False,41,50
1769,False,145^\circ,140^\circ
1770,False,12,9
1771,False,b=0,a = 0
1772,False,3.5,4.0
1773,False,8,10
1774,False,9,7+2\sqrt{6}
1775,False,4,18
1776,False,4,9
1777,False,72,\frac{512}{3}
1778,False,54,150
1779,False,30\pi + 9\sqrt{3},\frac{250\pi}{3} + 25\sqrt{3}
1780,False,145,105
1781,False,525\pi,504\pi
1782,False,24,\frac{75}{2}
1783,False,10+9\sqrt{2},13 + 12\sqrt{2}
1784,False,9,12
1785,False,36,25
1786,False,2000 \sqrt{2} - 2000,3000\sqrt{2}-3000
1787,False,10\;\text{edges},12
1788,False,30,24
1789,False,2250\pi,1000\pi
1790,False,180^\circ,80
1791,False,16,12
1792,False,6 \frac{3}{4},4
1793,False,640,648
1794,False,\frac{1}{3},\frac{\sqrt{3}}{6}
1795,False,50,98
1796,True,24,24
1797,True,3,3
1798,False,\frac{2}{3}\pi,\frac{8}{3}\pi
1799,True,\frac{3}{16},\frac{3}{16}
1800,True,6,6
1801,True,5,5
1802,False,8\pi - 16,\frac{25\pi}{2} - 25
1803,False,\frac35,\frac{5}{13}
1804,False,21,55
1805,False,8,27
1806,False,3,5
1807,False,140,130
1808,False,2,3
1809,False,8,12
1810,False,\frac{13}{3},\frac{16}{3}
1811,False,28,25
1812,False,"(3,-4)","(5,-7)"
1813,False,108,132
1814,False,864,648
1815,False,20,45
1816,False,\frac{\sqrt{2}}{2},\frac{1}{2}
1817,True,90^\circ,90^\circ
1818,False,\frac 43,\frac{9}{2}
1819,False,7,8
1820,False,8,18
1821,False,36,45
1822,False,"(7,4)","(9,4)"
1823,False,10,12
1824,False,x^2 + y^2 = 13,(x-2)^2 + y^2 = 9
1825,False,4,4.8
1826,False,40^\circ,25^\circ
1827,False,\frac{1}{4},\frac{3}{4}
1828,False,\frac{1}{2},\frac{\sqrt{2}}{2}
1829,False,60^\circ,120^\circ
1830,False,54,72
1831,False,2+4\sqrt{7},4 + 8\sqrt{7}
1832,False,188\text{ units},236\text{ units}
1833,False,96\sqrt{3},150\sqrt{3}
1834,False,592,24
1835,False,162,150
1836,False,\frac{176}{3}\pi,\frac{350}{3}\pi
1837,False,6,9
1838,False,40\pi,48\pi
1839,False,\frac{7}{24},\frac{5}{12}
1840,False,8918,13312
1841,False,70,65
1842,False,76^\circ,68^\circ
1843,False,\sqrt{5},2
1844,False,"(\tfrac{27}{8}, \tfrac{15}{8})","(\tfrac{35}{8}, \tfrac{5}{2})"
1845,False,12,80
1846,False,4,5
1847,False,45,80
1848,False,22,32
1849,False,16\pi,36\pi
1850,False,25^\circ,35^\circ
1851,True,4,4
1852,False,48^\circ,32^\circ
1853,False,\frac{25}{8},\frac{49}{18}
1854,False,6,8
1855,False,24,30
1856,False,\sqrt{241},\sqrt{73}
1857,False,5,3
1858,False,133^\circ,127^\circ
1859,False,6,12
1860,False,4+2\sqrt{2},6+3\sqrt{2}
1861,False,2304,1296
1862,False,300,184
1863,False,45 \text{ units}^2,24 \text{ units}^2
1864,False,28,24
1865,False,\frac{69}{125},\frac{56}{125}
1866,False,9,17
1867,False,70^\circ,62^\circ
1868,False,\frac{1}{2},-\frac{1}{2}
1869,False,12,18
1870,False,3+ \frac{\sqrt{69}}{3},5 + \frac{\sqrt{177}}{3}
1871,False,10,14
1872,False,600\pi,432\pi
1873,False,68,58
1874,False,32,72
1875,False,24\sqrt{2},16\sqrt{15}
1876,False,55,54
1877,True,12,12
1878,False,74,196
1879,False,40,48
1880,False,28,24
1881,False,72\pi\sqrt{3},\frac{125\pi\sqrt{3}}{3}
1882,True,2,2
1883,False,11.5,20.5
1884,False,24,30
1885,True,0,0
1886,False,144,288
1887,False,15^\circ,24^\circ
1888,False,\frac{5}{3},\frac{3}{2}
1889,True,24,24
1890,False,3,6
1891,False,2040,2590
1892,False,4,\frac{16}{3}
1893,True,55,55
1894,False,256 \pi,216\pi
1895,False,80,156
1896,True,\frac{\sqrt{3}}{2},\frac{\sqrt{3}}{2}
1897,False,120,100
1898,False,44,58
1899,False,68^\circ,52^\circ
1900,False,126,118
1901,False,864 \mbox{ inches}^2,3456 \mbox{ inches}^2
1902,False,3:1,16:5
1903,False,80,96
1904,False,3\sqrt{3},12\sqrt{3}
1905,False,216,1000
1906,False,216,27
1907,False,\frac{\sqrt3}{2},2\sqrt{3}
1908,False,15,18
1909,False,1,\sqrt{3}
1910,False,36,75
1911,False,\frac{1}{5},\frac{3}{13}
1912,False,24 + 6\sqrt{2},48
1913,False,45^\circ,60^\circ
1914,False,900\pi,960\pi
1915,False,25\pi,49\pi
1916,False,144,180
1917,False,\frac{1}{3},\frac{7}{16}
1918,False,-1,1
1919,False,18\sqrt{3},\frac{128\sqrt{3}}{3}
1920,False,3\sqrt{3},2\sqrt{14}
1921,False,86,343
1922,False,\sqrt{15},2\sqrt{3}
1923,False,3.75,3.83
1924,False,2,3
1925,False,\frac 1{72},\frac{8}{9}
1926,False,90\pi,200\pi
1927,False,21,25
1928,False,45,39
1929,False,8,20
1930,False,24+4\pi,30+6\pi
1931,False,45,80
1932,False,"(8,-2)","(7,-1)"
1933,False,30,140
1934,False,1.3,5.2
1935,False,54,96
1936,True,1:2,1:2
1937,False,8,32
1938,False,12,24
1939,False,9\pi,45\pi
1940,False,\frac{7}{2},14
1941,True,0,0
1942,False,54,130
1943,False,48\pi,72\pi
1944,False,72,50
1945,True,0,0
1946,False,100,64
1947,False,15,20
1948,False,8000,4096
1949,False,\frac{1}{2},2
1950,False,15,24
1951,False,5\text{ inches},6\text{ inches}
1952,False,40,60
1953,False,34,40
1954,False,33\%,73\%
1955,False,198,294
1956,False,12\text{ square units},6\sqrt{6}
1957,False,18^\circ,54^\circ
1958,False,144 \mbox{ m}^3,240 \mbox{ m}^3
1959,False,\frac{\sqrt{3}}{2},\frac{1}{2}
1960,False,391872,195936
1961,False,4.5,10.7
1962,False,7,9
1963,False,106^\circ,110^\circ
1964,False,3\frac18,6\frac14
1965,False,2,\sqrt{3}-1
1966,False,5,7
1967,False,17,18
1968,False,15,12
1969,False,3\pi-\frac{\sqrt{3}}{2},12\pi-2\sqrt{3}
1970,False,50,188
1971,False,24,30
1972,False,\dfrac{4}{25},\dfrac{1}{9}
1973,False,15,24
1974,False,-\frac{1}{2},-\frac{\sqrt{3}}{2}
1975,False,\frac{21}{8},\frac{21}{2}
1976,False,10,9
1977,False,\frac{\sqrt{3}}{3},-\frac{\sqrt{3}}{3}
1978,False,8.5,6.5
1979,False,\sqrt{5},\sqrt{17}
1980,False,720,900
1981,False,30^\circ,90^\circ
1982,False,3,4
1983,False,14\pi,18\pi
1984,False,1\frac{12}{13},\frac{27}{5}
1985,False,-\frac{1}{2},-\frac{\sqrt{3}}{2}
1986,False,1,27
1987,False,22+12\sqrt{2},36+16\sqrt{2}
1988,False,\frac{1}{8},\frac{1}{6}
1989,False,301,151
1990,False,5,9
1991,False,8\sqrt{3} \text { square inches},18\sqrt{3} \text { square inches}
1992,False,3,5
1993,False,\sqrt{85},\sqrt{113}
1994,False,144,180
1995,False,17700,17600
1996,False,18+2\pi,24+2\pi
1997,False,120,150
1998,False,10,14
1999,False,52,46
2000,False,\frac{40}{3},\frac{64}{3}
2001,False,160,190
2002,False,4\sqrt{3},8\sqrt{6}
2003,False,3,6
2004,False,72^\circ,60^\circ
2005,False,3,5
2006,False,1+2\sqrt{3},4+8\sqrt{3}
2007,False,\frac{\sqrt{39}}{8},\frac{4}{5}
2008,False,24,18
2009,False,\frac{1120}{81},\frac{5040}{169}
2010,False,102,84
2011,False,4,9
2012,False,75^\circ,70^\circ
2013,False,\text{13},\text{15}
2014,False,18,32
2015,False,3,4
2016,False,\frac{7}{20},\frac{13}{35}
2017,False,7,6
2018,False,14,13
2019,False,5,\frac{13}{2}
2020,False,27.2,25.2
2021,False,384,512
2022,False,360,480
2023,False,32,72
2024,False,18,24
2025,False,8\pi,6\pi
2026,False,\frac{1}{2},\frac{1}{4}
2027,False,2\pi,8\pi
2028,False,\frac{17}{2},\frac{25}{2}
2029,False,\frac{\sqrt{3}}{3},\frac{1}{3}
2030,False,12,16
2031,False,22^\circ,16^\circ
2032,True,\frac{1}{2},\frac{1}{2}
2033,False,62.8,15.7
2034,False,54^\circ,50^\circ
2035,False,"(10,2)","(15,6)"
2036,False,36,30
2037,False,\frac32,\frac{5}{3}
2038,False,-\frac{\sqrt{3}}{3},-\sqrt{3}
2039,False,72 + 72\sqrt{2},32+32\sqrt{2}
2040,False,21,28
2041,False,\frac{\sqrt{21}}{5},\frac{4}{5}
2042,False,8,18
2043,False,\frac{4}{3}\pi,\frac{9\pi}{2}
2044,False,\frac{27\pi}{1024},\frac{\pi}{64}
2045,False,47^\circ,35^\circ
2046,False,84,65
2047,False,12,48
2048,False,\frac{\sqrt{3}}{2},\frac{1}{2}
2049,True,90,90
2050,False,40,30
2051,False,\frac{58}{7},\frac{72}{7}
2052,False,\frac{44}{3},13\sqrt{3}
2053,False,\frac{14}{3},\frac{16}{3}
2054,False,35^\circ,40^\circ
2055,False,14,\frac{196}{11}
2056,False,84,60
2057,False,1\frac{4}{5},1\frac{12}{13}
2058,False,\frac{2}{5},\frac{8}{5}
2059,False,21,24
2060,False,"(2,5)","(-2,5)"
2061,False,20,50
2062,False,6\sqrt{2},\frac{15\sqrt{2}}{2}
2063,True,90^\circ,90^\circ
2064,False,210,195
2065,False,8,9
2066,False,\frac{108}{25},\frac{432}{25}
2067,False,\frac{224\sqrt{3}}{3},84\sqrt{3}
2068,False,\frac{64}{121},\frac{49}{81}
2069,False,"(3,2)","(5,3)"
2070,False,45,\frac{405}{4}
2071,False,72,90
2072,False,6,16-8\sqrt{2}
2073,False,2,8
2074,False,81,82
2075,False,\frac{12}{35},\frac{1}{3}
2076,False,5,7
2077,False,3600,1800
2078,False,2\sqrt{113},16\sqrt{2}
2079,False,20+\sqrt{2},24+2\sqrt{2}
2080,False,4\sqrt{13},5\sqrt{13}
2081,False,\frac{1}{4},\frac{1}{2}
2082,True,3,3
2083,False,\frac{11}{7},\frac{4}{3}
2084,False,3 \frac{3}{8},4\frac{1}{2}
2085,False,8-2\pi,32 - 8\pi
2086,True,"25 \, \text{km}","25 \, \text{km}"
2087,False,7,9
2088,False,23.31,24
2089,False,"(-5, -4)","(-4, -4)"
2090,False,10,12
2091,False,\sqrt{3},-\sqrt{3}
2092,False,36 \sqrt{3},25\sqrt{3}
2093,False,54,96
2094,False,4\sqrt{2} + 4,9\sqrt{2} + 9
2095,False,\pi,\frac{9\pi}{4}
2096,False,\frac{\sqrt{3}}{2},-\frac{\sqrt{3}}{2}
2097,False,25\pi,100\pi
2098,True,2,2
2099,False,184,212
2100,False,\frac{1}{10},\frac{1}{8}
2101,False,\sqrt{34},\sqrt{194}
2102,False,3,\frac{9}{2}
2103,False,14,16
2104,False,-\frac{7}{12},-\frac{5}{6}
2105,False,\frac{\sqrt{65}}{2},\frac{\sqrt{5}}{2}
2106,False,4.14,4.97
2107,False,3,4
2108,False,\frac{1}{2},\frac{1}{3}
2109,False,\frac{5}{9},\frac{7}{16}
2110,False,-\frac{24}{25},-\frac{4}{5}
2111,False,8,12
2112,False,140,125
2113,False,\sqrt{3},-\frac{\sqrt{3}}{3}
2114,False,\sqrt{22},6
2115,False,47,51
2116,False,-\sqrt{3},-\frac{\sqrt{3}}{3}
2117,False,70,60
2118,False,\frac{24}{25},\frac{240}{289}
2119,False,28,36
2120,False,72,60
2121,False,-\frac{\sqrt{3}}{2},-\frac{1}{2}
2122,False,8,10
2123,False,1250\pi,\frac{1369\pi}{2}
2124,False,1.4,4.6
2125,False,34,38
2126,False,8,12
2127,False,"(1,1)","(1,2)"
2128,False,2\sqrt{3}-2,3\sqrt{3}-3
2129,True,120^\circ,120^\circ
2130,False,70,80
2131,False,\frac{648}{\pi},\frac{800}{\pi}
2132,True,108\sqrt{3},108\sqrt{3}
2133,False,\frac{360}7,40
2134,False,15,\frac{45}{4}
2135,False,\frac{1}{6},\frac{2}{11}
2136,False,210,90
2137,False,\frac{\sqrt{2}}{2},\frac{1}{2}
2138,False,50,80
2139,False,96\pi,200\pi
2140,False,\sqrt{74},74
2141,True,\text{neither},\text{neither}
2142,False,43,32
2143,True,3,3
2144,False,-81,-9
2145,False,80,255
2146,False,36,144
2147,False,5,\frac{20}{3}
2148,False,10,11
2149,False,\frac{1777}{1492},1492
2150,False,50,18
2151,False,2,\frac{3}{2}
2152,False,-3 + 6i,"4 - 7i, 8 - i, -2 + 5i"
2153,False,4,5
2154,False,4,6
2155,False,\frac{\sqrt{11}}{2},\frac{\sqrt{6}}{2}
2156,False,"1,3","2, 4"
2157,False,\text{D},\text{E}
2158,False,"(-a,0)","(-2,0)"
2159,False,2 + 7i,5 + 3i
2160,False,5,3
2161,False,"\left(\frac34,5\right)","\left(\frac34,4\right)"
2162,False,962,222
2163,False,"9,-7","8, -6"
2164,False,"(-\infty,-7) \cup (1,2)","(-\infty,-5) \cup (1,3)"
2165,False,"1,-2","2, -1"
2166,False,"-4,-2,-1,1,2,4","-18,-9,-6,-3,-2,-1,1,2,3,6,9,18"
2167,False,-1,1
2168,False,104,170
2169,False,\frac{x^2}{16} - \frac{y^2}{9} = 1,\frac{x^2}{4} - \frac{y^2}{12} = 1
2170,True,1+274i,1+274i
2171,False,2 \sqrt{2},2\sqrt{2}
2172,True,2,2
2173,True,\text{odd},\text{odd}
2174,False,-\frac{82}{27},-5
2175,True,"\frac{5}{2},-3","\frac{5}{2},-3"
2176,False,"(-\infty,3)\cup(3,\infty)","(-\infty,5)\cup(5,\infty)"
2177,False,18,30
2178,False,13,\sqrt{109}
2179,False,2,"-1, 2"
2180,False,\frac{\sqrt{6}}{6},\frac{\sqrt{6}}{3}
2181,True,-\frac{1}{2},-\frac{1}{2}
2182,False,270,750
2183,False,89,178
2184,False,x = \frac{3}{2},x=\frac{1}{2}
2185,False,"\sqrt{5}, -\sqrt{5}","\sqrt{10}, -\sqrt{10}"
2186,False,"-2,1","-2, 1"
2187,False,1000,500
2188,False,"8,-112","\frac{16}{5}, -88"
2189,False,"(2,3)","(3,4)"
2190,False,195,11
2191,False,\frac{20000}{\pi},\frac{45000}{\pi}
2192,False,-3 \sqrt{5} - 5,-2\sqrt{7}-7
2193,False,"[-3,-2] \cup [0,1]","(-\infty,-3] \cup [-2,0] \cup [1,\infty)"
2194,False,-2,3
2195,False,-2x^2 + x - 3,-x^2-2x-7
2196,False,\frac{10}{11},\frac{6}{7}
2197,False,38,32
2198,True,11,11
2199,False,16,15
2200,False,384,3840
2201,False,"(7,49)","(8,64)"
2202,False,3,2
2203,False,19,17
2204,False,\sqrt{2},3\sqrt{2}
2205,False,8,12
2206,False,512,256
2207,False,\sqrt{6},\sqrt{14}
2208,False,5120,256
2209,False,\frac{14}{13},\frac{6}{5}
2210,False,1,4
2211,False,6,8
2212,True,\text{even},\text{even}
2213,False,"-1,2",2
2214,False,100,50
2215,False,16,32
2216,False,y = -\frac{1}{4},y = -\frac{1}{8}
2217,False,15,17
2218,False,-4,-1
2219,False,8,10
2220,False,4,8
2221,True,0,0
2222,False,6,10
2223,True,"0,1","0,1"
2224,False,25,49
2225,False,10\sqrt3,14\sqrt{3}
2226,False,\frac{16}{3},\frac{81}{8}
2227,True,3,3
2228,False,"\frac{1}{2}, -\frac{1}{12}","0, \frac{5}{12}"
2229,False,496,247
2230,False,18,19
2231,False,\frac{3}{56},\frac{27}{56}
2232,False,\frac{4}{3},\frac{3}{5}
2233,False,134,125
2234,False,\frac{27}{10},\frac{28}{15}
2235,False,1023,682
2236,False,64,81
2237,False,-13x+3,-13x+11
2238,False,x^5 - x^4 + x^3 - x^2 + x - 1,x^5-x^4+x^3-x^2+x-1
2239,False,181,362
2240,False,\frac{2}{9},\frac{3}{16}
2241,False,512,4096
2242,False,19,13
2243,True,1,1
2244,True,\text{even},\text{even}
2245,False,13,17
2246,False,\frac{5}{13},\frac{\sqrt{13}}{13}
2247,False,\frac{1}{z},\frac{9}{z}
2248,False,0,-\frac{1}{2}
2249,False,\frac{1}{64},\frac{108}{3125}
2250,True,8,8
2251,False,-26,28
2252,False,6x,7x
2253,False,-256,-128
2254,False,\frac{105}{4},\frac{231}{4}
2255,True,44,44
2256,True,\frac{3}{4},\frac{3}{4}
2257,False,5,6
2258,False,5,7
2259,True,0,0
2260,False,1209,1215
2261,False,"(46,2004)","(50,2388)"
2262,False,508,1016
2263,False,\frac{2}{1005},\frac{2}{1007}
2264,False,\text{even},\text{odd}
2265,False,"(10,14,61)","(12,16,75)"
2266,False,2 \sqrt{3},4
2267,False,11,13
2268,False,2,3
2269,False,\frac{7}{5} + \frac{1}{5} i.,\frac{8}{5} + \frac{1}{5} i
2270,False,12,9
2271,False,30,24
2272,False,\frac{1}{9},\frac{1}{16}
2273,False,15 \pi,15\pi
2274,False,84,80
2275,False,16,25
2276,False,"\{-1\} \cup [0,7)","\{-1\} \cup [0,9)"
2277,False,\sqrt5,\sqrt{3}
2278,False,18,20
2279,True,3,3
2280,False,990,491
2281,False,\frac{1}{3},\frac{1}{16}
2282,True,763,763
2283,False,"\left[0,\frac{343}{27}\right]","[0, 27]"
2284,False,(\text{E}),\text{(E)}
2285,True,36,36
2286,True,1,1
2287,True,13,13
2288,True,\frac{24}{5},\frac{24}{5}
2289,False,-50,-100
2290,False,38,122
2291,True,x+1,x+1
2292,True,5,5
2293,False,1,0
2294,False,14,2
2295,False,46,38
2296,False,3x - 2,5x-4
2297,False,\frac{1997}{2},\frac{2003}{2}
2298,False,-1,-\frac{5}{6}
2299,False,341,683
2300,True,6,6
2301,False,2\sqrt{13},\sqrt{26}
2302,False,-150,-250
2303,False,15,20
2304,True,2,2
2305,False,2\sqrt{10},4\sqrt{10}
2306,False,6\sqrt3,2\sqrt{15}
2307,False,47,79
2308,False,163,55
2309,True,"0,1","0,1"
2310,False,\sqrt{3}-1,\sqrt{3}+1
2311,False,"1,-2","1,-4"
2312,False,4,6
2313,False,"[3,\infty)","[4,\infty)"
2314,True,4,4
2315,False,"\left( \frac{2}{5}, \frac{1}{2} \right)","\left( \frac{2}{3}, \frac{1}{2} \right)"
2316,False, \frac{3}{16} , \frac{7}{24} 
2317,False,254,270
2318,False,6,10
2319,False,\frac{192\sqrt{14}}{25},\frac{768\sqrt{14}}{25}
2320,False,-6,-10
2321,False,\frac{2}{3},\frac{2}{7}
2322,True,0,0
2323,False,16 \sqrt{3},24 \sqrt{3}
2324,False,6,3
2325,False,-2,2
2326,False,2x^2 - 2x + 3,2x^2 - x
2327,False,\frac65,\frac{6}{7}
2328,False,440,360
2329,True,-1,-1
2330,False,"[-36,104]","[-12,48]"
2331,False,\frac{1005}{1006},\frac{1009}{1010}
2332,False,2,-2
2333,False,-668i,-670i
2334,True,4,4
2335,False,10,12
2336,False,97,121
2337,False,"(2,1)","(1,2)"
2338,False,\frac{1}{3},\frac{1}{5}
2339,False,8080,8088
2340,False,6,9
2341,False,327680,193856
2342,False,\frac{81}{41},\frac{128}{17}
2343,False,88,96
2344,False,5,7
2345,False,-3,-5
2346,True,3,3
2347,False,\frac{1}{4},2
2348,False,\frac{3}{2},2
2349,False,\frac{1}{4},1
2350,False,\frac{1}{2},\frac{1}{6}
2351,False,4,8
2352,False,70 \sqrt{2},60 \sqrt{2}
2353,False,\frac{16 \sqrt{3}}{9},4
2354,False,-3,4
2355,False,2 \sqrt{5},2 \sqrt{7}
2356,False,2,2\sqrt{2}
2357,False,49,39
2358,False,2 \sqrt{5},4 \sqrt{7}
2359,False,331,332
2360,False,8n^2 + 4n + 1,\frac{1}{8n^2 + 4n + 1}
2361,False,18,22
2362,False,\sqrt{5},2\sqrt{2}
2363,False,"\left( \frac{1}{2}, \frac{\sqrt{7}}{2} \right)","\left( \frac{1}{2}, \frac{\sqrt{11}}{2} \right)"
2364,False,\sqrt{3} - 4,\sqrt{3} - 2
2365,False,819,874
2366,False,\text{E},\text{A}
2367,False,92,10
2368,False,"(27,\infty)","(8,\infty)"
2369,False,-\frac{1}{4},-\frac{1}{2}
2370,False,42,48
2371,False,22,44
2372,False,10,14
2373,False,3,6
2374,False,3,2
2375,False,1052,1042
2376,False,25,18
2377,False,49896,66600
2378,False,11,10
2379,False,\frac{4}{9},\frac{1}{4}
2380,False,\frac{7}{2},3
2381,False,973,982
2382,False,-1,1
2383,True,1,1
2384,False,0,1
2385,False,2 \sqrt{3},5
2386,False,500,125
2387,False,"\sqrt{67}, -\sqrt{85}","2\sqrt{11}, -\sqrt{58}"
2388,False,4,8
2389,False,1004,1009
2390,False,8,18
2391,True,\text{E},\text{E}
2392,False,4 \sqrt{3},8\sqrt{2}
2393,False,\frac{1}{4},\frac{1}{8}
2394,False,"(4,1,4,0)","(3,2,3,1)"
2395,False,1,4
2396,False,-\frac{3}{5},\dfrac{4}{5}
2397,False,6,2
2398,False,997,1000
2399,False,9,15
2400,False,"B, C","A, B, C"
2401,False,7,-1
2402,False,-80,-145
2403,False,13,4\sqrt{13}
2404,False,12,20
2405,False,2,18
2406,False,"19, 22","16, 25"
2407,False,\frac{6}{601},\frac{8}{801}
2408,False,48,16
2409,True,2k,2k
2410,False,405,560
2411,False,1004,1006
2412,True,"(-\infty,0]","(-\infty,0]"
2413,False,5,7
2414,False,-5,-2
2415,False,8\sqrt{55},30
2416,False,27648,28311552
2417,False,175,343
2418,True,1,1
2419,False,\tfrac{8\pi}5,6\pi
2420,False,\sqrt{65},4\sqrt{5}
2421,False,"(-\infty, -2) \cup (0, 1) \cup (2, 4)","(-\infty, -3) \cup (0, 1) \cup (3, 9)"
2422,False,3,4
2423,False,\sqrt{6},2\sqrt{3}
2424,False," (-\infty, -3) ","(-\infty, -5)"
2425,False,"(10,3)","(9,4)"
2426,False,"(-5, \infty)","(-7, \infty)"
2427,True,a,a
2428,False,"-\frac{3}{2}, -1, 7","-\frac{1}{2}, -1, 7"
2429,False,\frac{1}{2},1
2430,False,1,\frac{1}{2}
2431,False,8,32
2432,False,20,98
2433,False,4,2
2434,False,\frac{46}{3},\frac{58}{3}
2435,False,"4, -2 + 3i, -2 - 3i","3, \frac{-3 + i\sqrt{15}}{2}, \frac{-3 - i\sqrt{15}}{2}"
2436,False,20,24
2437,False,\sqrt{7},2\sqrt{7}
2438,False,12,24
2439,False,7,10
2440,True,0,0
2441,False,9,16
2442,False,27,24
2443,False,2x^2 + 5x - 1,2x^2 + 5x + 3
2444,False,10,4
2445,False,\frac{3}{860},\frac{3}{428}
2446,False,3996,4000
2447,False,\frac{1-\sqrt{5}}{2},\frac{1-\sqrt{5}}{4}
2448,False,-2,-3
2449,False,9,21
2450,False,-10,-12
2451,False,28,18
2452,True,224,224
2453,False,697,1445
2454,False,104,273
2455,True,3,3
2456,False,"(1, 4\sqrt3)","(\sqrt{5}, 2\sqrt{5})"
2457,False,500,\frac{1000}{3}
2458,False,-1 - 5i,3 + 7i
2459,False,676,2500
2460,False,154,70
2461,False,"(-\infty,5) \cup (5,\infty)","(-\infty,7) \cup (7,\infty)"
2462,False,-6,-4
2463,False,5,5\sqrt[3]{2}
2464,True,\frac{1}{12},\frac{1}{12}
2465,True,"\text{A,D}","\text{A,D}"
2466,False,x^2 + 6x - 4,x^2 + 8x - 1
2467,False,\frac{1}{4},2
2468,False,0.63,0.32
2469,True,12,12
2470,False,-15 + 8i,-35 + 12i
2471,False,9,4
2472,False,\frac{5049}{20200},\frac{637}{2550}
2473,False,"(5,\infty)","(3,\infty)"
2474,False,\sqrt2,2^{12/25}
2475,False,8,2
2476,False,-\frac{11}{2},-\frac{13}{2}
2477,False,y = -\frac{1}{2} x^2 + 4x - 6,y = -x^2 + 6x - 4
2478,False,"1,-1,-3i","1, -1, 2i"
2479,False,"0,1","0, 1, 2"
2480,False,1,2
2481,False,y = x^2 + 2,y = 2x^2 + 1
2482,False,-9,-144
2483,True,1,1
2484,False,"(60,-88,25,4)","(24, -38, 13, 2)"
2485,False,75,130
2486,False,8,6
2487,False,12,18
2488,False,3,-2
2489,False,87,104
2490,False,2007,2011
2491,False,-4,-\frac{14}{3}
2492,False,255,31
2493,False,31,44
2494,False,2014,2016
2495,False,729,900
2496,False,"(-\infty,4)","(-\infty,1)"
2497,False,8,20
2498,False,f(2) < f(1) < f(4),"f(3), f(1), f(6)"
2499,True,1,1
2500,False,\frac{1}{2},\frac{1}{3}
2501,False,"[5,5 \sqrt{2}]","[5, 5\sqrt{2}]"
2502,False,-3,3
2503,False,-8,-1
2504,False,\frac{1}{5120},\frac{1}{6144}
2505,False,15,60
2506,False,\sqrt{17},\sqrt{29}
2507,True,2,2
2508,False,-46,-86
2509,False,2x^2+3x,3x^2+2x
2510,True,3,3
2511,False,243,32
2512,False,-\frac{3}{8},-\frac{5}{8}
2513,False,2,1
2514,False,4561,4551
2515,False,2 \sqrt{5},4\sqrt{5}
2516,False,\frac{16}{3},\frac{45}{7}
2517,False,-3,-5
2518,True,2,2
2519,False,199,179
2520,False,\pi,4\pi
2521,False,3 + 2 \sqrt{2},2+\sqrt{3}
2522,False,\frac{13}{4},\sqrt{3}
2523,False,\frac{1}{12},\dfrac{1}{8}
2524,False,-\frac{5}{4},-\frac{4}{3}
2525,True,"2,6","2,6"
2526,False,0,1000
2527,False,6,7
2528,False,"(-3,2)","(-12, 16)"
2529,True,-1,-1
2530,False,"1,-3","1,-1"
2531,False,"\frac{1}{5}, -\frac{1}{3}","\frac{9}{34}, -\frac{9}{16}"
2532,True,12,12
2533,False,4,6
2534,False,4014013,4022031
2535,False,\frac{1}{3600},\frac{1}{72}
2536,True,"(2,\infty)","(2,\infty)"
2537,True,3,3
2538,False,2,3
2539,False,34,40
2540,False,\frac{1024}{27},\frac{81}{4}
2541,False,3 + 5i,4 + 7i
2542,True,\text{odd},\text{odd}
2543,True,4,4
2544,True,1,1
2545,False,1700,1418
2546,True,501,501
2547,False,8,18
2548,False,"\left[ \frac{3}{2}, 2 \right)","\left[\frac{3}{2}, 2\right)"
2549,False,-\tfrac34,\frac{-5 \pm \sqrt{5}}{4}
2550,False,-63,17892
2551,False,x + 2,3x + 2
2552,False,-14,-5
2553,True,62,62
2554,False,-1,-\frac{1}{4}
2555,False,-50,-35
2556,False,198,396
2557,False,2150,2089
2558,True,6,6
2559,False,\frac{11}{2},\frac{7}{3}
2560,False,1112,1098
2561,True,\text{A},\text{A}
2562,False,100,102
2563,False,"[-4,0)","[-\tfrac{32}{7},0)"
2564,True,6,6
2565,False,20,160
2566,False,\frac{1}{144},\frac{1}{233}
2567,True,3 - 2f(x),3 - 2f(x)
2568,False,4,8
2569,False,-5,-12
2570,False,\frac{7}{2},\frac{25}{6}
2571,True,2,2
2572,False,-7,-5
2573,False,(x^2 + 1)(x^2 - 4x + 13),(x^2 + 1)(x^2 - 6x + 21)
2574,True,27,27
2575,False,44,120
2576,False,3,\frac{3}{2}
2577,False,18,20
2578,False,\sqrt{101} - \sqrt{2} + 9,3\sqrt{11} - \sqrt{2} + 9
2579,True,\frac{1}{4},\frac{1}{4}
2580,True,12,12
2581,False,-4,-16
2582,False,34,26
2583,False,12,20
2584,False,384,1944
2585,False,66673,100537
2586,False,\frac{2}{5},\frac{3}{7}
2587,False,\frac{7}{4},\frac{5}{4}
2588,False,-108,-32
2589,False,"(-\infty, 0] \cup (\tfrac12, \tfrac32]","(-\infty, 0] \cup (\tfrac12, \tfrac52]"
2590,False,8,14
2591,False,2,3
2592,False,3x^2 - 7x + 4,3x^2 - 5x + 2
2593,False,\frac{1}{5},-\frac{4}{5}
2594,False,-4,8
2595,False,"(-4,13)","(-4,11)"
2596,False,67,134
2597,False,3+4\sqrt2,3+2\sqrt{2}
2598,False,336,672
2599,False,\sqrt{2},\frac{\sqrt{2}}{2}
2600,False,1,\frac{1}{2}
2601,True,3,3
2602,False,"(2,12) \cup (12,102)","(2,102) \cup (102,1002)"
2603,False,-\frac{5}{4},-\frac{7}{2}
2604,False,(2x+3)(2x -1)(2x+1),(3x+2)(3x-1)(3x+1)
2605,False,3-\sqrt7,1
2606,False,6\sqrt{3}+6,12\sqrt{3}+12
2607,False,x^8 + x^7 + x^6 + x^5 + x^4 + x^3 + x^2 + x + 1,x^6 + x^5 + x^4 + x^3 + x^2 + x + 1
2608,False,7,8
2609,False,"(0,9) \cup (9,36)","(0,8) \cup (8,20)"
2610,False,x+6,2x-7
2611,True,p - q,p - q
2612,False,"(-5,\sqrt{26}]","(-5,\sqrt{29}]"
2613,False,12,20
2614,False,10,14
2615,False,13,10
2616,False,4,6
2617,False,14,18
2618,False,\frac{2x-7}{(x+1)(x-2)},\frac{-9}{(x+1)(x-2)}
2619,True,1,1
2620,False,\frac{2a + b}{2},\frac{4a+b}{2}
2621,False,5,4
2622,False,"\{1\pm\sqrt{5},-2\}","\{4, -2+2i, -2-2i\}"
2623,False,-338016,-8
2624,False,80,96
2625,False,6+\sqrt6,8+2\sqrt{5}
2626,False,-\frac{1}{2},-1
2627,False,2,3
2628,True,64,64
2629,False,2,5
2630,False,"\left[ \frac{1}{2}, \frac{3}{2} \right]","[0, 2]"
2631,False,-\tfrac{5}{2},-\tfrac{5}{3}
2632,False,56,61
2633,False,4,0
2634,False,4022030,4030056
2635,False,\frac{4}{27},\frac{2}{9}
2636,False,19941989,20041999
2637,False,2,3
2638,False,\text{B},\text{E}
2639,False,30,48
2640,False,3968,63
2641,False,1,\frac{1}{2}
2642,False,12,17
2643,False,214,232
2644,False,48,75
2645,False,\frac{161}{400},\frac{97}{144}
2646,False,-9,-7
2647,True,-1,-1
2648,True,\text{(B)},\text{(B)}
2649,False,10,5
2650,False,\frac{1}{2},\frac{3}{2}
2651,False,7,9
2652,False,17,18
2653,False,-5+4i,-11+10i
2654,False,7x(x-1)(x-2),5x(x-1)(x-3)
2655,True,0,0
2656,False,10879,"10881, -10881"
2657,False,"-2,\frac{3}{2}","\frac{5}{2},-2"
2658,False,-\sqrt{14},"\sqrt{11}, -3\sqrt{2}"
2659,False,\frac{8}{3},\frac{13}{3}
2660,False,\frac{\sqrt5-1}{2},\sqrt{5}-1
2661,False,48,3
2662,False,2 + \sqrt{3},4
2663,False,y = \frac{1}{2} x + 2,y = x + 1
2664,False,13,-27
2665,False,\frac{1 + \sqrt{5}}{4},\frac{1}{2}
2666,False,64,216
2667,False,2101,3376
2668,False,203,304
2669,False,\frac{2007}{2008},\frac{2009}{2010}
2670,True,6,6
2671,False,51,21
2672,False,"-6, -3, -2, -1, 1, 2, 3, 6","-9, -3, -1, 1, 3, 9"
2673,False,73,80
2674,False,10,12
2675,False,117649,1771561
2676,False,\frac{13}{144},\frac{3}{4}
2677,False,1024,59049
2678,False,25 \pi,36 \pi
2679,False,6,4
2680,False,61,62
2681,False,406,451
2682,False,0,2
2683,False,-\frac{7}{4},-\frac{15}{4}
2684,False,"(3,-3,1)","(4,-6,4,-1)"
2685,False,13,8
2686,False,10,8
2687,True,2,2
2688,False,-1,-16
2689,False,2\sqrt{22},2\sqrt{33}
2690,False,\sqrt 5,3
2691,False,"(4,1)","(7,-1)"
2692,False,11,22
2693,False,"(8,4,2)","(27,9,3)"
2694,False,"(6,5)","(4,3)"
2695,False,1,2
2696,False,(x-5)(x^2-4x+7),(x-6)(x^2-6x+12)
2697,False,5,7
2698,False,2,3
2699,False,828,244
2700,False,\frac{1}{4},\frac{1}{2}
2701,False,8,4
2702,False,23,25
2703,False,\frac{2}{5},3
2704,False,"\frac{1}{5}, \frac{1}{4}, \frac{2}{5}, \frac{1}{2}","\frac{1}{5}, \frac{1}{3}, \frac{3}{5}, 1"
2705,False,2,3
2706,False,7,12
2707,False,81,49
2708,False,150,72
2709,False,401,402
2710,False,\frac{197}{2},\frac{109}{2}
2711,False,13,12
2712,False,10,16
2713,False,913,1001
2714,False,11,13
2715,False,3,8
2716,True,"(0,0)","(0,0)"
2717,False,743,747
2718,False,y = 2x,y = 3x
2719,False,5+6\sqrt{2},7+4\sqrt{3}
2720,False,0,\frac{1}{3}
2721,False,\frac{1}{2},\frac{3}{2}
2722,False,19,26
2723,False,2,3
2724,False,3,7
2725,False,2,4
2726,False,7,9
2727,False,163,164
2728,False,269,221
2729,False,3,4
2730,False,\frac{7}{3},\frac{9}{4}
2731,False,10,13
2732,False,\frac{266664}{5},\frac{255553}{5}
2733,False,5,6
2734,False,"1,2","1, 3"
2735,False,\frac{416}{27},4
2736,False,\frac{20}{9},\frac{10}{9}
2737,False,\text{circle},\text{point}
2738,True,1,1
2739,False,\frac{c}{a},\frac{a+b+c}{a}
2740,False,2039191,2041211
2741,False,\frac{3}{2},\frac{5}{2}
2742,False,"(-\infty, -4) \cup (-4, \infty)",-7
2743,False,"(-4,1)","(-3,1)"
2744,False,2,5
2745,False,2,5
2746,False,\sqrt{61},3\sqrt{13}
2747,False,32,243
2748,False,41230,13160
2749,False,112,168
2750,False,50,72
2751,True,\text{parabola},\text{parabola}
2752,False,22,7\sqrt{10}
2753,False,1,0
2754,False,\frac{4}{5},\frac{4}{7}
2755,False,17x-13,17x-19
2756,False,\frac{25}{31},\frac{23}{35}
2757,False,1+\sqrt5,1+\sqrt{3}
2758,False,504,576
2759,False,x^9+6859,x^9+343
2760,False,79,167
2761,False,\frac{1 + \sqrt{2}}{2},\frac{3+3\sqrt{2}}{2}
2762,False,"0,4","0,5"
2763,False,\frac{\sqrt{20201} - 1}{4},\frac{\sqrt{5101}-1}{4}
2764,False,x^2-5,x^2-3
2765,False,40,12
2766,False,\frac{10}{81},\frac{8}{49}
2767,False,40,36
2768,False,2,\dfrac{9}{2}
2769,False,3,6
2770,True,1,1
2771,False,40,56
2772,False,0.61,0.56
2773,False,30,9
2774,True,1,1
2775,False,348,600
2776,False,100,50
2777,False,576,150
2778,False,1,\frac{4}{3}
2779,False,3,1
2780,False,225,132
2781,False,\frac{3125}{46656},\frac{27}{256}
2782,False,2,2\sqrt{2}
2783,True,x^2,x^2
2784,False,450,300
2785,False,4,5
2786,False,4,6
2787,False,x^2-10x+41,x^2-6x+34
2788,False,\text{even},\text{odd}
2789,False,5,6
2790,False,15,\sqrt{40}
2791,False,277,641
2792,False,10,12
2793,False,7,13
2794,False,-1,1
2795,False,3,\dfrac{3}{2}
2796,False,2,-4
2797,False,\sqrt{3},2\sqrt{3}
2798,False,"\frac{9}{4}, -\frac{9}{4}","3, -3"
2799,False,"3, 5, 7","2, 5, 8"
2800,False,5,6
2801,False,996506,796495
2802,False,(a+5)(b+2),(a+7)(b+3)
2803,False,\sqrt{3},2
2804,True,2,2
2805,False,3,4
2806,True,-1,-1
2807,False,0,-\frac{1}{b^2-4ac}
2808,False,9,16
2809,True,7,7
2810,False,\sqrt{14},3\sqrt{2}
2811,False,7,9
2812,False,"-2,-1,1,2","-2,0,2"
2813,True,8,8
2814,True,\text{odd},\text{odd}
2815,False,-2\sqrt7-1,-3\sqrt{5}-2
2816,False,"(-2,1)","(-4,2)"
2817,False,6,5
2818,False,-7,-9
2819,False,25,23
2820,False,17,27
2821,False,"\left(\frac{17}{4},0\right)","\left(\frac{26}{5},0\right)"
2822,False,\frac{25}{2},8
2823,False,1,2
2824,False,2\sqrt5,2\sqrt{10}
2825,False,-14,-56
2826,False,"-8,1","-5, 2"
2827,False,12,24
2828,False,7 \pi,8 \pi
2829,False,25,49
2830,False,\frac{15309}{256},\frac{1215}{64}
2831,False,1,3x + a + b + c
2832,False,\frac{4}{3},\frac{3}{2}
2833,False,29800,7400
2834,False,\sqrt{5} - 1,2\sqrt{5} - 4
2835,False,12,10
2836,False,"(1,-2,2,-3)","(2,-1,1,-3)"
2837,False,\frac{36}{11},\frac{117}{35}
2838,False,\frac43,\frac{5}{3}
2839,False,2,0
2840,False,\overline{CD},\overline{DE}
2841,False,\frac{2}{3},\frac{3}{4}
2842,False,24,20
2843,True,\sqrt{2},\sqrt{2}
2844,False,8,12
2845,False,82,50
2846,False,-9,-8
2847,False,-\sqrt{11}-1,-\sqrt{13}-1
2848,False,x^4 - 4x^3 + 5x^2 + 2x - 1,x^4 - 6x^3 + 5x^2 + 3x - 1
2849,False,\frac{2807}{27},\frac{7729}{16}
2850,False,"(1,4-\sqrt{3})\cup(4+\sqrt{3},7)","(1,5-2\sqrt{2})\cup(5+2\sqrt{2},9)"
2851,False,"(3,4]","(1,4]"
2852,False,\text{odd},\text{even}
2853,True,\text{neither},\text{neither}
2854,False,\frac{1}{2004!},\frac{1}{2006!}
2855,False,15,45
2856,False,3,-3
2857,False,\frac{4}{7},\frac{2}{5}
2858,False,\frac{33}{2},16
2859,False,1999,4001
2860,False,4x+5,4x+7
2861,True,1,1
2862,False,9,4
2863,False,850,610
2864,False,216,150
2865,False,13,12
2866,False,\frac{6}{7},\frac{7}{10}
2867,False,-588,-385
2868,False,24,90
2869,False,2500,1681
2870,False,x^2 - 2x + 8,x^2 - 2x + 10
2871,False,2,6
2872,False,9,4
2873,False,3(x-2)(x+1),5(x-2)(x+1)
2874,False,\frac{99}{100},\frac{49}{50}
2875,False,"(-\frac{3}{2},6)","\left(-\frac{5}{2},8\right)"
2876,False,13535,567
2877,False,13,7
2878,False,"-5, 1, 4","-7, 2, 5"
2879,False,8,9
2880,False,\frac{1}{18},-\frac{1}{3}
2881,False,\frac{19}{540},\frac{1}{30}
2882,False,\text{(C)},\text{(E)}
2883,False,0,2
2884,False,\frac{3}{2},\frac{4}{3}
2885,False,\frac{100}{81},\frac{100}{27}
2886,False,5x^2+21x,5x^2+22x
2887,False,12,16
2888,False,\frac{24}{5},\frac{24}{7}
2889,False,177,179
2890,False,\text{ellipse},\text{point}
2891,False,\sqrt{13},\sqrt{29}
2892,False,-71,64
2893,False,6,4
2894,False,\frac{1}{2 - x},\frac{x+1}{3-x}
2895,True,\text{D},\text{D}
2896,False,1 \pm \sqrt{19},-18
2897,False,12,20
2898,False,\frac{31}{5},\frac{247}{32}
2899,False,3\sqrt3,4\sqrt{3}
2900,False,2,3
2901,True,1,1
2902,False,\text{(P)},\text{(H)}
2903,False,18,6
2904,False,-2016,-2018
2905,False,3,5
2906,False,516,612
2907,False,"(1,-16,-4,43)","(1,-12,-8,27)"
2908,False,1,2
2909,False,1023,255
2910,False,561,33
2911,False,-3,-1
2912,False,"\left(-\tfrac52, -\tfrac52\right)","(2,-\frac{5}{2})"
2913,False,1,-1
2914,False,1 - x,-2
2915,False,936,1872
2916,False,\frac{2}{9},\frac{1}{6}
2917,False,101,1001
2918,True,0,0
2919,False,\frac{700}{3},\frac{1400}{3}
2920,True,0,0
2921,False,90,60
2922,False,"(4,-7)","(6,-3)"
2923,False,"(-\infty,-2] \cup [-1,\infty)","(-\infty,-3]\cup[-2,\infty)"
2924,False,89,188
2925,False,-6,-12
2926,False,6,8
2927,False,\text{even},\text{odd}
2928,False,\frac{3}{2},\frac{5}{2}
2929,False,\frac{11}{65},\frac{7}{29}
2930,False,"0,1",0
2931,False,-3+2i,-5+3i
2932,False,3,4
2933,False,\frac{1}{4},\frac{1}{5}
2934,False,90,97
2935,False,-376,-322
2936,False,"(0,0)","(5,-7)"
2937,False,3,2
2938,True,\text{(B)},\text{(B)}
2939,False,272,210
2940,False,250,686
2941,False,\frac{1}{12},\frac{1}{8}
2942,False,x^2 - 7x + 12,x^2 - 5x + 8
2943,True,3,3
2944,False,2x^{10} + 2x^8 + 2x^6 + 2x^4 + 2x^2 + 2,2x^{12} + 2x^{10} + 2x^8 + 2x^6 + 2x^4 + 2x^2 + 2
2945,False,-\frac{5}{7},-\frac{7}{9}
2946,False,3,2
2947,False,-\frac{1}{7},-\frac{1}{11}
2948,False,"1+\sqrt 2,\ 1-\sqrt 2,\ 2+\sqrt 3,\ 2-\sqrt 3","\frac{5+\sqrt{17}}{2},\ \frac{5-\sqrt{17}}{2},\ \frac{3+\sqrt{13}}{2},\ \frac{3-\sqrt{13}}{2}"
2949,False,15,21
2950,False,-\frac{9}{2},-6
2951,False,\frac{11x + 5}{x - 2},\frac{5x+7}{x-3}
2952,False,229,439
2953,True,\text{odd},\text{odd}
2954,True,1,1
2955,False,840,1680
2956,False,8,4\sqrt{6}
2957,False,(45x + 28)(x + 2),(45x+27)(x+2)
2958,False,-48,-72
2959,False,157,275
2960,False,3980025,1995^3
2961,False,17,22
2962,False,\sqrt{65},2\sqrt{34}
2963,False,9,13
2964,True,-\frac{2010012}{2010013},-\frac{2010012}{2010013}
2965,False,6,15
2966,True,9,9
2967,False,2 \pi + 4,\pi + 2
2968,False,2004 \sqrt{2} - 2003,3000\sqrt{2}-2999
2969,False,"(-5,-7)","(-5,-9)"
2970,False,363,99
2971,False,-64,-81
2972,False,"-4, -3, -1, 1, 2, 5",56
2973,False,3,2
2974,False,-8,-12
2975,False,\frac{5}{12},\frac{3}{20}
2976,False,49,59
2977,True,\text{ellipse},\text{ellipse}
2978,False,4036,4040
2979,False,"[-13,3]","[-17,13]"
2980,False,12\pi,8\pi
2981,False,-2,-3
2982,False,-\frac{1}{2},-\frac{2}{3}
2983,False,"(-\infty, -2] \cup [2, \infty)","[-3, -\frac{3}{2}]"
2984,False,3,5
2985,False,\frac{25}{13},\frac{13}{7}
2986,False,x^3 - 3x^2 + 9x - 9,x^3 - 3x^2 + 12x - 16
2987,False,104,40
2988,False,\frac{3}{7},\frac{3}{4}
2989,False,111,936
2990,False,49,98
2991,False,2,\frac{1}{2}
2992,False,\frac{4}{3},\frac{9}{5}
2993,False,2,8
2994,False,898,1098
2995,False,-99,-365
2996,False,2,3
2997,False,30,35
2998,True,-1,-1
2999,False,\frac{32\pi}{81},\frac{256\pi}{81}
3000,False,\frac{24}{5},\frac{120}{17}
3001,False,"2, -3, 4","2, -3, 5"
3002,False,28,45
3003,False,50,60
3004,False,"(-\infty, \tfrac37] \cup [\tfrac35, \infty) ","(-\infty, \tfrac{2}{7}] \cup [\tfrac{2}{5}, \infty)"
3005,True,1,1
3006,False,"1,2,-2,-3","1, 2, -2, -4"
3007,False,-3,-5
3008,False,18,20
3009,False,-5,-8
3010,False,25,47
3011,False,"\left[ -\frac{1}{2}, \frac{1}{2} \right]","[-1, 1]"
3012,False,"24,-3","46,-3"
3013,True,1,1
3014,False,-3(x+2)(x-1),-\frac{12}{5}(x+2)(x-1)
3015,False,-2n^2 - n,2n^2+3n+1
3016,False,8\sqrt2,8\sqrt{2}
3017,False,\text{(A)},\text{(C)}
3018,False,17,7
3019,False,"(6,31,-1)","(-10, 17, -8)"
3020,False,\frac{17}{21},\dfrac{23}{50}
3021,True,7,7
3022,True,1,1
3023,False,30,36
3024,False,16,32
3025,True,"[0,\infty)","[0,\infty)"
3026,False,12,36
3027,False,\frac{2}{r},\frac{3}{r}
3028,False,"6 + 8i, 6 + 17i","6 + 5i, 6 + 20i"
3029,True,"\frac{1}{2}, 1, 2","\frac{1}{2}, 1, 2"
3030,False,-\frac{9}{4},-\frac{11}{9}
3031,False,"3, -\frac{1}{3}","0, \frac{10}{3}"
3032,False,-375 + 500i,375 + 500i
3033,False,"3i,-3i","4i,-4i"
3034,False,"[0,25]","[0,49]"
3035,False,\frac{16}{5},4
3036,False,"[46, \infty)","[54, \infty)"
3037,False,3,1
3038,False,y = x+3,y = x+4
3039,False,340,1316
3040,False,-4,-2
3041,False,553,343
3042,False,\frac{1}{11},\frac{2}{17}
3043,False,\frac{1}{11},\frac{1}{14}
3044,False,499,586
3045,False,70,105
3046,False,44,21
3047,False,1440,2441
3048,False,6,4
3049,False,18,7
3050,False,129,155
3051,False,2,1
3052,False,48,24
3053,False,10,14
3054,False,1,4
3055,False,71,43
3056,False,12,24
3057,False,9,7
3058,False,2220,20020
3059,False,12,15
3060,False,6,7
3061,False,21022,10198
3062,False,25,29
3063,False,52,64
3064,False,9,4
3065,False,8,12
3066,False,13,11
3067,False,203,175
3068,False,60,30
3069,False,236,256
3070,False,3,4
3071,False,75,63
3072,False,17,7
3073,False,20,40
3074,False,9,5
3075,False,\frac{1}{3},\frac{1}{4}
3076,False,11189,11299
3077,False,6,12
3078,False,-221_3,-1012_3
3079,False,4,2
3080,False,202,1571
3081,False,\frac{3280}{999},\frac{4567}{999}
3082,False,4,5
3083,False,201,231
3084,False,"12,\!000,\!085","49,\!561"
3085,False,18 \text{ integers},16
3086,False,6,1
3087,False,\text{Friday},\text{Thursday}
3088,False,12,3
3089,False,5,4
3090,False,31,32
3091,False,6,8
3092,False,\text{Saturday},\text{Thursday}
3093,False,11,13
3094,False,a=9,a=7
3095,False,7,8
3096,False,0,10
3097,False,2112_6,3403_6
3098,False,190,220
3099,False,1076,1023
3100,False,7,8
3101,False,17,13
3102,False,201,255
3103,True,4,4
3104,False,128,155
3105,False,2,5
3106,False,66,68
3107,False,3,5
3108,False,32,31
3109,False,12,14
3110,False,1,3
3111,True,2,2
3112,False,5636,6664
3113,False,235,159
3114,False,\frac{1}{3},\frac{1}{9}
3115,False,11,8
3116,False,60,72
3117,False,7,8
3118,False,0.0011_{2},0.00101_2
3119,False,53,110
3120,False,12,8
3121,False,88,44
3122,False,16592,12681
3123,True,"\text{C,E}","\text{C,E}"
3124,False,\frac{1}{4},\frac{1}{8}
3125,True,6,6
3126,False,103,104
3127,True,512,512
3128,False,\text{Friday},\text{Saturday}
3129,False,6,8
3130,False,16,9
3131,False,10901,10101
3132,True,12,12
3133,False,1,6
3134,True,6,6
3135,False,503,540
3136,False,2000,10
3137,False,13,11
3138,False,7,6
3139,False,"8{,}880","17{,}760"
3140,False,4,6
3141,False,1,3
3142,False,2743,1727
3143,False,1200_7,1100_7
3144,False,1155,1248
3145,False,935,855
3146,False,13,3
3147,False,6152,10184
3148,False,11,15
3149,False,144,324
3150,False,104,112
3151,False,9,12
3152,False,7602_8,7153_8
3153,True,0,0
3154,False,777,555
3155,False,40,210
3156,True,100,100
3157,True,4,4
3158,False,\text{Sunday},\text{Thursday}
3159,False,1101_4,312_4
3160,True,10,10
3161,True,0,0
3162,False,990,988
3163,False,-36,-9
3164,True,46,46
3165,False,204_5,121_5
3166,False,8,60
3167,False,24,6
3168,False,97,61
3169,False,3,0
3170,True,3,3
3171,False,2,0
3172,False,10,8
3173,False,100,80
3174,False,5,8
3175,False,16,11
3176,False,7,6
3177,False,8,5
3178,False,109,15
3179,False,42,21
3180,False,8,12
3181,True,8,8
3182,True,7,7
3183,True,4,4
3184,False,3,7
3185,False,11,10
3186,False,64,59
3187,True,0,0
3188,False,10,12
3189,True,129,129
3190,False,321,316
3191,False,42,41
3192,True,7,7
3193,False,222,444
3194,False,4210_{7},4211_{7}
3195,False,17,19
3196,False,66,54
3197,False,6,5
3198,True,3,3
3199,False,48,39
3200,False,13,17
3201,True,25_{6},25_{6}
3202,False,8,10
3203,True,"10,\!236","10,\!236"
3204,False,7,32
3205,False,"40,\!000","80,\!000"
3206,False,A,T
3207,False,611,811
3208,False,4,2
3209,False,11010_2,111001_2
3210,False,14,16
3211,False,1,6
3212,False,6,4
3213,False,11,10
3214,False,12,36
3215,True,2,2
3216,False,4,6
3217,False,1202_3,1222_3
3218,False,7,10
3219,False,8,0
3220,False,14,13
3221,False,695,606
3222,False,30,33
3223,False,20,15
3224,False,8,4
3225,False,1241,4096
3226,False,2,1
3227,False,11,8
3228,False,248,252
3229,False,141_{13},214_{13}
3230,False,7,0
3231,False,5,4
3232,False,1,2
3233,False,12,10
3234,False,29,25
3235,False,116,14
3236,False,16,17
3237,False,2,4
3238,False,1,4
3239,False,4,3
3240,False,2,1
3241,False,5,6
3242,False,2,6
3243,False,8,5
3244,False,3,1
3245,False,6,8
3246,False,4,8
3247,False,45,70
3248,False,506_7,606_7
3249,False,59,53
3250,False,52,58
3251,False,3255,17157
3252,True,0,0
3253,False,60,80
3254,False,5,6
3255,False,1112112_3,220001_3
3256,False,18,27
3257,False,2079,2310
3258,False,8,4
3259,False,1,3
3260,False,6,4
3261,False,5,4
3262,False,4096,32768
3263,False,5,7
3264,False,5,6
3265,False,0,8
3266,False,2,1
3267,False,111,47
3268,False,13,14
3269,False,6710,5372
3270,False,0,1
3271,False,7,8
3272,False,91,90
3273,False,34,45
3274,False,1058,7
3275,False,5,4
3276,False,10,11
3277,False,6,9
3278,False,6,4
3279,False,\frac{152}{225},\frac{13}{20}
3280,False,57,181
3281,False,76,123
3282,False,4,1
3283,False,226,211
3284,False,89,43
3285,True,0,0
3286,False,13,8
3287,False,0,2
3288,False,5,9
3289,False,0,3
3290,False,144,121
3291,False,240,120
3292,False,24,18
3293,False,338,464
3294,False,0,1
3295,False,21,3
3296,False,3032_5,3023_5
3297,False,3,4
3298,False,729,4096
3299,False,4343_6,4040_6
3300,False,"90{,}900{,}909","89{,}100{,}891"
3301,False,0,2
3302,False,0.8,0.8\overline{3}
3303,False,9,7
3304,False,4,6
3305,False,8,6
3306,True,0,0
3307,False,10,7
3308,True,4,4
3309,True,\frac{1}{3},\frac{1}{3}
3310,False,\text{Sunday},\text{Wednesday}
3311,False,108,120
3312,True,3,3
3313,False,270,201
3314,False,15,18
3315,False,5,6
3316,True,72,72
3317,False,.35625,.39375
3318,False,13,14
3319,False,9,10
3320,False,"11,\! 111,\! 111,\! 100","100{,}100"
3321,False,62,74
3322,False,44,62
3323,False,25,41
3324,False,233,211
3325,False,8,12
3326,True,5,5
3327,False,20,30
3328,False,14,17
3329,False,63,60
3330,True,14,14
3331,False,3,1
3332,False,78,90
3333,False,31,37
3334,False,23,59
3335,True,9,9
3336,False,2016,4050
3337,False,668,882
3338,False,\text{M},\text{A}
3339,False,17,14
3340,False,3,1
3341,False,\frac{639}{40},\frac{567}{40}
3342,False,40_9,43_9
3343,True,1,1
3344,False,1,6
3345,False,16,14
3346,False,"85,\!184","83,\!521"
3347,False,740,11
3348,False,4,5
3349,False,2,3
3350,False,3,1
3351,True,4,4
3352,False,58,75
3353,False,9,22
3354,True,27,27
3355,False,108,4
3356,False,16,24
3357,False,556,1219
3358,False,64,729
3359,False,6,4
3360,False,6,8
3361,False,43,9
3362,False,8,42
3363,False,12,6
3364,False,10000_2,10001_2
3365,False,27,125
3366,False,2516_8,2632_8
3367,False,2,0
3368,False,8,10
3369,False,18,20
3370,False,4,5
3371,False,\text{Friday},\text{Sunday}
3372,False,22,30
3373,False,"6,\!000","5,\!400"
3374,False,42_7,51_7
3375,False,1030,377
3376,False,\frac19,\frac{1}{3}
3377,False,406,90
3378,True,5,5
3379,False,123,223
3380,False,49,121
3381,False,5,1
3382,False,12,7
3383,False,127,53
3384,False,10,17
3385,False,14,4
3386,False,\frac{6}{11},\frac{8}{11}
3387,True,1,1
3388,False,160,96
3389,False,8,9
3390,False,4,3
3391,False,365,385
3392,False,9,12
3393,False,38,25
3394,False,37,89
3395,False,8_9,17_9
3396,False,4,7
3397,False,0,5
3398,True,1,1
3399,False,1,2
3400,False,5,1
3401,False,1147,2021
3402,False,29,28
3403,False,19,7
3404,False,.0000672,.0000336
3405,False,10,9
3406,False,1,3
3407,False,0,11
3408,False,5,3
3409,False,3,0
3410,False,12,14
3411,False,2,4
3412,False,7,4
3413,False,41,43
3414,False,144,720
3415,False,6,2
3416,False,49,37
3417,False,3,0
3418,False,18,12
3419,False,36,18
3420,False,333,857
3421,False,12,18
3422,False,39,20
3423,False,2,3
3424,False,7,8
3425,False,9,6
3426,True,0,0
3427,False,1,4
3428,False,8,1
3429,False,2,3
3430,False,12,3
3431,False,7,10
3432,False,"987,\!436","987,\!524"
3433,False,5,4
3434,False,12,16
3435,False,1,5
3436,False,\text{Tuesday},\text{Thursday}
3437,False,36,16
3438,False,2,1
3439,False,120,168
3440,False,59,79
3441,False,443_5,1002_5
3442,False,2,5
3443,False,24,72
3444,False,4,2
3445,False,3,2
3446,False,314,89
3447,False,255,1023
3448,False,385_9,408_9
3449,False,8,9
3450,False,106,101
3451,False,319,276
3452,False,\frac78,\frac{2}{3}
3453,False,40,45
3454,False,5,2
3455,False,225,675
3456,False,35,40
3457,False,754,1004
3458,False,72,60
3459,False,0,2
3460,False,121,169
3461,False,352,497
3462,False,3,5
3463,False,2145,2200
3464,False,8,49
3465,False,715,481
3466,False,2,3
3467,False,284,220
3468,False,0,1
3469,True,0,0
3470,False,687,898
3471,False,1681,97
3472,False,621,921
3473,False,202,284
3474,False,13,17
3475,False,142,128
3476,False,8,4
3477,False,10,9
3478,True,2,2
3479,False,-449,-224
3480,False,9,0
3481,False,1950,2450
3482,False,35,30
3483,False,144,324
3484,False,43,73
3485,False,\frac{5}{9},\frac{7}{9}
3486,False,31,30
3487,False,15,21
3488,False,2,1
3489,False,801,873
3490,True,0,0
3491,False,119,92
3492,False,2,6
3493,False,8,16
3494,False,100100,100010
3495,False,12,8
3496,False,102,170
3497,False,22,21
3498,False,8,4
3499,False,42,72
3500,False,4,3
3501,False,143,91
3502,False,18,120
3503,False,6,8
3504,False,216,384
3505,False,451,361
3506,False,39,59
3507,False,6,8
3508,False,5,4
3509,False,52,21
3510,False,313,469
3511,False,4210_{5},11102_{5}
3512,False,15,315
3513,False,53,68
3514,False,9,11
3515,False,664_7,505_7
3516,False,60,48
3517,False,33,24
3518,False,17,13
3519,False,52_8,43_8
3520,False,4,1
3521,False,981,5136
3522,False,69,53
3523,False,14.8,15.5
3524,False,12,16
3525,True,0,0
3526,False,\mbox{Saturday},\mbox{Friday}
3527,False,215,305
3528,False,6,0
3529,False,900,75
3530,False,231,308
3531,False,34,30
3532,True,8000,8000
3533,False,0,2
3534,True,30,30
3535,False,3,2
3536,True,20,20
3537,False,2,3
3538,False,3224,2028
3539,True,3,3
3540,False,"1,\!000,\!000,\!000","2,\!097,\!152"
3541,False,9,7
3542,False,\frac{1}{4},\frac{1}{20}
3543,False,5,12
3544,False,15,5
3545,False,3504,3461
3546,False,122,82
3547,False,4,12
3548,False,3,2
3549,False,49,25
3550,False,3300,300
3551,False,90,142
3552,False,100,106
3553,False,2,4
3554,False,73,89
3555,False,1016,1038
3556,False,6,8
3557,False,4130_5,10201_5
3558,True,9,9
3559,True,10,10
3560,False,41,118
3561,False,1,3
3562,True,7,7
3563,False,40,45
3564,False,4,3
3565,True,3,3
3566,True,3,3
3567,False,152A_{11},163A_{11}
3568,True,6,6
3569,True,7,7
3570,False,1,5
3571,True,2,2
3572,False,22,87
3573,False,7,4
3574,False,6,4
3575,False,31,33
3576,False,105,42
3577,True,5\text{ digits},5\text{ digits}
3578,False,1,3
3579,False,15,21
3580,True,841,841
3581,False,0,1
3582,True,3,3
3583,False,4,5
3584,False,-30,-45
3585,False,2520,840
3586,False,\frac{270}7\text{ degrees},30
3587,False,162\text{ minutes},150\text{ minutes}
3588,False,\frac{1}{2},\frac{1}{3}
3589,True,\frac{1}{2},\frac{1}{2}
3590,False,40,50
3591,False,36,30
3592,False,\frac{16}{81},\frac{81}{256}
3593,False,1320,1584
3594,False,5,6
3595,True,25,25
3596,False,120^\circ,140
3597,False,120,150
3598,False,6,8
3599,False,-3,-5
3600,False,15,21
3601,False,\frac{13}{5},\frac{9}{4}
3602,False,35,48
3603,True,13,13
3604,False,5.4 \text{ cents},5.3 \text{ cents}
3605,False,16,24
3606,False,\frac{4}{5},\frac{3}{4}
3607,False,\text{east},\text{south}
3608,False,352,280
3609,False,891,845
3610,False,\frac{3}{8},\frac{1}{2}
3611,False,3.24,3.36
3612,True,7,7
3613,True,0,0
3614,False,13,14
3615,False,\frac{2}{5},\frac{1}{10}
3616,False,6,30
3617,False,9,16
3618,False,162,9
3619,False,75,84
3620,False,6,10
3621,False,2,\frac{5}{2}
3622,False,41,10
3623,False,\dfrac{3}{13},\dfrac{9}{13}
3624,False,6,7.2
3625,False,5,6
3626,True,80,80
3627,False,90,128
3628,False,11+x,x+14
3629,False,\frac{1}{4},\frac{1}{6}
3630,False,111,142
3631,False,160,175
3632,False,4\sqrt{2},5\sqrt{2}
3633,False,\dfrac{3}{50},\dfrac{3}{25}
3634,False,-16,-21
3635,False,288,420
3636,True,3,3
3637,False,120,67.5
3638,False,26\pi,22\pi
3639,False,69,88
3640,False,\frac{2}{9},\frac{7}{31}
3641,False,\text{C},\text{B}
3642,True,64,64
3643,False,127,135
3644,False,10,7.5
3645,False,6,8
3646,True,60,60
3647,False,15\mbox{ cm}^2,24\mbox{ cm}^2
3648,False,60,90
3649,False,60,100
3650,False,5937,9895
3651,False,8,7
3652,True,8,8
3653,False,55,75
3654,False,563.51,847.26
3655,False,12\text{ and }13,11\text{ and }12
3656,False,162,255
3657,False,7,11
3658,False,64,120
3659,False,\frac{11}{100},\frac{4}{25}
3660,False,7004,6004
3661,True,"10{,}000","10{,}000"
3662,False,27,64
3663,False,336,720
3664,False,5,4
3665,False,45,30
3666,False,53,48
3667,False,6,8
3668,False,8,12
3669,True,4,4
3670,False,8,12
3671,False,36,45
3672,False,8,7
3673,True,14,14
3674,True,0,0
3675,False,10,12
3676,False,1093,1092
3677,False,1.4,7
3678,False,\frac{7}{20},\frac{1}{4}
3679,False,\frac{36}{121},\frac{25}{49}
3680,False,135\text{ square feet},112\text{ square feet}
3681,False,5,13
3682,False,20,26
3683,False,133,134
3684,False,5,6
3685,False,13,14
3686,False,-13,-19
3687,False,12,10
3688,False,62,423
3689,False,5x-3,7x-2
3690,False,\frac{2}{3},\frac{1}{2}
3691,False,900,9000
3692,False,16,20
3693,False,58,57
3694,False,2,3
3695,False,12\text{ degrees},12
3696,False,103041,205379
3697,False,15,18
3698,False,60,360
3699,False,21,25
3700,False,21,36
3701,False,36,64
3702,False,\frac{3x^2}{2},2x^2
3703,False,126,72
3704,False,18,40
3705,False,9,10
3706,False,31,199
3707,False,60^\circ,50
3708,False,\frac{7}{8},\frac{5}{6}
3709,False,33,45
3710,False,90,120
3711,False,\$36,\$30
3712,False,"30,\!240","5,\!040"
3713,True,298,298
3714,True,19,19
3715,True,15,15
3716,False,10\sqrt{2},12\sqrt{2}
3717,True,-7,-7
3718,False,21,19
3719,False,-15,-18
3720,False,8,10
3721,False,156^\circ,144
3722,True,82,82
3723,False,72,84
3724,False,\frac{4}{5},\frac{3}{5}
3725,False,60,96
3726,False,54,45
3727,False,980,1932
3728,False,1208,740
3729,True,40,40
3730,False,10,2
3731,False,240,180
3732,False,2,4
3733,False,6,9
3734,False,16\pi,36\pi
3735,False,2,5
3736,False,2.7,3.5
3737,False,108,118
3738,False,5,10
3739,True,-5^\circ,-5^\circ
3740,False,8,9
3741,False,200,400
3742,False,625,125
3743,False,13,101
3744,False,\frac{10}{3},\frac{20}{3}
3745,False,23,13
3746,False,420,280
3747,False,25,30
3748,False,12,9
3749,False,\frac{2}{5},\frac{4}{5}
3750,False,264,165
3751,False,\text{Dana},\text{Anna}
3752,False,\frac{13}{15},\frac{13}{20}
3753,False,16+12\sqrt{2},24 + 18\sqrt{2}
3754,False,351,429
3755,False,9,16
3756,False,70,54
3757,True,9,9
3758,False,24,16
3759,False,5,7
3760,False,3.7,4.0
3761,False,1056,756
3762,False,51,63
3763,False,\$7.50,\$7.20
3764,False,135,144
3765,False,9,20
3766,False,130,115
3767,False,52,68
3768,False,9,10
3769,False,15x - 80,16x - 45
3770,False,\text{1:03 PM},\text{1:25 PM}
3771,False,18,24
3772,False,4.5,6.0
3773,False,11\sqrt2,13\sqrt{2}
3774,False,144,120
3775,False,162,180
3776,False,9,7
3777,False,76,76.4
3778,False,10,15
3779,False,4,5
3780,False,7,5
3781,False,130,145
3782,False,4a-2,4a - 4
3783,False,1\frac{9}{10},2\frac{1}{3}
3784,False,14,18
3785,True,m+2,m+2
3786,True,1,1
3787,False,70,74
3788,False,4,3
3789,False,9604,7203
3790,True,2,2
3791,False,12,15
3792,False,87,89
3793,False,1001,1008
3794,False,"5,\!040",720
3795,False,8,9
3796,False,\frac{5}{8},\frac{3}{5}
3797,False,36,60
3798,False,25,30
3799,False,\frac{5}{12},\frac{13}{12}
3800,False,12,18
3801,False,70,60
3802,False,4,5
3803,False,100,98
3804,False,0,22
3805,False,\frac{4}{9},\frac{3}{7}
3806,False,12\pi,27\pi
3807,False,50,98
3808,False,\frac{21}{2}\pi,9\pi
3809,False,6,8
3810,False,52,60
3811,False,7,9
3812,False,5.5,5.0
3813,True,0,0
3814,False,19,44
3815,False,2,3
3816,False,76,62
3817,False,36,55
3818,False,3,5
3819,False,4,5
3820,False,5,6
3821,False,12,16
3822,True,5,5
3823,False,3.25\text{ dollars},4.00\text{ dollars}
3824,False,83,87
3825,False,21,24
3826,False,225,81
3827,False,0.73,0.84
3828,False,3,2
3829,False,\dfrac{1}{9},\dfrac{1}{6}
3830,False,20,10
3831,True,28\%,28\%
3832,False,\frac{1}{8},\frac{1}{16}
3833,False,800,1800
3834,True,10,10
3835,False,22,4
3836,False,56,62
3837,False,4,10
3838,False,36,18
3839,False,25\%,75\%
3840,False,3,\frac{15}{2}
3841,False,105,60
3842,False,49,69
3843,False,\frac{64}{343},\frac{125}{343}
3844,False,2100,6300
3845,False,"111, \! 111, \! 111","44{,}444{,}444"
3846,False,9,6
3847,False,12,6
3848,False,75,225
3849,False,12\pi,9\pi
3850,False,200,128
3851,False,30\%,15\%
3852,False,8,7
3853,False,107,41
3854,True,270,270
3855,False,14\sqrt{15},15\sqrt{15}
3856,True,6,6
3857,False,30,20
3858,False,80,28
3859,False,66,91
3860,False,16,20
3861,False,198\%,200\%
3862,True,2,2
3863,False,4007,6011
3864,False,14,17
3865,False,\frac{7}{8},\frac{11}{18}
3866,False,40,64
3867,False,777,888
3868,False,48,63
3869,False,\frac{5}{2},\frac{7}{3}
3870,False,24,30
3871,False,10,16
3872,True,6,6
3873,False,108,90
3874,False,37.50,39.00
3875,False,139^\circ,135^\circ
3876,False,97,99
3877,False,30,40
3878,False,\frac{1}{8},\frac{1}{9}
3879,True,\text{ACF},\text{ACF}
3880,False,\$6,\$8
3881,False,\text{4:30 p.m.},\text{4:45 p.m.}
3882,True,1,1
3883,True,14,14
3884,False,\frac{5}{6},\frac{7}{12}
3885,False,16,18
3886,True,4,4
3887,False,3,4
3888,False,330,440
3889,True,1,1
3890,False,14,17
3891,False, 5,9
3892,False,61,37
3893,False,18,24
3894,True,4,4
3895,False,6,8
3896,False,8,9
3897,False,15,26
3898,False,\frac{27}{128},\frac{8}{375}
3899,False,80,96
3900,False,-\frac{16}{63},-\frac{9}{20}
3901,False,\frac{6\sqrt{10}}{7},\sqrt{15}
3902,False,5,4
3903,True,0.4,0.4
3904,True,8,8
3905,True,-2,-2
3906,False,2,1
3907,False,8,18
3908,False,2,3
3909,False,2\sqrt{10},3\sqrt{10}
3910,True,78,78
3911,True,45,45
3912,True, \frac{1}{13},\frac{1}{13}
3913,False,7\pi,15\pi
3914,False,"15,\!625",8000
3915,False,3,4
3916,False,3,\sqrt{11}
3917,False,12 \text{ gm},14 \text{ gm}
3918,False,\frac32,\frac{3}{2}
3919,False,16.75,20.55
3920,False,10,6
3921,True,9 \text{ multiples},9 \text{ multiples}
3922,True,10,10
3923,False,\frac 59,\frac{2}{3}
3924,False,140,150
3925,False,\frac{1}{11},\frac{1}{10}
3926,False,8\pi,12\pi
3927,False,120,126
3928,False,8,9
3929,False,70,120
3930,False,0.303,0.707
3931,False,-89,-59
3932,False,36^\circ,30^\circ
3933,False,234,306
3934,True,-2,-2
3935,True,3,3
3936,False,"14{,}916","16{,}716"
3937,False,78,84
3938,False,3,4
3939,False,80,65
3940,False,120^\circ,135^\circ
3941,False,5,7
3942,False,1.25,1.49
3943,False,11,10
3944,False,8,12
3945,False,4,5
3946,False,9,12
3947,True,5999,5999
3948,False,\frac{4}{35},\frac{7}{24}
3949,False,68,72
3950,False,2,4
3951,False,60,120
3952,False,150,135
3953,False,132,136
3954,True,-1,-1
3955,True,45\text{ mph},45\text{ mph}
3956,False,105,210
3957,False,55,65
3958,False,\frac{3}{4},\frac{2}{3}
3959,True,15,15
3960,False,180,212
3961,True,4,4
3962,False,27,36
3963,False,\frac{1}{2},\frac{5}{12}
3964,False,10^\circ,70^\circ
3965,False,4,9
3966,False,28,25
3967,True,5,5
3968,True,20,20
3969,True,180,180
3970,False,192,18954
3971,False,11 \frac{2}{3},10
3972,True,2,2
3973,False,1.21,1.27
3974,False,448,180
3975,False,\frac{3}{5},\frac{2}{5}
3976,False,80^{\circ},70^{\circ}
3977,False,3,0
3978,True,20,20
3979,False,\frac{1}{108},\frac{5}{2592}
3980,False,9c+6,9c+9
3981,True,25\%,25\%
3982,False,42,54
3983,False,9,8
3984,True,2,2
3985,False,6290000,4520000
3986,True,1,1
3987,True,-5,-5
3988,False,16,81
3989,False,10,11
3990,False,32,72
3991,False,12\frac{3}{5},7\frac{5}{6}
3992,False,7,5
3993,False,735,856
3994,True,80,80
3995,False,12\sqrt{5},14\sqrt{5}
3996,False,-\frac{40}{153},-\frac{42}{143}
3997,False,-18,-12
3998,False,9,12
3999,False,\dfrac{17}{50},\dfrac{17}{100}
4000,True,"50,\!625","50,\!625"
4001,False,1,2
4002,True,1,1
4003,True,45,45
4004,True,17,17
4005,True,\frac{1}{3},\frac{1}{3}
4006,False,24.1,24.8
4007,False,1080,900
4008,False,5,19
4009,False,10,12
4010,True,23,23
4011,False,4,6
4012,False,24,25
4013,False,\frac{137}{111},\frac{781}{333}
4014,False,40\text{ points},50\text{ points}
4015,True,4,4
4016,False,9,7
4017,False,97969,85264
4018,False,\$2.50,\$6.00
4019,True,\dfrac{1}{6},\dfrac{1}{6}
4020,False,16,25
4021,False,7,12
4022,False,180,120
4023,False,3400,2300
4024,False,118^{\circ},122^{\circ}
4025,False,27,32
4026,False,21,22
4027,False,33 \frac{1}{3},41 \frac{2}{3}
4028,False,18\text{ hours},20\text{ hours}
4029,True,12,12
4030,True,1500,1500
4031,False,18,30
4032,False,3,2
4033,False,1\frac{1}{4},1\frac{1}{2}
4034,False,6,8
4035,False,10,12
4036,True,-9,-9
4037,False,17\text{ meters},25\text{ meters}
4038,False,5,8
4039,False,\frac{1}{6},\frac{3}{13}
4040,True,\text{Devon},\text{Devon}
4041,False,56,90
4042,False,\dfrac{33}{100},\dfrac{7}{50}
4043,True,3,3
4044,False,5321,7243
4045,False,100\text{ square units},64\text{ square units}
4046,True,1,1
4047,False,200,300
4048,False,7.78,8.57
4049,False,3380,14196
4050,False,150,200
4051,True,2,2
4052,False,117,84
4053,True,1.125,1.125
4054,False,286,429
4055,False,\frac{3}{2},\frac{4}{3}
4056,True,20,20
4057,False,29,41
4058,False,8,9
4059,False,133,134
4060,False,12,6
4061,False,20,54
4062,False,44,60
4063,False,\dfrac{25}{52},\dfrac{7}{13}
4064,True,19,19
4065,False,\frac{8}{21},\frac{21}{55}
4066,False,\frac{3}{4},1
4067,False,"32,\!000","40,\!000"
4068,False,1518,162
4069,False,7,8
4070,False,24,32
4071,False,326.5,444.5
4072,False,23,37
4073,False,\frac12,-\frac{1}{3}
4074,True,1,1
4075,False,256,1024
4076,False,24,30
4077,False,512,81\sqrt{3}
4078,False,\dfrac{5}{9},\dfrac{7}{9}
4079,False,\frac{1}{9},\frac{1}{16}
4080,False,15,12
4081,True,36^\circ,36^\circ
4082,True,\frac{1}{2},\frac{1}{2}
4083,True,\text{A},\text{A}
4084,False,6,7
4085,False,192,240
4086,True,0,0
4087,False,\frac{24}{7},\frac{36}{5}
4088,True,29,29
4089,False,\frac{7}{4},\frac{17}{9}
4090,False,120,135
4091,False,12\sqrt{35},12\sqrt{5}
4092,False,12,36
4093,False,2,3
4094,True,3,3
4095,False,216,343
4096,False,\dfrac{1}{16},\dfrac{1}{32}
4097,False,12,20
4098,False,97,89
4099,False,68,76
4100,False,169,256
4101,False,4t,6t
4102,False,510,600
4103,False,30,10
4104,False,\sqrt{53},\sqrt{59}
4105,True,1,1
4106,False,16,18
4107,False,100,120
4108,False,78,84
4109,False,165,264
4110,False,\frac{1}{2},\frac{3}{8}
4111,True,1:1,1:1
4112,False,5\sqrt{21},7\sqrt{6}
4113,False,135^\circ,144^\circ
4114,False,147,144
4115,False,89898,88988
4116,False,84.5,96.3
4117,False,20\text{ degrees},160\text{ degrees}
4118,False,8\frac47,9\frac{2}{9}
4119,False,10,13
4120,False,8\sqrt{3},12\sqrt{2}
4121,False,564,748
4122,False,73,85
4123,False,6\sqrt{7},5\sqrt{7}
4124,False,666000,738000
4125,False,10,22.5
4126,False,\frac{3}{5},\frac{11}{20}
4127,False,12,11
4128,False,28,33
4129,False,\sqrt{6},2\sqrt{6}
4130,False,25,40
4131,True,.38,.38
4132,False,180,300
4133,False,\frac{19}{330},\frac{7}{110}
4134,False,"90\text{ square
units}",160\text{ square units}
4135,False,20,15
4136,False,25,49
4137,False,\frac{5}{9},\frac{2}{3}
4138,False,628,314
4139,False,\frac{1}{36},\frac{1}{64}
4140,False,10,14
4141,False,11,1
4142,False,46,49
4143,False,27,81
4144,False,5,1
4145,False,49\pi,64\pi
4146,False,\sqrt{6},2\sqrt{6}
4147,False,\frac{23}{7},\frac{7}{3}
4148,False,30,36
4149,False,17,29
4150,False,3,6
4151,False,33\sqrt{30},70\sqrt{5}
4152,False,-4,-6
4153,False,32,18
4154,False,949,938
4155,True,2,2
4156,False,8\sqrt{3},\frac{25\sqrt{3}}{2}
4157,False,1251,1112
4158,True,2k+2,2k+2
4159,False,7\%,8\%
4160,False,7,9
4161,False,"32,\!760","11,\!880"
4162,False,2013,3009
4163,False,23,17
4164,False,75\%,80\%
4165,False,680,900
4166,False,30^\circ,20^\circ
4167,False,27,44
4168,False,0.6,0.7
4169,False,4.95,5.95
4170,False,80,90
4171,True,10,10
4172,False,49,81
4173,False,40,50
4174,False,\frac{11}{15},\frac{17}{20}
4175,False,15,21
4176,False,15,20
4177,False,\frac{16}{27},\frac{8}{9}
4178,False,84,90
4179,False,90,80
4180,False,2560,3840
4181,False,4,6
4182,False,\frac{9}{56},\frac{17}{56}
4183,False,2,\frac{10}{3}
4184,False,19,29
4185,False,17,11
4186,False,-99,-77
4187,False,7,11
4188,False,-2x + 20,-3x + 18
4189,True,1,1
4190,True,\text{Navin},\text{Navin}
4191,False,10,14
4192,False,\text{MAKE},\text{AGIO}
4193,False,\frac{8}{21},\frac{5}{14}
4194,False,"5,\!460","13,\!680"
4195,False,24,120
4196,False,8x -1,9x - 2
4197,False,402,602
4198,False,18,28
4199,False,247000,250000
4200,False,37,43
4201,False,72,96
4202,False,2\sqrt3,3\sqrt{3}
4203,True,A,A
4204,False,F,B
4205,False,18,24
4206,False,4,5
4207,False,6,8
4208,False,1.36,2.27
4209,False,\sqrt{6} + 3\sqrt{2},2\sqrt{6} + 6\sqrt{2}
4210,False,4.5,6.5
4211,False,957,1023
4212,False,140,164
4213,False,32,43
4214,False,\frac{12}{13},\frac{30}{31}
4215,True,16,16
4216,False,24,40
4217,False,\frac{1}{6},\frac{1}{9}
4218,False,90,85
4219,False,448,482
4220,False,7,17
4221,False,5,10
4222,False,550,450
4223,False,24,30
4224,False,8,9
4225,False,156^\circ,108^\circ
4226,False,14+7\sqrt{2},16+8\sqrt{2}
4227,False,\frac{11}{16},\frac{7}{12}
4228,False,32-8\pi,72-18\pi
4229,False,100,129
4230,False,636,708
4231,False,22,26
4232,False,36,64
4233,False,157,197
4234,True,2x,2x
4235,False,90,132
4236,False,900,44100
4237,False,3,4.5
4238,False,10090,590
4239,False,13,15
4240,False,\frac{9}{10},\frac{3}{4}
4241,False,105,70
4242,False,22,30
4243,False,78,117
4244,False,36\sqrt{3},25\sqrt{3}
4245,False,144,120
4246,False,52,64
4247,True,8,8
4248,False,-30,-24
4249,False,36,64
4250,False,\frac{7}{2},\frac{5}{2}
4251,False,25,\frac{16}{9}
4252,True,-1,-1
4253,False,40,60
4254,False,68,63
4255,True,\frac{2}{3},\frac{2}{3}
4256,False,24,30
4257,False,\frac{11}{13},\frac{19}{13}
4258,False,-34 + 12x,12x-28
4259,False,6,8
4260,False,133,141
4261,False,36,72
4262,True,-14,-14
4263,False,64,61
4264,False,\frac{1}{6},\frac{1}{24}
4265,False,36^\circ,60^\circ
4266,False,160,210
4267,False,36,55
4268,True,1,1
4269,False,90^\circ,78^\circ
4270,False,100,1728
4271,False,"13,\!800","24,\!360"
4272,False,240,378
4273,False,123,129
4274,False,0,-16
4275,False,17,27
4276,False,120,720
4277,False,-1,-3
4278,False,9,12
4279,False,10,14
4280,False,"25,\!000","4,\!000"
4281,False,23,29
4282,False,240,120
4283,False,18,24
4284,False,10\pi,12\pi
4285,False,18,96
4286,False,12,24
4287,False,210,60
4288,False,\frac{4}{13},\frac{7}{13}
4289,False,507,611
4290,False,-10,-15
4291,False,\dfrac{1}{12},\dfrac{1}{9}
4292,False,76,91
4293,True,6,6
4294,False,99\pi \text{ square inches},96\pi \text{ square inches}
4295,False,9,18
4296,False,6,4
4297,True,5,5
4298,False,53,39
4299,False,17,21
4300,False,15,315
4301,False,50,18
4302,True,1,1
4303,False,6,12
4304,False,20,75
4305,False,20,15
4306,False,5k,5k+1
4307,False,-3969,-6561
4308,False,4,5
4309,False,420,840
4310,False,10,15
4311,False,87,91
4312,False,1584,900
4313,False,1260,432
4314,False,60^\circ,50^\circ
4315,False,0.15,0.35
4316,False,80^\circ,75^\circ
4317,False,336,504
4318,False,15,17
4319,False,75,60
4320,False,360,2520
4321,False,0,6
4322,False,8,16
4323,False,400,600
4324,False,\frac{21}{31},\frac{15}{23}
4325,False,140,420
4326,False,2,\frac{9}{2}
4327,True,0,0
4328,False,24,48
4329,False,45,49
4330,False,192,320
4331,False,260,6760
4332,False,12,18
4333,False,6,4
4334,True,"\$4,\!000","\$4,\!000"
4335,False,5040,720
4336,True,8,8
4337,False,\frac{11}{60},\frac{4}{9}
4338,False,36,35
4339,False,90,132
4340,False,75,173
4341,False,25,42
4342,False,10,12
4343,False,132,210
4344,True,0,0
4345,False,"3,\!250","84,\!500"
4346,False,20\%,30\%
4347,False,31,57
4348,False,"18,\!107","18,\!109"
4349,True,1\frac{1}{10},1\frac{1}{10}
4350,False,7.2,8.9
4351,True,\text{C},\text{C}
4352,False,41,59
4353,False,26,28
4354,False,23,25
4355,False,\frac{3}{8},\frac{4}{9}
4356,False,7,9
4357,False,18,10
4358,True,1,1
4359,False,50,75
4360,False,18,24
4361,False,7,8
4362,False,8,9
4363,True,3,3
4364,False,9,81
4365,False,3024,5040
4366,False,\frac{36}{25},\frac{49}{9}
4367,False,27,64
4368,False,84,85
4369,False,13.18,24.29
4370,False,220,264
4371,False,32,36
4372,False,24,12
4373,False,120,160
4374,False,868.8,878.8
4375,False,9,4
4376,False,\dfrac{19}{40},\dfrac{5}{11}
4377,False,1020,4420
4378,False,\dfrac{5}{36},\dfrac{1}{9}
4379,False,52^\circ,53^\circ
4380,False,6,4
4381,False,120,72
4382,False,"900,\!000,\!000","9,\!000,\!000,\!000"
4383,True,48^\circ,48^\circ
4384,False,116,110
4385,False,45,54
4386,True,107,107
4387,True,13,13
4388,False,8,\dfrac{25}{2}
4389,True,48,48
4390,False,75^\circ,45^\circ
4391,False,4,8
4392,False,6,9
4393,True,10,10
4394,True,140,140
4395,False,28,49
4396,False,"362,\!880",90720
4397,False,200,242
4398,False,3720,4720
4399,False,3,4
4400,False,28,25
4401,False,333,777
4402,True,\frac{1}{3},\frac{1}{3}
4403,False,480,540
4404,False,75^\circ,76^\circ
4405,False,4\sqrt{2},5\sqrt{2}
4406,False,0,-91
4407,False,75,78
4408,False,\frac{128}{1875},\frac{32}{375}
4409,False,15,16
4410,False,69,64
4411,False,-49,-48
4412,False,300,600
4413,False,12,15
4414,False,4,8
4415,False,400,225
4416,False,\$4,\$7
4417,False,84,72
4418,True,8,8
4419,False,190,171
4420,True,20\%,20\%
4421,False,\frac{4}{11},\frac{9}{22}
4422,False,108^\circ,105^\circ
4423,False,12,8
4424,False,8,10
4425,False,10,5
4426,False,14,19
4427,True,54000,54000
4428,False,\frac{130}{231},\frac{65}{77}
4429,False,\dfrac{1}{10},\dfrac{1}{11}
4430,False,55,54
4431,False,135,150
4432,False,11,9
4433,False,96,108
4434,False,22.5,20
4435,False,13,14
4436,False,\text{D},\text{C}
4437,False,\frac 97,\frac{9}{16}
4438,True,1,1
4439,False,40,52
4440,True,24,24
4441,False,23,19
4442,False,\frac{427}{495},\frac{922}{495}
4443,False,\frac{4}{3},\frac{22}{3}
4444,False,1188,1320
4445,False,18,32
4446,False,7p+4e,7p+3e
4447,False,5400,974700
4448,False,291,485
4449,True,1250,1250
4450,False,2,3
4451,False,9,7
4452,False,1,2
4453,False,14,3
4454,True,0,0
4455,False,\frac{1}{4},\frac{2}{7}
4456,False,"\text{B, E, G}","\text{A, D, F, H}"
4457,True,"45^\circ, 135^\circ","45^\circ, 135^\circ"
4458,False,\frac{1}{72},\frac{1}{12}
4459,False,\begin{pmatrix} 6 \\ 3 \\ 0 \end{pmatrix},\begin{pmatrix} 9 \\ 3 \\ 0 \end{pmatrix}
4460,False,\frac{\pi^2}{6},\frac{\pi^2}{4}
4461,True,120^\circ,120^\circ
4462,False,\begin{pmatrix} 1 \\ 4 \\ 3 \end{pmatrix},\begin{pmatrix} 8/5 \\ 4 \\ 14/5 \end{pmatrix}
4463,False,\frac{37}{11},\frac{142}{13}
4464,False,"(3,2,4)","(3,3,4)"
4465,False,-3,-\frac{3}{2}
4466,False,3\sqrt{2},\frac{13\sqrt{2}}{4}
4467,False,"(2,-1,2)","\left(\frac{30}{11},-\frac{15}{11},\frac{10}{11}\right)"
4468,False,\text{(E)},\text{(C)}
4469,False,\begin{pmatrix} 0 & 0 & 0 \\ 0 & 1 & 0 \\ 0 & 0 & 0 \end{pmatrix},\begin{pmatrix} 0 & 0 & 0 \\ 0 & 0 & 0 \\ 0 & 0 & 1 \end{pmatrix}
4470,True,-1,-1
4471,False,2,1
4472,False,\begin{pmatrix} 4033 & -8064 \\ 2016 & -4031 \end{pmatrix},\begin{pmatrix} 4 \cdot 3^{2015} & -4 \cdot 3^{2015} \\ 3^{2015} & -3^{2015} \end{pmatrix}
4473,True,5,5
4474,False,\begin{pmatrix} 31 & 50 \\ -18 & -29 \end{pmatrix},\begin{pmatrix} 37 & 72 \\ -18 & -35 \end{pmatrix}
4475,True,\begin{pmatrix} -5 \\ 2 \end{pmatrix},\begin{pmatrix} -5 \\ 2 \end{pmatrix}
4476,False,\begin{pmatrix} 48/65 \\ 6/65 \end{pmatrix},\begin{pmatrix} 112/65 \\ 14/65 \end{pmatrix}
4477,False,\begin{pmatrix} 1/5 & 4/5 \\ 0 & 1 \end{pmatrix},\begin{pmatrix} 1/6 & 2/3 \\ 0 & 1 \end{pmatrix}
4478,False,y = 3x^2 - 34x + 88,y = 3x^2 - 40x + 125
4479,False,288 \pi,288\pi
4480,False,\frac{27}{38},\frac{42}{59}
4481,False,16,18
4482,False,"\left( \frac{5}{3}, \frac{5}{3}, \frac{5}{3} \right)","\left( \frac{8}{3}, \frac{8}{3}, \frac{8}{3} \right)"
4483,False,\frac{3}{2},\frac{7}{5}
4484,True,1,1
4485,False,4,3
4486,True,65536,65536
4487,False,\frac{8}{15},\frac{16}{63}
4488,False,8,9
4489,False,\frac{5}{13},\frac{7}{25}
4490,False,50^\circ,51^\circ
4491,False,"(8,3,-1)","(9,3,-1)"
4492,False,\frac{16}{65},-\frac{33}{65}
4493,False,\frac{1}{99},\frac{1}{24}
4494,False,11,12
4495,False,48,52
4496,True,60^\circ,60^\circ
4497,True,"(4,24)","(4,24)"
4498,True,18,18
4499,True,-1,-1
4500,False,-\frac{\pi}{6},-\frac{\pi}{2}
4501,False,x = -1,x = 1
4502,False,12 - 4 \sqrt{2},12-4\sqrt{2}
4503,False,2 \sqrt{2} + \sqrt{6},2\sqrt{3}+3
4504,True,\frac{1}{3},\frac{1}{3}
4505,False,\begin{pmatrix} 3/5 \\ 57/5 \end{pmatrix},\begin{pmatrix}2/3\\32/3\end{pmatrix}
4506,False,116 - 75i,135-82i
4507,False,\frac{2}{5},\frac{1}{5}
4508,False,9 \pi,36\pi
4509,True,0,0
4510,False,\begin{pmatrix} 23/8 \\ 7/4 \end{pmatrix},\begin{pmatrix} 27/7 \\ 11/7 \end{pmatrix}
4511,False,\frac{29}{15},\frac{15}{8}
4512,False,534,500
4513,False,144,912
4514,True,"27^\circ, 63^\circ, 99^\circ, 135^\circ, 171^\circ","27^\circ, 63^\circ, 99^\circ, 135^\circ, 171^\circ"
4515,True,3R^2,3R^2
4516,False,\frac{25 \sqrt{10}}{4},\frac{49\sqrt{10}}{4}
4517,False,\frac{4}{3},2
4518,False,5 \pi,5\pi
4519,False,4,2
4520,False,1,\frac{\sqrt{3}}{2}
4521,False,\cos 58^\circ,\cos 60^\circ
4522,True,\text{(E)},\text{(E)}
4523,True,\frac{35}{64},\frac{35}{64}
4524,False,\frac{3}{2},\frac{8}{3}
4525,True,D,D
4526,True,\frac{21}{64},\frac{21}{64}
4527,False,\begin{pmatrix} 2 & 0 \\ -3 & 5 \end{pmatrix},\begin{pmatrix} 2 & 0 \\ -3 & 2 \end{pmatrix}
4528,False,\frac{70}{39},\frac{30}{19}
4529,False,92,94
4530,True,\frac{\sqrt{5}}{5},\frac{\sqrt{5}}{5}
4531,True,\begin{pmatrix} -5/13 \\ 12/13 \end{pmatrix},\begin{pmatrix} -5/13 \\ 12/13 \end{pmatrix}
4532,True,82,82
4533,True,30^\circ,30^\circ
4534,False,"(-13,-16,-18)","(-16,-20,-18)"
4535,True,7,7
4536,False,"\frac{\pi}{4}, \frac{9 \pi}{4}",\frac{9\pi}{4}
4537,False,"(-3,2)","(-10, 16)"
4538,False,-27,-81
4539,False,\frac{\sqrt{35}}{3},\frac{3\sqrt{11}}{5}
4540,False,-\frac{7}{17},-\frac{9}{46}
4541,False,2,1
4542,False,\frac{1}{2},\frac{1}{3}
4543,False,\frac{7}{3},\frac{8}{3}
4544,True,16,16
4545,False,\frac{1}{2},\frac{\sqrt{2}}{2}
4546,False,-\frac{\pi}{6},-\frac{\pi}{3}
4547,True,\pi,\pi
4548,False,\begin{pmatrix} 11 \\ -36 \\ -3 \end{pmatrix},\begin{pmatrix} 15 \\ -36 \\ -3 \end{pmatrix}
4549,False,11,7
4550,False,27,38
4551,False,6 \sqrt{6},24\sqrt{21}
4552,False,"\text{C, F, H}","\text{A, D, G}"
4553,True,2 - 2 \sqrt{2},2 - 2 \sqrt{2}
4554,False,\frac{4}{7},4
4555,False,\begin{pmatrix} 0 & 0 \\ 0 & 1 \end{pmatrix},\begin{pmatrix} 1 & 0 \\ 0 & 0 \end{pmatrix}
4556,False,3,2
4557,False,30,3\sqrt{145}
4558,False,"0,4",-2
4559,False,2,"\frac{9}{4}, -\frac{3}{4}"
4560,False,-\frac{2 \sqrt{3}}{3},-2
4561,False,"3, 11, 33",\text{No solution}
4562,False,105^\circ,"75^\circ, 60^\circ, 45^\circ"
4563,False,49,62
4564,False,\sin 3x,\frac{5}{4} \sin 3x
4565,False,4,3
4566,False,432,433
4567,False,\sqrt{21},2\sqrt{7}
4568,False,87^\circ,86.5^\circ
4569,True,1,1
4570,False,8+4\sqrt3,4\sqrt{3}
4571,False,\frac{7}{8},\frac{17}{18}
4572,False,\frac{\sqrt{3}}{3},\sqrt{3}
4573,True,0,0
4574,False,\begin{pmatrix} 2 & -3 \\ 0 & 3 \end{pmatrix},\begin{pmatrix} 2 & -2 \\ 0 & 3 \end{pmatrix}
4575,False,"\left( -\frac{2}{3}, -\frac{7}{3}, \frac{14}{9} \right)","\left( -\frac{4}{3}, -\frac{5}{3}, \frac{16}{9} \right)"
4576,False,"(-7,10)","(-9,10)"
4577,False,\frac{1}{5},5
4578,False,\begin{pmatrix} 2 \\ -11 \end{pmatrix},\begin{pmatrix} 3 \\ -11 \end{pmatrix}
4579,False,\begin{pmatrix} 0 & -15 \\ -2 & -4 \end{pmatrix},\begin{pmatrix} 0 & -15 \\ -2 & -7 \end{pmatrix}
4580,False,"\left[ -\frac{\pi}{2}, \frac{\pi}{2} \right]","\left[ -\frac{3\pi}{4}, \frac{3\pi}{4} \right]"
4581,False,4018,4020
4582,False,\pi,\frac{9\pi}{4}
4583,True,\begin{pmatrix} 6 \\ -15 \end{pmatrix},\begin{pmatrix} 6 \\ -15 \end{pmatrix}
4584,False,11 \sqrt{5} + 11,\frac{24(2\sqrt{5}+\sqrt{3})}{\sqrt{17}}
4585,False,-1,-\frac{\sqrt{3}}{2}
4586,True,\frac{\sqrt{2}}{2},\frac{\sqrt{2}}{2}
4587,False,\begin{pmatrix} 1/2 \\ 1/2 \\ 1/2 \end{pmatrix},\begin{pmatrix} 1 \\ 1 \\ 1 \end{pmatrix}
4588,False,"\left( \frac{7}{45}, \frac{4}{45} \right)","\left(\frac{19}{45}, -\frac{2}{45}\right)"
4589,False,\begin{pmatrix} 8 & 12 \\ -4 & 20 \end{pmatrix},\begin{pmatrix} 12 & 18 \\ -6 & 30 \end{pmatrix}
4590,False,-41,-44
4591,False,1 - 12i,2 - 13i
4592,False,-2,-1
4593,False,\begin{pmatrix} 3 & 6 \\ 2 & 7 \end{pmatrix},\begin{pmatrix} 2 & 4 \\ 2 & 6 \end{pmatrix}
4594,False,11,15
4595,False,\frac{1}{9},\frac{1}{12}
4596,False,"0, \frac{2 \pi}{3}, \frac{4 \pi}{3}, 2 \pi","0, \frac{\pi}{2}, \pi, \frac{3\pi}{2}, 2\pi"
4597,False,\begin{pmatrix} -1/3 \\ 2/3 \\ 5/3 \end{pmatrix},\begin{pmatrix} 0 \\ 1/2 \\ 3/2 \end{pmatrix}
4598,False,\begin{pmatrix} 2/5 \\ -1/5 \\ 0 \end{pmatrix},\begin{pmatrix} 6/5 \\ -3/5 \\ 0 \end{pmatrix}
4599,True,0,0
4600,False,\sqrt{51},\frac{21}{4}
4601,True,\begin{pmatrix} -4/9 \\ 1/9 \\ 8/9 \end{pmatrix},\begin{pmatrix} -4/9 \\ 1/9 \\ 8/9 \end{pmatrix}
4602,False,\begin{pmatrix} 12/13 \\ -18/13 \end{pmatrix},\begin{pmatrix} 16/13 \\ -24/13 \end{pmatrix}
4603,True,46,46
4604,False,"-\frac{5 \pi}{12}, -\frac{\pi}{12}, \frac{\pi}{12}, \frac{5 \pi}{12}","-\frac{\pi}{12}, \frac{\pi}{12}, \frac{5\pi}{12}"
4605,False,2,-1
4606,False,\frac{1}{3},\frac{1}{2}
4607,False,87.5,85
4608,False,\frac{\sqrt{2} + \sqrt{6}}{4},\frac{\sqrt{6} - \sqrt{2}}{4}
4609,True,3,3
4610,False,\begin{pmatrix} -7 \\ 16 \\ 5 \end{pmatrix},\begin{pmatrix} -9 \\ 17 \\ 5 \end{pmatrix}
4611,False,78 \pi,90\pi
4612,False,100,\frac{53}{2}
4613,False,"(2,-1)","(3,-1)"
4614,False,19,21
4615,False,86^\circ,87^\circ
4616,False,9^\circ,10^\circ
4617,False,160,120
4618,False,"(8,14)","(10, 14)"
4619,False,120^\circ,60^\circ
4620,False,1,-\frac{1}{2}
4621,False,"\left( \frac{11}{2}, -1, 1 \right)","(6, -1, 1)"
4622,False,\frac{3}{5},\frac{1}{5}
4623,False,9,7
4624,False,\begin{pmatrix} 1/5 \\ -3/5 \end{pmatrix},\begin{pmatrix} 4/13 \\ -6/13 \end{pmatrix}
4625,True,0,0
4626,False,\frac{9}{256},\frac{3}{256}
4627,False,-21,-24
4628,True,\text{(C)},\text{(C)}
4629,False,-12 + 15i,-16 + 20i
4630,True,1,1
4631,True,"\text{A,C,F}","\text{A,C,F}"
4632,False,"(5 \sqrt{2}, 5 \sqrt{2})","\left( \frac{11\sqrt{2}}{2}, \frac{11\sqrt{2}}{2} \right)"
4633,False,6^{\circ},8^{\circ}
4634,False,97,116
4635,False,\frac{7}{8},\frac{15}{16}
4636,False,-\frac{16}{65},-\frac{33}{65}
4637,False,\begin{pmatrix} 6/5 \\ -17/5 \end{pmatrix},\begin{pmatrix} 3/5 \\ -21/5 \end{pmatrix}
4638,False,"2 + \sqrt{6}, 2 - \sqrt{6}","\frac{5 + \sqrt{21}}{2}, \frac{5 - \sqrt{21}}{2}"
4639,False,70,69
4640,False,-\frac{1}{2},\frac{13}{16}
4641,False,2^{2005},2^{2007}
4642,True,12,12
4643,False,31,51
4644,False,20,19
4645,False,\begin{pmatrix} -3 \\ 11 \\ 7 \end{pmatrix},\begin{pmatrix} -3 \\ 16 \\ 11 \end{pmatrix}
4646,True,5 \sqrt{2},5 \sqrt{2}
4647,False,-\frac{33}{65},-\frac{16}{65}
4648,False,-\frac{24}{25},-\frac{12}{13}
4649,True,4,4
4650,False,"(0,1)","\left[\frac{3}{4}, 1\right)"
4651,False,\frac{1 + \sqrt{5}}{4},\frac{\sqrt{3}}{2}
4652,True,0,0
4653,False,-\frac{\pi}{4},\arctan\sqrt{2} - \frac{\pi}{2}
4654,False,-2,-\sqrt{2}
4655,False,\frac{16 \pi}{3},\frac{25\pi}{3}
4656,False,315,316 + 26\sqrt{3}
4657,False,\cot x,\tan x
4658,False,"1, -3","1, \frac{-1+\sqrt{29}}{2}, \frac{-1-\sqrt{29}}{2}"
4659,False,\frac{64}{3},\frac{200}{9}
4660,True,60^\circ,60^\circ
4661,False,\begin{pmatrix} 7 \\ -2 \end{pmatrix},\begin{pmatrix} 120/17 \\ -30/17 \end{pmatrix}
4662,False,\begin{pmatrix} -3 \\ -2 \\ 9 \end{pmatrix},\begin{pmatrix} -13/3 \\ -10/3 \\ 35/3 \end{pmatrix}
4663,True,0,0
4664,True,8,8
4665,False,\begin{pmatrix} 5/3 \\ 5/3 \\ 4/3 \end{pmatrix},\begin{pmatrix} 37/24 \\ 19/12 \\ 17/12 \end{pmatrix}
4666,False,\begin{pmatrix} -2 \\ -14 \\ -7 \end{pmatrix},\begin{pmatrix} -2 \\ -9 \\ -2 \end{pmatrix}
4667,False,x - 3z = 0,2x - 3z = 0
4668,True,72,72
4669,False,\frac{3}{2} + \frac{3}{2} i,2 + 2i
4670,True,\sqrt{5},\sqrt{5}
4671,False,\frac{9}{10},\frac{3}{5}
4672,True,\begin{pmatrix} -4\\-3 \end{pmatrix},\begin{pmatrix} -4\\-3 \end{pmatrix}
4673,False,1,2
4674,False,\frac{35}{4},\frac{67}{4}
4675,True,4,4
4676,True,\frac{1}{3},\frac{1}{3}
4677,False,\begin{pmatrix} - 2 \\ -7 \\ 13 \end{pmatrix},\begin{pmatrix} -3 \\ -7 \\ 13 \end{pmatrix}
4678,False,6,9
4679,True,\frac{\sqrt{6}}{3},\frac{\sqrt{6}}{3}
4680,True,\text{(D)},\text{(D)}
4681,False,\frac{2}{3},\frac{5}{7}
4682,True,2,2
4683,True,3,3
4684,True,\frac{1}{8},\frac{1}{8}
4685,False,-2,-3
4686,False,\begin{pmatrix} 2 \\ 3 \\ 1 \end{pmatrix},\begin{pmatrix} 5 \\ 3 \\ 1 \end{pmatrix}
4687,False,17,13
4688,False,\begin{pmatrix} 11 \\ 44 \end{pmatrix},\begin{pmatrix} 16 \\ 44 \end{pmatrix}
4689,False,-1,i
4690,False,2004,2005
4691,False,"0,3a","0, -3a"
4692,False,\begin{pmatrix} 1 \\ 3 \end{pmatrix},\begin{pmatrix} -1 \\ -3 \end{pmatrix}
4693,False,"\left( -\infty, -\frac{6}{7} \right) \cup \left( -\frac{6}{7}, \infty \right)","\left( -\infty, -\frac{8}{7} \right) \cup \left( -\frac{8}{7}, \infty \right)"
4694,True,4,4
4695,False,15 \pi,\frac{500\pi}{27}
4696,False,"(1,2,3)","\left(\frac{11}{13}, \frac{24}{13}, \frac{35}{13}\right)"
4697,False,y = 2x + 3,y = -\frac{11}{2}x - \frac{15}{2}
4698,False,20,30
4699,False,192,\frac{3267}{16}
4700,False,2 \tan x,2 \sec x
4701,True,152,152
4702,True,59,59
4703,False,\frac{\sqrt{10}}{5},\frac{\sqrt{6}}{3}
4704,False,2 - \sqrt{3},2+\sqrt{3}
4705,False,\frac{75 \sqrt{3}}{67},\frac{147\sqrt{3}}{103}
4706,False,-4,-\frac{7}{2}
4707,False,\begin{pmatrix} 1 \\ 7 \end{pmatrix},\begin{pmatrix} 1 \\ 3 \end{pmatrix}
4708,False,\begin{pmatrix} -2 \\ 3 \\ 3 \end{pmatrix},\begin{pmatrix} -30/13 \\ 49/13 \\ 31/13 \end{pmatrix}
4709,False,2,6
4710,True,\pi,\pi
4711,False,\frac{250}{39},\frac{1331}{219}
4712,False,"\left( -\frac{5}{3}, \frac{2}{3}, \frac{19}{3} \right)","\left( -\frac{3}{2}, \frac{1}{2}, 6 \right)"
4713,False,y = -2x,y = -3x
4714,False,\begin{pmatrix} 3 \\ 3 \\ -3 \end{pmatrix},\begin{pmatrix} 4 \\ 3 \\ -3 \end{pmatrix}
4715,False,\frac{3 \sqrt{5}}{4},\frac{7}{4}
4716,False,\frac{\pi}{3},\frac{\pi}{6}
4717,False,\frac{21}{20},\frac{20}{21}
4718,False,"(4,5)","(4,6)"
4719,True,\text{(E)},\text{(E)}
4720,True,6,6
4721,False,2i,3i
4722,True,0,0
4723,False,\frac{\sqrt{3}}{4},\frac{\sqrt{3}}{2}
4724,False,\begin{pmatrix} 3 & 2 \\ 0 & -7 \end{pmatrix},\begin{pmatrix} 5 & 2 \\ 0 & -9 \end{pmatrix}
4725,False,\frac{5}{9},\frac{8}{25}
4726,True,0,0
4727,False,1 + \sqrt{2},\sqrt{2} - 1
4728,False,15,5
4729,False,11,7
4730,False,\frac{2 \sqrt{149}}{3},\frac{10\sqrt{5}}{3}
4731,False,\begin{pmatrix} 1/5 \\ -18/5 \end{pmatrix},\begin{pmatrix} 3 \\ -2 \end{pmatrix}
4732,False,\begin{pmatrix} 1 & 2 \\ 6 & -1 \end{pmatrix},\begin{pmatrix} 2 & 2 \\ 6 & -1 \end{pmatrix}
4733,False,-3,0
4734,True,1,1
4735,True,1,1
4736,False,14,-10
4737,False,8x^3 - 6x - 1,8x^3 - 6x + 1
4738,False,\cos 13^\circ,\cos 9^\circ
4739,False,3 + \sqrt{6},9 + 6\sqrt{2}
4740,False,-20,-21
4741,False,7,6
4742,False,100 - 48 \sqrt{2},128 - 64\sqrt{2}
4743,False,-\frac{1}{16},-\frac{1}{36}
4744,False,"(15,-29)","(34,-50)"
4745,False,\pi,2\pi
4746,True,9,9
4747,False,3,5
4748,False,\text{(D)},\text{(B)}
4749,False,\frac{10}{3},4
4750,False,1,3
4751,True,120^\circ,120^\circ
4752,False,\begin{pmatrix} -6 \\ 6 \end{pmatrix},\begin{pmatrix} -5 \\ 6 \end{pmatrix}
4753,False,30^\circ,60^\circ
4754,False,"4^\circ, 20^\circ","4^\circ, 20^\circ, 28^\circ, 44^\circ"
4755,False,\frac{3}{4},\frac{7}{9}
4756,False,-x^3,-2x^3 - x
4757,False,2,18
4758,True,\text{(E)},\text{(E)}
4759,False,"-1,0,1","-2, 1"
4760,False,-5 + 3i,-6 + 3i
4761,False,\frac{8}{17},\frac{\sqrt{11}}{6}
4762,False,\sqrt{3},\frac{3\sqrt{3}}{4}
4763,False,\frac{3}{4},1
4764,False,18,27
4765,False,3 \sqrt{5},\frac{\sqrt{230}}{2}
4766,True,\frac{1}{3},\frac{1}{3}
4767,False,6,\frac{176}{31}
4768,False,110,75
4769,False,\frac{\sqrt{6}}{3},\frac{2\sqrt{6}}{3}
4770,False,6,7
4771,False,"\frac{3}{4}, -\frac{3}{4}","1, -1"
4772,False,\frac{1}{4},\frac{1}{2}
4773,False,"2, -1","2, -2, 0"
4774,False,\pi,\frac{\pi}{2}
4775,False,-\frac{1}{4},\frac{1}{4}
4776,False,"\left[ \frac{\pi^2}{8}, \frac{5 \pi^2}{4} \right]","\left[ \frac{\pi^2}{6}, \frac{9\pi^2}{4} \right]"
4777,False,"\left( -\frac{1}{4}, -2 \right)","\left( -1, -3 \right)"
4778,True,\sqrt{3},\sqrt{3}
4779,True,31,31
4780,False,\begin{pmatrix} 0 & 0 & 0 \\ 0 & 1 & 0 \\ 0 & 0 & 1 \end{pmatrix},\begin{pmatrix} 1 & 0 & 0 \\ 0 & 0 & 0 \\ 0 & 0 & 1 \end{pmatrix}
4781,False,-8 + 2i,-\frac{17}{2} + \left(2 - \frac{\sqrt{3}}{2}\right)i
4782,False,14,\sqrt{205}
4783,True,-59,-59
4784,False,22,25
4785,False,"\left( -\frac{1}{6}, \frac{1}{2} \right)","\left( -\frac{1}{7}, \frac{3}{7} \right)"
4786,False,\sqrt{2} - 1,\sqrt{2} + 1
4787,True,\frac{19}{21},\frac{19}{21}
4788,False,\begin{pmatrix} 3 & -3 \\ 4 & -2 \end{pmatrix},\begin{pmatrix} 2 & -3 \\ 3 & -2 \end{pmatrix}
4789,False,\begin{pmatrix} 1/\sqrt{2} & 1/\sqrt{2} \\ -1/\sqrt{2} & 1/\sqrt{2} \end{pmatrix},\begin{pmatrix} 1/2 & \sqrt{3}/2 \\ -\sqrt{3}/2 & 1/2 \end{pmatrix}
4790,False,"\left( -\frac{8}{3}, \frac{4}{3}, -\frac{1}{3} \right)","\left( -\frac{6\sqrt{14}}{7}, \frac{2\sqrt{14}}{7}, -\frac{3\sqrt{14}}{7} \right)"
4791,False,"70,110","70, 110, 430"
4792,False,\sqrt{5},"\frac{-3+\sqrt{113}}{4}, \frac{-3-\sqrt{113}}{4}"
4793,False,\begin{pmatrix} 1 & 2 \\ -3 & -5 \end{pmatrix},\begin{pmatrix} 2 & 1 \\ -1 & 0 \end{pmatrix}
4794,False,\sqrt{17},7
4795,False,-\frac{7}{24},-\frac{16}{63}
4796,False,"\left( \frac{3}{2}, -13 \right)","\left(\frac{3}{2}, -\frac{29}{2}\right)"
4797,False,"(1,3,3)","(1, 2, 3)"
4798,False,"0, \pi, 2 \pi","0, \pi, 2\pi, 3\pi"
4799,False,\begin{pmatrix} -2 \\ -2 \\ 1 \end{pmatrix},\begin{pmatrix} -22/9 \\ -22/9 \\ 11/9 \end{pmatrix}
4800,False,43,28
4801,False,\frac{56}{5},\frac{34}{3}
4802,False,"(-2,5,-1)","(-2, 5, -2)"
4803,False,\frac{3 \pi}{4},\frac{\pi}{4}
4804,False,-3,-6
4805,False,32R^2 - 3(a^2 + b^2 + c^2),32
4806,False,4,\sqrt{26}
4807,True,4,4
4808,False,2 \pi,\pi
4809,False,\begin{pmatrix} 12/13 \\ 5/13 \end{pmatrix},\begin{pmatrix} 4/5 \\ 3/5 \end{pmatrix}
4810,False,20x + 23y + 26z - 69 = 0,11x + 13y + 15z - 39 = 0
4811,True,100^\circ,100^\circ
4812,False,120^\circ,60^\circ
4813,False,"\left( \frac{4}{3}, -\frac{1}{3} \right)","\left(\frac{4}{3}, -\frac{1}{3}\right)"
4814,False,8,18
4815,True,-\frac{\sqrt{3}}{2},-\frac{\sqrt{3}}{2}
4816,False,251,704
4817,False,\frac{\pi}{3},\frac{\pi}{4}
4818,True,\frac{2}{3},\frac{2}{3}
4819,False,12,65
4820,True,1,1
4821,False,71,153
4822,False,4,9
4823,False,\frac{8}{21},\frac{2}{7}
4824,False,2\cos 15^{\circ},2\sin 15^\circ
4825,False,"\frac{3}{5}, \frac{117}{125}","\frac{4}{5}, \frac{44}{125}"
4826,False,-\frac{7}{9},-\frac{7}{8}
4827,False,\frac{1}{9},\frac{7}{25}
4828,False,\frac{2}{3},\frac{1}{2}
4829,True,8,8
4830,False,"(4,10)","(4,12)"
4831,False,60^\circ,45^\circ
4832,True,\text{(E)},\text{(E)}
4833,False,\frac13,\frac{1}{4}
4834,False,\begin{pmatrix} 16/49 \\ 48/49 \\ 24/49 \end{pmatrix},\begin{pmatrix} 4/9 \\ 8/9 \\ 4/9 \end{pmatrix}
4835,False,"\left( \frac{1}{\sqrt{2}}, \frac{1}{\sqrt{2}} \right)","\left(\frac{\sqrt{3}}{2}, \frac{1}{2}\right)"
4836,False,\frac{6}{7},\frac{21}{22}
4837,False,"\left( 8 \sqrt{2}, \frac{\pi}{4}, \frac{\pi}{6} \right)","\left(6\sqrt{2}, \frac{\pi}{4}, \frac{\pi}{6}\right)"
4838,False,\frac{\pi}{2},\frac{\pi}{4}
4839,False,"(2,-1)","(4,-2)"
4840,False,\begin{pmatrix} 0 & 1 & 0 \\ 0 & 0 & 1 \\ 1 & 1 & 1 \end{pmatrix},\begin{pmatrix} 0 & 0 & 1 \\ 1 & 0 & 0 \\ 1 & 1 & 1 \end{pmatrix}
4841,False,\frac{1}{9},\frac{5}{36}
4842,False,\begin{pmatrix} 0 \\ 0 \\ 0 \end{pmatrix},\begin{pmatrix} 0 \\ 1 \\ 5 \end{pmatrix}
4843,True,-\frac{3}{2},-\frac{3}{2}
4844,False,-13,-\frac{21}{2}
4845,False,\frac{1}{8},\frac{7}{8}
4846,False,30^\circ,60^\circ
4847,False,7,5
4848,True,1,1
4849,False,-128 - 128 \sqrt{3} i,-527 - 336i
4850,False,5x - 7y + 11z + 4 = 0,2x - 3y + 5z + 2 = 0
4851,False,900,1080
4852,False,2,4
4853,False,2 \sqrt{3} + 3,\sqrt{2}+1
4854,False,\frac{2 \pi}{3},\frac{5\pi}{6}
4855,False,\begin{pmatrix} 7 & 1 \\ -1 & -3 \end{pmatrix},\begin{pmatrix} 9 & 1 \\ -2 & -3 \end{pmatrix}
4856,False,"\left( 6, -\frac{3}{8} \right)","\left(9, -\frac{9}{16}\right)"
4857,True,4,4
4858,False,\frac{1}{2},\frac{2}{5}
4859,False,\frac{3}{16},\frac{1}{16}
4860,False,\frac{5\pi}{4},"\frac{\pi}{4}, \frac{5\pi}{4}, \frac{9\pi}{4}"
4861,False,\frac{1}{8},\frac{5}{4}
4862,False,\frac{\sqrt{3}}{2},\sqrt{3}
4863,False,2 \sqrt{2},\sqrt{15}
4864,False,\sec x,\csc x
4865,True,\text{(B)},\text{(B)}
4866,True,"(-\infty, 0]","(-\infty, 0]"
4867,False,"\left( 3, \frac{11 \pi}{8}, \frac{4 \pi}{5} \right)","\left( 5, \frac{10\pi}{7}, \frac{3\pi}{4} \right)"
4868,False,-\sqrt{3},\sqrt{3}
4869,False,\frac{2}{3},\frac{4}{9}
4870,False,\sqrt{2} + \sqrt{6},2 + \sqrt{3}
4871,False,8 \pi,10\pi
4872,False,11x + 6y + 5z + 86 = 0,11x+6y+5z+99=0
4873,False,\frac{3 \pi}{4},2\pi
4874,False,4 \sqrt{3} + 2i,3\sqrt{3} + i
4875,False,-49,-25
4876,False,"\left( \frac{15}{4}, \frac{1}{2}, 0 \right)","\left(\frac{15}{4}, \frac{3}{4}, 0\right)"
4877,False,0,1
4878,False,\frac{12}{13},\frac{24}{25}
4879,False,11,13
4880,False,159,319
4881,False,-\frac{119}{144},-\frac{7}{8}
4882,False,-\frac{9}{5},-\frac{18}{11}
4883,False,\begin{pmatrix} -10 \\ -35 \\ 30 \end{pmatrix},\begin{pmatrix}-10\\-35\\30\end{pmatrix}
4884,False,"(3 \sqrt{3}, -9, -2)","\left(\frac{7\sqrt{3}}{2}, -\frac{21}{2}, -2\right)"
4885,False,\frac{9}{100},\frac{4}{25}
4886,False,\begin{pmatrix} 2 & 7 \\ 13 & -2 \end{pmatrix},\begin{pmatrix} 3 & 7 \\ 13 & -2 \end{pmatrix}
4887,False,\frac{2}{3} \sqrt{3},\frac{4}{3}\sqrt{3}
4888,False,10x - 4y - 5z - 20 = 0,20x - 12y - 15z - 60 = 0
4889,False,4,8
4890,False,\begin{pmatrix} 5/2 \\ 0 \\ 5/2 \end{pmatrix},\begin{pmatrix}10/3\\-1/3\\8/3\end{pmatrix}
4891,False,\begin{pmatrix} 1/50 & 7/50 \\ 7/50 & 49/50 \end{pmatrix},\begin{pmatrix}1/65 & 8/65\\8/65 & 64/65\end{pmatrix}
4892,False,21,28
4893,False,15,6
4894,True,\frac{7}{8},\frac{7}{8}
4895,False,\begin{pmatrix} 2/5 \\ -1/5 \end{pmatrix},\begin{pmatrix}6/5\\-3/5\end{pmatrix}
4896,False,3 \pm 2 \sqrt{2},"4 + \sqrt{15}, 4 - \sqrt{15}, -4 + \sqrt{15}, -4 - \sqrt{15}"
4897,True,1,1
4898,False,4 + 6i,3+7i
4899,False,\frac{11}{20},\frac{22}{41}
4900,False,-2 + 7i,-2+8i
4901,False,9 + 11i,10+11i
4902,True,-6,-6
4903,False,"[-2,0]","[-2, 0]"
4904,False,\frac{3}{8},\frac{4}{7}
4905,False,2 \sqrt{2},\frac{\sqrt{55}}{3}
4906,False,2 \pi,\frac{2\pi}{3}
4907,False,906,546
4908,False,45^\circ,60^\circ
4909,False,55^\circ,54^\circ
4910,False,5,\frac{32}{5}
4911,True,4,4
4912,True,\frac{1}{\sqrt{10}},\frac{1}{\sqrt{10}}
4913,False,9,0
4914,False,"\left( 3, \frac{\pi}{2} \right)","\left( 4, \frac{\pi}{2} \right)"
4915,True,6,6
4916,False,\sqrt{109},2\sqrt{26}
4917,False,"(7,21,35)","\left(-\frac{1}{3}, \frac{19}{3}, \frac{17}{3}\right)"
4918,False,"\left( \frac{11}{15}, \frac{11}{60}, \frac{1}{12} \right)","\left( \frac{95}{77}, -\frac{5}{33}, -\frac{19}{231} \right)"
4919,False,\frac{\sqrt{3}}{2},\frac{\sqrt{2}}{2}
4920,False,840^\circ,600^\circ
4921,False,3 \sqrt{3},\frac{27\sqrt{3}}{4}
4922,False,-2 + \sqrt{3},-2 + \sqrt{5}
4923,False,3^{2007},3^{2008}
4924,False,\text{(C)},\text{(E)}
4925,True,4,4
4926,False,\frac{1}{16},\frac{1}{8}
4927,True,\frac{3}{2},\frac{3}{2}
4928,False,4096 \sqrt{2},2^{50}
4929,False,1,-2
4930,False,0,-\tan 1^\circ
4931,False,\frac{9}{2},\sqrt{10}
4932,False,\begin{pmatrix} 11 \\ -13 \\ -1 \end{pmatrix},\begin{pmatrix} 5 \\ 7 \\ 3 \end{pmatrix}
4933,False,"\left( -\frac{2}{7}, -\frac{34}{7} \right)","\left( -\frac{2}{7}, -\frac{36}{7} \right)"
4934,True,0,0
4935,False,\begin{pmatrix} -1 \\ -8 \\ 2 \end{pmatrix},\begin{pmatrix} -3/4 \\ -31/4 \\ 9/4 \end{pmatrix}
4936,False,\frac{11}{16},\frac{13}{27}
4937,False,\begin{pmatrix} 2 \\ -1 \\ -5 \end{pmatrix},\begin{pmatrix} 1 \\ -1 \\ -2 \end{pmatrix}
4938,True,\frac{24}{25},\frac{24}{25}
4939,False,\frac{5 \sqrt{6}}{3},2\sqrt{6}
4940,True,-\frac{\pi}{3},-\frac{\pi}{3}
4941,False,"27,93","27, 89"
4942,False,\frac{6}{23},-5 + 2\sqrt{7}
4943,False,"7, -2, \text{ and } -5","8, -2, -6"
4944,False,-\frac{17}{19},\frac{1}{3}
4945,False,-1,-\frac{\sqrt{3}}{3}
4946,False,6t - 5,8t - 6
4947,False,\begin{pmatrix} -18 \\ -49 \\ 96 \end{pmatrix},\begin{pmatrix} -20 \\ -49 \\ 96 \end{pmatrix}
4948,False,8,\frac{27}{2}
4949,False,\sqrt{3},2
4950,False,6,3
4951,False,\frac{3}{13},\frac{3}{\sqrt{194}}
4952,False,3,\sqrt{77}
4953,False,\frac{4036082}{4036081},\frac{4040101}{4040100}
4954,False,"(-11,-10,-7)","\left(-\frac{66}{7}, -\frac{57}{7}, -\frac{75}{7}\right)"
4955,False,\sqrt{66},\sqrt{94}
4956,False,1,\tan 10^\circ
4957,False,\frac{1}{\sqrt{3}},\frac{1}{\sqrt{2}}
4958,False,90^\circ,60^\circ
4959,False,6,3
4960,False,4,4\sqrt{5}
4961,False,-\frac{31}{8},-\frac{1403}{304}
4962,False,"(4,\pi)","(5,\pi)"
4963,False,-8,-\frac{9}{2}
4964,True,\begin{pmatrix} -1 & 0 \\ 0 & -1 \end{pmatrix},\begin{pmatrix} -1 & 0 \\ 0 & -1 \end{pmatrix}
4965,False,2,3
4966,False,"\frac{3}{4}, -\frac{3}{4}",0
4967,True,180^\circ,180^\circ
4968,False,"-3, -2, \frac{1}{3}, \frac{1}{2}","\frac{1}{4}, -4, \frac{3}{5}, -\frac{5}{3}"
4969,True,90^\circ,90^\circ
4970,False,0,\frac{\pi}{3}
4971,False,\frac{3 \pi}{4},\frac{5\pi}{6}
4972,False,\begin{pmatrix} -4/5 & -3/5 \\ -3/5 & 4/5 \end{pmatrix},\begin{pmatrix} -15/17 & -8/17 \\ -8/17 & 15/17 \end{pmatrix}
4973,False,\begin{pmatrix} 4 & 2 \\ -1 & 1 \end{pmatrix},\begin{pmatrix} 24/7 & 18/7 \\ -6/7 & 6/7 \end{pmatrix}
4974,False,\begin{pmatrix} 0 & 1 \\ 1 & 0 \end{pmatrix},\begin{pmatrix} 2 & 0 \\ 0 & 1 \end{pmatrix}
4975,False,-\frac{1}{14},-\frac{1}{9}
4976,False,\frac{1}{2},\frac{\sqrt{3}}{2}
4977,False,\frac{3}{2},1
4978,False,\frac{7}{4},2
4979,True,-2,-2
4980,False,"(3,-3,1)","(2,-2,1)"
4981,False,\begin{pmatrix} 1 & 0 & 0 \\ 0 & 1 & 0 \\ 0 & 0 & -1 \end{pmatrix},\begin{pmatrix} 1 & 0 & 0 \\ 0 & -1 & 0 \\ 0 & 0 & 1 \end{pmatrix}
4982,False,\frac{49}{8},\frac{98}{25}
4983,False,\frac{2}{5},\frac{\sqrt{30}}{10}
4984,False,120^\circ,60^\circ
4985,False,"\left( \sqrt{2}, \frac{7 \pi}{4}, -6 \right)","\left(\sqrt{2}, \frac{7\pi}{4}, -7\right)"
4986,False,\sqrt{2},\sqrt{3}
4987,False,5,6
4988,False,\begin{pmatrix} -6 \\ 9 \end{pmatrix},\begin{pmatrix} -6 \\ 4 \end{pmatrix}
4989,False,14,34
4990,True,144,144
4991,False,"2 + \sqrt{3}, -2 + \sqrt{3}","1 + \sqrt{2}, 1 - \sqrt{2}"
4992,True,12,12
4993,False,6 - 5i,7 - 4i
4994,False,-12,-16
4995,False,-\frac{4}{3},-\frac{12}{5}
4996,False,\begin{pmatrix} 1 \\ 2 \\ -3 \end{pmatrix},\begin{pmatrix} 2 \\ 1 \\ -3 \end{pmatrix}
4997,False,-\frac{155}{2},-83
4998,False,159,121
4999,False,\begin{pmatrix} 1 \\ -2 \\ -1 \end{pmatrix},\begin{pmatrix} 2 \\ -1 \\ -1 \end{pmatrix}
