_runtime,_step,_timestamp,_wandb.runtime,eval/benchmark_loss,eval/benchmark_runtime,eval/benchmark_samples_per_second,eval/benchmark_steps_per_second,eval/eval_loss,eval/eval_runtime,eval/eval_samples_per_second,eval/eval_steps_per_second,eval_after/epoch,eval_after/eval_benchmark_loss,eval_after/eval_benchmark_runtime,eval_after/eval_benchmark_samples_per_second,eval_after/eval_benchmark_steps_per_second,eval_after/eval_eval_loss,eval_after/eval_eval_runtime,eval_after/eval_eval_samples_per_second,eval_after/eval_eval_steps_per_second,eval_after/num_input_tokens_seen,total_flos,train/epoch,train/global_step,train/grad_norm,train/learning_rate,train/loss,train/num_input_tokens_seen,train/train_tokens_per_second,train_loss,train_runtime,train_samples_per_second,train_steps_per_second,accelerator_config,adafactor,adam_beta1,adam_beta2,adam_epsilon,add_cross_attention,architectures,attention_bias,attention_dropout,auto_find_batch_size,average_tokens_across_devices,bad_words_ids,batch_eval_metrics,begin_suppress_tokens,bf16,bf16_full_eval,bos_token_id,chunk_size_feed_forward,cross_attention_hidden_size,data_config,data_seed,dataloader_drop_last,dataloader_num_workers,dataloader_persistent_workers,dataloader_pin_memory,dataloader_prefetch_factor,ddp_backend,ddp_broadcast_buffers,ddp_bucket_cap_mb,ddp_find_unused_parameters,ddp_timeout,debug,decoder_start_token_id,deepspeed,disable_tqdm,diversity_penalty,do_eval,do_predict,do_sample,do_train,dtype,early_stopping,encoder_no_repeat_ngram_size,eos_token_id,eval_accumulation_steps,eval_delay,eval_do_concat_batches,eval_on_start,eval_steps,eval_strategy,eval_use_gather_object,exponential_decay_length_penalty,finetuning_task,forced_bos_token_id,forced_eos_token_id,fp16,fp16_backend,fp16_full_eval,fp16_opt_level,fsdp,fsdp_config,fsdp_min_num_params,fsdp_transformer_layer_cls_to_wrap,full_determinism,gradient_accumulation_steps,gradient_checkpointing,gradient_checkpointing_kwargs,greater_is_better,group_by_length,half_precision_backend,head_dim,hidden_act,hidden_size,hub_always_push,hub_model_id,hub_private_repo,hub_revision,hub_strategy,hub_token,id2label,ignore_data_skip,include_for_metrics,include_inputs_for_metrics,include_num_input_tokens_seen,include_tokens_per_second,initializer_range,intermediate_size,is_decoder,is_encoder_decoder,jit_mode_eval,label2id,label_names,label_smoothing_factor,layer_types,learning_rate,length_column_name,length_penalty,liger_kernel_config,load_best_model_at_end,local_rank,log_level,log_level_replica,log_on_each_node,logging_dir,logging_first_step,logging_nan_inf_filter,logging_steps,logging_strategy,lr_scheduler_type,max_grad_norm,max_length,max_position_embeddings,max_steps,max_window_layers,metric_for_best_model,min_length,model/num_parameters,model_config,model_type,mp_parameters,neftune_noise_alpha,no_cuda,no_repeat_ngram_size,num_attention_heads,num_beam_groups,num_beams,num_hidden_layers,num_key_value_heads,num_return_sequences,num_train_epochs,optim,optim_args,optim_target_modules,output_attentions,output_dir,output_hidden_states,output_scores,overwrite_output_dir,pad_token_id,parallelism_config,past_index,per_device_eval_batch_size,per_device_train_batch_size,per_gpu_eval_batch_size,per_gpu_train_batch_size,prediction_loss_only,prefix,problem_type,push_to_hub,push_to_hub_model_id,push_to_hub_organization,push_to_hub_token,ray_scope,remove_invalid_values,remove_unused_columns,repetition_penalty,report_to,restore_callback_states_from_checkpoint,resume_from_checkpoint,return_dict,return_dict_in_generate,rms_norm_eps,rope_scaling,rope_theta,run_name,save_on_each_node,save_only_model,save_safetensors,save_steps,save_strategy,save_total_limit,seed,sep_token_id,skip_memory_metrics,sliding_window,suppress_tokens,task_specific_params,temperature,tf32,tf_legacy_loss,tie_encoder_decoder,tie_word_embeddings,tokenizer_class,top_k,top_p,torch_compile,torch_compile_backend,torch_compile_mode,torch_empty_cache_steps,torchdynamo,torchscript,tpu_metrics_debug,tpu_num_cores,trainer_config,transformers_version,typical_p,use_bfloat16,use_cache,use_cpu,use_ipex,use_legacy_prediction_loop,use_liger_kernel,use_mps_device,use_sliding_window,vocab_size,warmup_ratio,warmup_steps,weight_decay,State,Sweep,run_id
33141.0,9714.0,1758123452.0887415,33141.0,0.9804915189743042,9.984,500.801,12.019,4.539302349090576,639.6578,202.704,4.828,1.0,0.9804915189743042,9.984,500.801,12.019,4.539302349090576,639.6578,202.704,4.828,4021948795.0,470605075136380900,1.0,9701.0,0.232421875,3.032214399784224e-11,4.0816,4021948795.0,127140.947,4.425559413272097,31633.7816,193.199,0.307,"{'dispatch_batches': None, 'even_batches': True, 'gradient_accumulation_kwargs': None, 'non_blocking': False, 'split_batches': False, 'use_seedable_sampler': True}",False,0.9,0.999,1e-08,False,,False,0.0,False,False,,False,,True,False,,0.0,,"{'benchmark': 'EleutherAI/minerva_math', 'benchmark_shuffle_seed': 0, 'benchmark_subset_fraction': 1, 'corpus': 'fineweb-edu-dedup', 'num_benchmark_replicas_per_epoch': 316, 'shuffle_seed': 0}",0.0,True,8.0,False,True,4.0,,,,,1800.0,[],,,False,0.0,True,False,False,False,bfloat16,False,0.0,151643.0,,0.0,True,True,2000.0,steps,False,,,,,False,auto,False,O1,[],"{'min_num_params': 0, 'xla': False, 'xla_fsdp_grad_ckpt': False, 'xla_fsdp_v2': False}",0.0,,False,15.0,False,,,False,auto,128.0,silu,96.0,False,RylanSchaeffer/mem_Qwen3-34M_minerva_math_rep_316_sbst_1.0000_epch_1_ot_8,True,,end,<HUB_TOKEN>,"{'0': 'LABEL_0', '1': 'LABEL_1'}",False,[],False,True,False,0.02,256.0,False,False,False,"{'LABEL_0': 0, 'LABEL_1': 1}",,0.0,"['full_attention', 'full_attention', 'full_attention']",0.0010976798258144312,length,1.0,,False,0.0,passive,warning,True,models/pt_language_model/mem_Qwen3-34M_minerva_math_rep_316_sbst_1.0000_epch_1_ot_8/runs/Sep16_23-25-27_skampere1,False,True,1.0,steps,cosine,1.0,20.0,32768.0,-1.0,28.0,,0.0,34061856.0,"{'attn_implementation': 'flash_attention_2', 'model_name': 'Qwen3/Qwen3-34M', 'torch_dtype': 'bfloat16'}",qwen3,,,False,0.0,32.0,1.0,1.0,3.0,32.0,1.0,1.0,adamw_torch_fused,,,False,models/pt_language_model/mem_Qwen3-34M_minerva_math_rep_316_sbst_1.0000_epch_1_ot_8,False,False,False,151669.0,,-1.0,42.0,42.0,,,False,,,False,,,<PUSH_TO_HUB_TOKEN>,last,False,True,1.0,['wandb'],False,,True,False,1e-06,,10000.0,polished-sweep-9,False,False,True,500.0,no,1.0,0,,True,,,,1.0,,False,False,False,,50.0,1.0,True,inductor,,,,False,False,,"{'base_learning_rate': 1e-06, 'data_seed': 0, 'dataloader_drop_last': True, 'dataloader_num_workers': 8, 'dataloader_prefetch_factor': 4, 'eval_on_start': True, 'eval_steps': 2000, 'eval_strategy': 'steps', 'gradient_checkpointing': False, 'hub_strategy': 'end', 'logging_steps': 1, 'lr_scheduler_type': 'cosine', 'max_grad_norm': 1, 'max_length': 2048, 'max_steps': -1, 'num_train_epochs': 1, 'optim': 'adamw_torch_fused', 'overtrain_multiplier': 8, 'per_device_eval_batch_size': 42, 'per_device_train_batch_size': 42, 'remove_unused_columns': True, 'report_to': 'wandb', 'save_strategy': 'no', 'save_total_limit': 1, 'torch_compile': True, 'warmup_steps': 250, 'weight_decay': 0}",4.56.1,1.0,False,True,False,False,False,False,False,False,151670.0,0.0,250.0,0.0,finished,g31f7bsb,7zwn1smy
9327.0,3233.0,1758291677.5140622,9327.0,2.4491164684295654,10.1548,492.379,11.817,5.014224052429199,643.2658,201.567,4.801,1.0,2.4491164684295654,10.1548,492.379,11.817,5.014224052429199,643.2658,201.567,4.801,985788368.0,115346324060635140,1.0,3226.0,0.443359375,2.5466982703901474e-10,4.8349,985788368.0,117683.76,5.462870663467284,8376.5892,161.713,0.385,"{'dispatch_batches': None, 'even_batches': True, 'gradient_accumulation_kwargs': None, 'non_blocking': False, 'split_batches': False, 'use_seedable_sampler': True}",False,0.9,0.999,1e-08,False,,False,0.0,False,False,,False,,True,False,,0.0,,"{'benchmark': 'EleutherAI/minerva_math', 'benchmark_shuffle_seed': 0, 'benchmark_subset_fraction': 1, 'corpus': 'fineweb-edu-dedup', 'num_benchmark_replicas_per_epoch': 32, 'shuffle_seed': 0}",0.0,True,8.0,False,True,4.0,,,,,1800.0,[],,,False,0.0,True,False,False,False,bfloat16,False,0.0,151643.0,,0.0,True,True,2000.0,steps,False,,,,,False,auto,False,O1,[],"{'min_num_params': 0, 'xla': False, 'xla_fsdp_grad_ckpt': False, 'xla_fsdp_v2': False}",0.0,,False,10.0,False,,,False,auto,128.0,silu,96.0,False,RylanSchaeffer/mem_Qwen3-34M_minerva_math_rep_32_sbst_1.0000_epch_1_ot_2,True,,end,<HUB_TOKEN>,"{'0': 'LABEL_0', '1': 'LABEL_1'}",False,[],False,True,False,0.02,256.0,False,False,False,"{'LABEL_0': 0, 'LABEL_1': 1}",,0.0,"['full_attention', 'full_attention', 'full_attention']",0.000914120889160728,length,1.0,,False,0.0,passive,warning,True,models/pt_language_model/mem_Qwen3-34M_minerva_math_rep_32_sbst_1.0000_epch_1_ot_2/runs/Sep19_04-46-06_skampere1,False,True,1.0,steps,cosine,1.0,20.0,32768.0,-1.0,28.0,,0.0,34061856.0,"{'attn_implementation': 'flash_attention_2', 'model_name': 'Qwen3/Qwen3-34M', 'torch_dtype': 'bfloat16'}",qwen3,,,False,0.0,32.0,1.0,1.0,3.0,32.0,1.0,1.0,adamw_torch_fused,,,False,models/pt_language_model/mem_Qwen3-34M_minerva_math_rep_32_sbst_1.0000_epch_1_ot_2,False,False,False,151669.0,,-1.0,42.0,42.0,,,False,,,False,,,<PUSH_TO_HUB_TOKEN>,last,False,True,1.0,['wandb'],False,,True,False,1e-06,,10000.0,easy-sweep-32,False,False,True,500.0,no,1.0,0,,True,,,,1.0,,False,False,False,,50.0,1.0,True,inductor,,,,False,False,,"{'base_learning_rate': 1e-06, 'data_seed': 0, 'dataloader_drop_last': True, 'dataloader_num_workers': 8, 'dataloader_prefetch_factor': 4, 'eval_on_start': True, 'eval_steps': 2000, 'eval_strategy': 'steps', 'gradient_checkpointing': False, 'hub_strategy': 'end', 'logging_steps': 1, 'lr_scheduler_type': 'cosine', 'max_grad_norm': 1, 'max_length': 2048, 'max_steps': -1, 'num_train_epochs': 1, 'optim': 'adamw_torch_fused', 'overtrain_multiplier': 2, 'per_device_eval_batch_size': 42, 'per_device_train_batch_size': 42, 'remove_unused_columns': True, 'report_to': 'wandb', 'save_strategy': 'no', 'save_total_limit': 1, 'torch_compile': True, 'warmup_steps': 250, 'weight_decay': 0}",4.56.1,1.0,False,True,False,False,False,False,False,False,151670.0,0.0,250.0,0.0,finished,g31f7bsb,su1qugf5
5005.0,1651.0,1758202697.369502,5005.0,4.579388618469238,10.2379,488.384,11.721,5.519941806793213,637.9479,203.247,4.841,1.0,4.579388618469238,10.2379,488.384,11.721,5.519941806793213,637.9479,203.247,4.841,486575381.0,56933803797512190,1.0,1646.0,0.314453125,1.0561765863815018e-09,5.5798,486575381.0,119353.085,6.284218840002289,4076.7736,152.569,0.404,"{'dispatch_batches': None, 'even_batches': True, 'gradient_accumulation_kwargs': None, 'non_blocking': False, 'split_batches': False, 'use_seedable_sampler': True}",False,0.9,0.999,1e-08,False,,False,0.0,False,False,,False,,True,False,,0.0,,"{'benchmark': 'EleutherAI/minerva_math', 'benchmark_shuffle_seed': 0, 'benchmark_subset_fraction': 1, 'corpus': 'fineweb-edu-dedup', 'num_benchmark_replicas_per_epoch': 1, 'shuffle_seed': 0}",0.0,True,8.0,False,True,4.0,,,,,1800.0,[],,,False,0.0,True,False,False,False,bfloat16,False,0.0,151643.0,,0.0,True,True,2000.0,steps,False,,,,,False,auto,False,O1,[],"{'min_num_params': 0, 'xla': False, 'xla_fsdp_grad_ckpt': False, 'xla_fsdp_v2': False}",0.0,,False,9.0,False,,,False,auto,128.0,silu,96.0,False,RylanSchaeffer/mem_Qwen3-34M_minerva_math_rep_1_sbst_1.0000_epch_1_ot_1,True,,end,<HUB_TOKEN>,"{'0': 'LABEL_0', '1': 'LABEL_1'}",False,[],False,True,False,0.02,256.0,False,False,False,"{'LABEL_0': 0, 'LABEL_1': 1}",,0.0,"['full_attention', 'full_attention', 'full_attention']",0.0008341954207498384,length,1.0,,False,0.0,passive,warning,True,models/pt_language_model/mem_Qwen3-34M_minerva_math_rep_1_sbst_1.0000_epch_1_ot_1/runs/Sep18_05-15-07_skampere1,False,True,1.0,steps,cosine,1.0,20.0,32768.0,-1.0,28.0,,0.0,34061856.0,"{'attn_implementation': 'flash_attention_2', 'model_name': 'Qwen3/Qwen3-34M', 'torch_dtype': 'bfloat16'}",qwen3,,,False,0.0,32.0,1.0,1.0,3.0,32.0,1.0,1.0,adamw_torch_fused,,,False,models/pt_language_model/mem_Qwen3-34M_minerva_math_rep_1_sbst_1.0000_epch_1_ot_1,False,False,False,151669.0,,-1.0,42.0,42.0,,,False,,,False,,,<PUSH_TO_HUB_TOKEN>,last,False,True,1.0,['wandb'],False,,True,False,1e-06,,10000.0,iconic-sweep-21,False,False,True,500.0,no,1.0,0,,True,,,,1.0,,False,False,False,,50.0,1.0,True,inductor,,,,False,False,,"{'base_learning_rate': 1e-06, 'data_seed': 0, 'dataloader_drop_last': True, 'dataloader_num_workers': 8, 'dataloader_prefetch_factor': 4, 'eval_on_start': True, 'eval_steps': 2000, 'eval_strategy': 'steps', 'gradient_checkpointing': False, 'hub_strategy': 'end', 'logging_steps': 1, 'lr_scheduler_type': 'cosine', 'max_grad_norm': 1, 'max_length': 2048, 'max_steps': -1, 'num_train_epochs': 1, 'optim': 'adamw_torch_fused', 'overtrain_multiplier': 1, 'per_device_eval_batch_size': 42, 'per_device_train_batch_size': 42, 'remove_unused_columns': True, 'report_to': 'wandb', 'save_strategy': 'no', 'save_total_limit': 1, 'torch_compile': True, 'warmup_steps': 250, 'weight_decay': 0}",4.56.1,1.0,False,True,False,False,False,False,False,False,151670.0,0.0,250.0,0.0,finished,g31f7bsb,tw0o8t5u
54.0,,,54.0,,,,,,,,,,,,,,,,,,,,,,,,,,,,,,,,,,,,,,,,,,,,,,,,,,"{'benchmark': 'EleutherAI/minerva_math', 'benchmark_shuffle_seed': 0, 'benchmark_subset_fraction': 1, 'corpus': 'fineweb-edu-dedup', 'num_benchmark_replicas_per_epoch': 1000, 'shuffle_seed': 0}",,,,,,,,,,,,,,,,,,,,,,,,,,,,,,,,,,,,,,,,,,,,,,,,,,,,,,,,,,,,,,,,,,,,,,,,,,,,,,,,,,,,,,,,,,,,,,,,,,"{'attn_implementation': 'flash_attention_2', 'model_name': 'Qwen3/Qwen3-34M', 'torch_dtype': 'bfloat16'}",,,,,,,,,,,,,,,,,models/pt_language_model/mem_Qwen3-34M_minerva_math_rep_1000_sbst_1.0000_epch_1_ot_1,,,,,,,,,,,,,,,,,,,,,,,,,,,,,,smooth-sweep-1,,,,,,,0,,,,,,,,,,,,,,,,,,,,,,"{'base_learning_rate': 1e-06, 'data_seed': 0, 'dataloader_drop_last': True, 'dataloader_num_workers': 8, 'dataloader_prefetch_factor': 4, 'eval_on_start': True, 'eval_steps': 2000, 'eval_strategy': 'steps', 'gradient_checkpointing': False, 'hub_strategy': 'end', 'logging_steps': 1, 'lr_scheduler_type': 'cosine', 'max_grad_norm': 1, 'max_length': 2048, 'max_steps': -1, 'num_train_epochs': 1, 'optim': 'adamw_torch_fused', 'overtrain_multiplier': 1, 'per_device_eval_batch_size': 42, 'per_device_train_batch_size': 42, 'remove_unused_columns': True, 'report_to': 'wandb', 'save_strategy': 'no', 'save_total_limit': 1, 'torch_compile': True, 'warmup_steps': 250, 'weight_decay': 0}",,,,,,,,,,,,,,,failed,g31f7bsb,j1i4q3o4
13403.0,2649.0,1758096147.7501683,13403.0,5.464754104614258,12.0022,416.59,11.581,4.421920299530029,799.6676,162.144,4.504,1.0,5.464754104614258,12.0022,416.59,11.581,4.421920299530029,799.6676,162.144,4.504,897498277.0,207894203378696200,1.0,2642.0,0.20703125,3.900528513545103e-10,4.3676,897498277.0,76002.724,5.074185890288717,11808.7659,96.649,0.224,"{'dispatch_batches': None, 'even_batches': True, 'gradient_accumulation_kwargs': None, 'non_blocking': False, 'split_batches': False, 'use_seedable_sampler': True}",False,0.9,0.999,1e-08,False,,False,0.0,False,False,,False,,True,False,,0.0,,"{'benchmark': 'EleutherAI/minerva_math', 'benchmark_shuffle_seed': 0, 'benchmark_subset_fraction': 1, 'corpus': 'fineweb-edu-dedup', 'num_benchmark_replicas_per_epoch': 0, 'shuffle_seed': 0}",0.0,True,4.0,False,True,4.0,,,,,1800.0,[],,,False,0.0,True,False,False,False,bfloat16,False,0.0,151643.0,,0.0,True,True,2000.0,steps,False,,,,,False,auto,False,O1,[],"{'min_num_params': 0, 'xla': False, 'xla_fsdp_grad_ckpt': False, 'xla_fsdp_v2': False}",0.0,,False,12.0,False,,,False,auto,128.0,silu,160.0,False,RylanSchaeffer/mem_Qwen3-62M_minerva_math_rep_0_sbst_1.0000_epch_1_ot_1,True,,end,<HUB_TOKEN>,"{'0': 'LABEL_0', '1': 'LABEL_1'}",False,[],False,True,False,0.02,512.0,False,False,False,"{'LABEL_0': 0, 'LABEL_1': 1}",,0.0,"['full_attention', 'full_attention', 'full_attention', 'full_attention', 'full_attention']",0.000904494886663269,length,1.0,,False,0.0,passive,warning,True,models/pt_language_model/mem_Qwen3-62M_minerva_math_rep_0_sbst_1.0000_epch_1_ot_1/runs/Sep16_21-19-24_skampere1,False,True,1.0,steps,cosine,1.0,20.0,32768.0,-1.0,28.0,,0.0,62873440.0,"{'attn_implementation': 'flash_attention_2', 'model_name': 'Qwen3/Qwen3-62M', 'torch_dtype': 'bfloat16'}",qwen3,,,False,0.0,32.0,1.0,1.0,5.0,32.0,1.0,1.0,adamw_torch_fused,,,False,models/pt_language_model/mem_Qwen3-62M_minerva_math_rep_0_sbst_1.0000_epch_1_ot_1,False,False,False,151669.0,,-1.0,36.0,36.0,,,False,,,False,,,<PUSH_TO_HUB_TOKEN>,last,False,True,1.0,['wandb'],False,,True,False,1e-06,,10000.0,absurd-sweep-1,False,False,True,500.0,no,1.0,0,,True,,,,1.0,,False,False,False,,50.0,1.0,True,inductor,,,,False,False,,"{'base_learning_rate': 1e-06, 'data_seed': 0, 'dataloader_drop_last': True, 'dataloader_num_workers': 4, 'dataloader_prefetch_factor': 4, 'eval_on_start': True, 'eval_steps': 2000, 'eval_strategy': 'steps', 'gradient_checkpointing': False, 'hub_strategy': 'end', 'logging_steps': 1, 'lr_scheduler_type': 'cosine', 'max_grad_norm': 1, 'max_length': 2048, 'max_steps': -1, 'num_train_epochs': 1, 'optim': 'adamw_torch_fused', 'overtrain_multiplier': 1, 'per_device_eval_batch_size': 36, 'per_device_train_batch_size': 36, 'remove_unused_columns': True, 'report_to': 'wandb', 'save_strategy': 'no', 'save_total_limit': 1, 'torch_compile': True, 'warmup_steps': 250, 'weight_decay': 0}",4.56.1,1.0,False,True,False,False,False,False,False,False,151670.0,0.0,250.0,0.0,finished,u7dxxphm,v9cbdkj2
102989.0,15648.0,1758185211.2940712,102989.0,3.8348684310913086,6.9176,722.796,9.107,3.0945796966552734,449.1961,288.651,3.609,1.0,3.8348684310913086,6.9176,722.796,9.107,3.0945796966552734,449.1961,288.651,3.609,9822735256.0,15126719343578055000,1.0,15613.0,0.2333984375,1.2967662671174087e-11,2.9753,9822735256.0,97758.93,3.3434025019355733,100479.1617,124.301,0.155,"{'dispatch_batches': None, 'even_batches': True, 'gradient_accumulation_kwargs': None, 'non_blocking': False, 'split_batches': False, 'use_seedable_sampler': True}",False,0.9,0.999,1e-08,False,,False,0.0,False,True,,False,,True,False,,0.0,,"{'benchmark': 'EleutherAI/minerva_math', 'benchmark_shuffle_seed': 0, 'benchmark_subset_fraction': 1, 'corpus': 'fineweb-edu-dedup', 'num_benchmark_replicas_per_epoch': 0, 'shuffle_seed': 0}",0.0,True,4.0,False,True,4.0,nccl,,,False,1800.0,[],,,False,0.0,True,False,False,False,bfloat16,False,0.0,151643.0,,0.0,True,True,1000.0,steps,False,,,,,False,auto,False,O1,[],"{'min_num_params': 0, 'xla': False, 'xla_fsdp_grad_ckpt': False, 'xla_fsdp_v2': False}",0.0,,False,10.0,False,,,False,auto,128.0,silu,576.0,False,RylanSchaeffer/mem_Qwen3-344M_minerva_math_rep_0_sbst_1.0000_epch_1_ot_2.000,True,,end,<HUB_TOKEN>,"{'0': 'LABEL_0', '1': 'LABEL_1'}",False,[],False,True,False,0.02,1536.0,False,False,False,"{'LABEL_0': 0, 'LABEL_1': 1}",,0.0,"['full_attention', 'full_attention', 'full_attention', 'full_attention', 'full_attention', 'full_attention', 'full_attention', 'full_attention', 'full_attention', 'full_attention', 'full_attention', 'full_attention', 'full_attention', 'full_attention']",0.0012404350043432343,length,1.0,,False,0.0,passive,warning,True,models/pt_language_model/mem_Qwen3-344M_minerva_math_rep_0_sbst_1.0000_epch_1_ot_2.000/runs/Sep16_21-11-06_skampere2.stanford.edu,False,True,1.0,steps,cosine,1.0,20.0,32768.0,-1.0,28.0,,0.0,344023616.0,"{'attn_implementation': 'flash_attention_2', 'model_name': 'Qwen3/Qwen3-344M', 'torch_dtype': 'bfloat16'}",qwen3,,,False,0.0,32.0,1.0,1.0,14.0,32.0,1.0,1.0,adamw_torch_fused,,,False,models/pt_language_model/mem_Qwen3-344M_minerva_math_rep_0_sbst_1.0000_epch_1_ot_2.000,False,False,False,151669.0,,-1.0,40.0,40.0,,,False,,,False,,,<PUSH_TO_HUB_TOKEN>,last,False,True,1.0,['wandb'],False,,True,False,1e-06,,10000.0,jolly-sweep-2,False,False,True,500.0,no,1.0,0,,True,,,,1.0,,False,False,False,,50.0,1.0,True,inductor,,,,False,False,,"{'base_learning_rate': 1e-06, 'data_seed': 0, 'dataloader_drop_last': True, 'dataloader_num_workers': 4, 'dataloader_prefetch_factor': 4, 'eval_on_start': True, 'eval_steps': 1000, 'eval_strategy': 'steps', 'gradient_checkpointing': False, 'hub_strategy': 'end', 'logging_steps': 1, 'lr_scheduler_type': 'cosine', 'max_grad_norm': 1, 'max_length': 2048, 'max_steps': -1, 'num_train_epochs': 1, 'optim': 'adamw_torch_fused', 'overtrain_multiplier': 2, 'per_device_eval_batch_size': 40, 'per_device_train_batch_size': 40, 'remove_unused_columns': True, 'report_to': 'wandb', 'save_strategy': 'no', 'save_total_limit': 1, 'torch_compile': True, 'warmup_steps': 250, 'weight_decay': 0}",4.56.1,1.0,False,True,False,False,False,False,False,False,151670.0,0.0,250.0,0.0,finished,09c432gh,c3ltnnvk
43260.0,6223.0,1758149080.835047,43260.0,4.588803291320801,14.328,348.968,10.329,3.780661106109619,892.6127,145.26,4.273,1.0,4.588803291320801,14.328,348.968,10.329,3.780661106109619,892.6127,145.26,4.273,2657264974.0,942189630141235200,1.0,6212.0,0.375,7.245737093398773e-11,3.7399,2657264974.0,63792.625,4.153546347590469,41654.7378,81.116,0.149,"{'dispatch_batches': None, 'even_batches': True, 'gradient_accumulation_kwargs': None, 'non_blocking': False, 'split_batches': False, 'use_seedable_sampler': True}",False,0.9,0.999,1e-08,False,,False,0.0,False,False,,False,,True,False,,0.0,,"{'benchmark': 'EleutherAI/minerva_math', 'benchmark_shuffle_seed': 0, 'benchmark_subset_fraction': 1, 'corpus': 'fineweb-edu-dedup', 'num_benchmark_replicas_per_epoch': 0, 'shuffle_seed': 0}",0.0,True,8.0,False,True,4.0,,,,,1800.0,[],,,False,0.0,True,False,False,False,bfloat16,False,0.0,151643.0,,0.0,True,True,2000.0,steps,False,,,,,False,auto,False,O1,[],"{'min_num_params': 0, 'xla': False, 'xla_fsdp_grad_ckpt': False, 'xla_fsdp_v2': False}",0.0,,False,16.0,False,,,False,auto,128.0,silu,224.0,False,RylanSchaeffer/mem_Qwen3-93M_minerva_math_rep_0_sbst_1.0000_epch_1_ot_2,True,,end,<HUB_TOKEN>,"{'0': 'LABEL_0', '1': 'LABEL_1'}",False,[],False,True,False,0.02,768.0,False,False,False,"{'LABEL_0': 0, 'LABEL_1': 1}",,0.0,"['full_attention', 'full_attention', 'full_attention', 'full_attention', 'full_attention', 'full_attention']",0.001043822781893555,length,1.0,,False,0.0,passive,warning,True,models/pt_language_model/mem_Qwen3-93M_minerva_math_rep_0_sbst_1.0000_epch_1_ot_2/runs/Sep17_03-44-04_skampere1,False,True,1.0,steps,cosine,1.0,20.0,32768.0,-1.0,28.0,,0.0,93069280.0,"{'attn_implementation': 'flash_attention_2', 'model_name': 'Qwen3/Qwen3-93M', 'torch_dtype': 'bfloat16'}",qwen3,,,False,0.0,32.0,1.0,1.0,6.0,32.0,1.0,1.0,adamw_torch_fused,,,False,models/pt_language_model/mem_Qwen3-93M_minerva_math_rep_0_sbst_1.0000_epch_1_ot_2,False,False,False,151669.0,,-1.0,34.0,34.0,,,False,,,False,,,<PUSH_TO_HUB_TOKEN>,last,False,True,1.0,['wandb'],False,,True,False,1e-06,,10000.0,pious-sweep-2,False,False,True,500.0,no,1.0,0,,True,,,,1.0,,False,False,False,,50.0,1.0,True,inductor,,,,False,False,,"{'base_learning_rate': 1e-06, 'data_seed': 0, 'dataloader_drop_last': True, 'dataloader_num_workers': 8, 'dataloader_prefetch_factor': 4, 'eval_on_start': True, 'eval_steps': 2000, 'eval_strategy': 'steps', 'gradient_checkpointing': False, 'hub_strategy': 'end', 'logging_steps': 1, 'lr_scheduler_type': 'cosine', 'max_grad_norm': 1, 'max_length': 2048, 'max_steps': -1, 'num_train_epochs': 1, 'optim': 'adamw_torch_fused', 'overtrain_multiplier': 2, 'per_device_eval_batch_size': 34, 'per_device_train_batch_size': 34, 'remove_unused_columns': True, 'report_to': 'wandb', 'save_strategy': 'no', 'save_total_limit': 1, 'torch_compile': True, 'warmup_steps': 250, 'weight_decay': 0}",4.56.1,1.0,False,True,False,False,False,False,False,False,151670.0,0.0,250.0,0.0,finished,ho49sshi,61vzbow0
55.0,,,55.0,,,,,,,,,,,,,,,,,,,,,,,,,,,,,,,,,,,,,,,,,,,,,,,,,,"{'benchmark': 'EleutherAI/minerva_math', 'benchmark_shuffle_seed': 0, 'benchmark_subset_fraction': 1, 'corpus': 'fineweb-edu-dedup', 'num_benchmark_replicas_per_epoch': 1000, 'shuffle_seed': 0}",,,,,,,,,,,,,,,,,,,,,,,,,,,,,,,,,,,,,,,,,,,,,,,,,,,,,,,,,,,,,,,,,,,,,,,,,,,,,,,,,,,,,,,,,,,,,,,,,,"{'attn_implementation': 'flash_attention_2', 'model_name': 'Qwen3/Qwen3-34M', 'torch_dtype': 'bfloat16'}",,,,,,,,,,,,,,,,,models/pt_language_model/mem_Qwen3-34M_minerva_math_rep_1000_sbst_1.0000_epch_1_ot_2,,,,,,,,,,,,,,,,,,,,,,,,,,,,,,worldly-sweep-2,,,,,,,0,,,,,,,,,,,,,,,,,,,,,,"{'base_learning_rate': 1e-06, 'data_seed': 0, 'dataloader_drop_last': True, 'dataloader_num_workers': 8, 'dataloader_prefetch_factor': 4, 'eval_on_start': True, 'eval_steps': 2000, 'eval_strategy': 'steps', 'gradient_checkpointing': False, 'hub_strategy': 'end', 'logging_steps': 1, 'lr_scheduler_type': 'cosine', 'max_grad_norm': 1, 'max_length': 2048, 'max_steps': -1, 'num_train_epochs': 1, 'optim': 'adamw_torch_fused', 'overtrain_multiplier': 2, 'per_device_eval_batch_size': 42, 'per_device_train_batch_size': 42, 'remove_unused_columns': True, 'report_to': 'wandb', 'save_strategy': 'no', 'save_total_limit': 1, 'torch_compile': True, 'warmup_steps': 250, 'weight_decay': 0}",,,,,,,,,,,,,,,failed,g31f7bsb,etoafojk
24293.0,4546.0,1758216134.7537997,24293.0,2.9191737174987793,11.9873,417.11,11.596,4.131250858306885,797.3132,162.622,4.518,1.0,2.9191737174987793,11.9873,417.11,11.596,4.131250858306885,797.3132,162.622,4.518,1795645150.0,415938645789245440,1.0,4537.0,0.291015625,1.330683384479879e-10,4.2617,1795645150.0,78841.799,4.596940882962155,22775.2951,100.385,0.199,"{'dispatch_batches': None, 'even_batches': True, 'gradient_accumulation_kwargs': None, 'non_blocking': False, 'split_batches': False, 'use_seedable_sampler': True}",False,0.9,0.999,1e-08,False,,False,0.0,False,False,,False,,True,False,,0.0,,"{'benchmark': 'EleutherAI/minerva_math', 'benchmark_shuffle_seed': 0, 'benchmark_subset_fraction': 1, 'corpus': 'fineweb-edu-dedup', 'num_benchmark_replicas_per_epoch': 1, 'shuffle_seed': 0}",0.0,True,4.0,False,True,4.0,,,,,1800.0,[],,,False,0.0,True,False,False,False,bfloat16,False,0.0,151643.0,,0.0,True,True,2000.0,steps,False,,,,,False,auto,False,O1,[],"{'min_num_params': 0, 'xla': False, 'xla_fsdp_grad_ckpt': False, 'xla_fsdp_v2': False}",0.0,,False,14.0,False,,,False,auto,128.0,silu,160.0,False,RylanSchaeffer/mem_Qwen3-62M_minerva_math_rep_1_sbst_1.0000_epch_1_ot_2,True,,end,<HUB_TOKEN>,"{'0': 'LABEL_0', '1': 'LABEL_1'}",False,[],False,True,False,0.02,512.0,False,False,False,"{'LABEL_0': 0, 'LABEL_1': 1}",,0.0,"['full_attention', 'full_attention', 'full_attention', 'full_attention', 'full_attention']",0.00099115589086682,length,1.0,,False,0.0,passive,warning,True,models/pt_language_model/mem_Qwen3-62M_minerva_math_rep_1_sbst_1.0000_epch_1_ot_2/runs/Sep18_03-37-40_skampere1,False,True,1.0,steps,cosine,1.0,20.0,32768.0,-1.0,28.0,,0.0,62873440.0,"{'attn_implementation': 'flash_attention_2', 'model_name': 'Qwen3/Qwen3-62M', 'torch_dtype': 'bfloat16'}",qwen3,,,False,0.0,32.0,1.0,1.0,5.0,32.0,1.0,1.0,adamw_torch_fused,,,False,models/pt_language_model/mem_Qwen3-62M_minerva_math_rep_1_sbst_1.0000_epch_1_ot_2,False,False,False,151669.0,,-1.0,36.0,36.0,,,False,,,False,,,<PUSH_TO_HUB_TOKEN>,last,False,True,1.0,['wandb'],False,,True,False,1e-06,,10000.0,divine-sweep-12,False,False,True,500.0,no,1.0,0,,True,,,,1.0,,False,False,False,,50.0,1.0,True,inductor,,,,False,False,,"{'base_learning_rate': 1e-06, 'data_seed': 0, 'dataloader_drop_last': True, 'dataloader_num_workers': 4, 'dataloader_prefetch_factor': 4, 'eval_on_start': True, 'eval_steps': 2000, 'eval_strategy': 'steps', 'gradient_checkpointing': False, 'hub_strategy': 'end', 'logging_steps': 1, 'lr_scheduler_type': 'cosine', 'max_grad_norm': 1, 'max_length': 2048, 'max_steps': -1, 'num_train_epochs': 1, 'optim': 'adamw_torch_fused', 'overtrain_multiplier': 2, 'per_device_eval_batch_size': 36, 'per_device_train_batch_size': 36, 'remove_unused_columns': True, 'report_to': 'wandb', 'save_strategy': 'no', 'save_total_limit': 1, 'torch_compile': True, 'warmup_steps': 250, 'weight_decay': 0}",4.56.1,1.0,False,True,False,False,False,False,False,False,151670.0,0.0,250.0,0.0,finished,u7dxxphm,6r9a3k8f
24325.0,4538.0,1758107072.275433,24325.0,5.042723655700684,11.8105,423.351,11.769,4.135428428649902,794.1844,163.263,4.535,1.0,5.042723655700684,11.8105,423.351,11.769,4.135428428649902,794.1844,163.263,4.535,1795209441.0,415837719382458400,1.0,4529.0,0.185546875,1.3356637154599312e-10,4.0856,1795209441.0,79441.749,4.601118637884287,22597.8098,101.01,0.2,"{'dispatch_batches': None, 'even_batches': True, 'gradient_accumulation_kwargs': None, 'non_blocking': False, 'split_batches': False, 'use_seedable_sampler': True}",False,0.9,0.999,1e-08,False,,False,0.0,False,False,,False,,True,False,,0.0,,"{'benchmark': 'EleutherAI/minerva_math', 'benchmark_shuffle_seed': 0, 'benchmark_subset_fraction': 1, 'corpus': 'fineweb-edu-dedup', 'num_benchmark_replicas_per_epoch': 0, 'shuffle_seed': 0}",0.0,True,4.0,False,True,4.0,,,,,1800.0,[],,,False,0.0,True,False,False,False,bfloat16,False,0.0,151643.0,,0.0,True,True,2000.0,steps,False,,,,,False,auto,False,O1,[],"{'min_num_params': 0, 'xla': False, 'xla_fsdp_grad_ckpt': False, 'xla_fsdp_v2': False}",0.0,,False,14.0,False,,,False,auto,128.0,silu,160.0,False,RylanSchaeffer/mem_Qwen3-62M_minerva_math_rep_0_sbst_1.0000_epch_1_ot_2,True,,end,<HUB_TOKEN>,"{'0': 'LABEL_0', '1': 'LABEL_1'}",False,[],False,True,False,0.02,512.0,False,False,False,"{'LABEL_0': 0, 'LABEL_1': 1}",,0.0,"['full_attention', 'full_attention', 'full_attention', 'full_attention', 'full_attention']",0.00099115589086682,length,1.0,,False,0.0,passive,warning,True,models/pt_language_model/mem_Qwen3-62M_minerva_math_rep_0_sbst_1.0000_epch_1_ot_2/runs/Sep16_21-19-27_skampere1,False,True,1.0,steps,cosine,1.0,20.0,32768.0,-1.0,28.0,,0.0,62873440.0,"{'attn_implementation': 'flash_attention_2', 'model_name': 'Qwen3/Qwen3-62M', 'torch_dtype': 'bfloat16'}",qwen3,,,False,0.0,32.0,1.0,1.0,5.0,32.0,1.0,1.0,adamw_torch_fused,,,False,models/pt_language_model/mem_Qwen3-62M_minerva_math_rep_0_sbst_1.0000_epch_1_ot_2,False,False,False,151669.0,,-1.0,36.0,36.0,,,False,,,False,,,<PUSH_TO_HUB_TOKEN>,last,False,True,1.0,['wandb'],False,,True,False,1e-06,,10000.0,smooth-sweep-2,False,False,True,500.0,no,1.0,0,,True,,,,1.0,,False,False,False,,50.0,1.0,True,inductor,,,,False,False,,"{'base_learning_rate': 1e-06, 'data_seed': 0, 'dataloader_drop_last': True, 'dataloader_num_workers': 4, 'dataloader_prefetch_factor': 4, 'eval_on_start': True, 'eval_steps': 2000, 'eval_strategy': 'steps', 'gradient_checkpointing': False, 'hub_strategy': 'end', 'logging_steps': 1, 'lr_scheduler_type': 'cosine', 'max_grad_norm': 1, 'max_length': 2048, 'max_steps': -1, 'num_train_epochs': 1, 'optim': 'adamw_torch_fused', 'overtrain_multiplier': 2, 'per_device_eval_batch_size': 36, 'per_device_train_batch_size': 36, 'remove_unused_columns': True, 'report_to': 'wandb', 'save_strategy': 'no', 'save_total_limit': 1, 'torch_compile': True, 'warmup_steps': 250, 'weight_decay': 0}",4.56.1,1.0,False,True,False,False,False,False,False,False,151670.0,0.0,250.0,0.0,finished,u7dxxphm,v5e58hbq
9354.0,2960.0,1758209179.6835349,9354.0,4.108611106872559,9.7666,511.951,12.287,5.005868434906006,642.1454,201.918,4.809,1.0,4.108611106872559,9.7666,511.951,12.287,5.005868434906006,642.1454,201.918,4.809,972852081.0,113832659223838720,1.0,2953.0,0.25390625,3.0871039052972335e-10,5.0329,972852081.0,117545.911,5.595625054662687,8276.3594,149.86,0.357,"{'dispatch_batches': None, 'even_batches': True, 'gradient_accumulation_kwargs': None, 'non_blocking': False, 'split_batches': False, 'use_seedable_sampler': True}",False,0.9,0.999,1e-08,False,,False,0.0,False,False,,False,,True,False,,0.0,,"{'benchmark': 'EleutherAI/minerva_math', 'benchmark_shuffle_seed': 0, 'benchmark_subset_fraction': 1, 'corpus': 'fineweb-edu-dedup', 'num_benchmark_replicas_per_epoch': 1, 'shuffle_seed': 0}",0.0,True,8.0,False,True,4.0,,,,,1800.0,[],,,False,0.0,True,False,False,False,bfloat16,False,0.0,151643.0,,0.0,True,True,2000.0,steps,False,,,,,False,auto,False,O1,[],"{'min_num_params': 0, 'xla': False, 'xla_fsdp_grad_ckpt': False, 'xla_fsdp_v2': False}",0.0,,False,10.0,False,,,False,auto,128.0,silu,96.0,False,RylanSchaeffer/mem_Qwen3-34M_minerva_math_rep_1_sbst_1.0000_epch_1_ot_2,True,,end,<HUB_TOKEN>,"{'0': 'LABEL_0', '1': 'LABEL_1'}",False,[],False,True,False,0.02,256.0,False,False,False,"{'LABEL_0': 0, 'LABEL_1': 1}",,0.0,"['full_attention', 'full_attention', 'full_attention']",0.000914120889160728,length,1.0,,False,0.0,passive,warning,True,models/pt_language_model/mem_Qwen3-34M_minerva_math_rep_1_sbst_1.0000_epch_1_ot_2/runs/Sep18_05-50-40_skampere1,False,True,1.0,steps,cosine,1.0,20.0,32768.0,-1.0,28.0,,0.0,34061856.0,"{'attn_implementation': 'flash_attention_2', 'model_name': 'Qwen3/Qwen3-34M', 'torch_dtype': 'bfloat16'}",qwen3,,,False,0.0,32.0,1.0,1.0,3.0,32.0,1.0,1.0,adamw_torch_fused,,,False,models/pt_language_model/mem_Qwen3-34M_minerva_math_rep_1_sbst_1.0000_epch_1_ot_2,False,False,False,151669.0,,-1.0,42.0,42.0,,,False,,,False,,,<PUSH_TO_HUB_TOKEN>,last,False,True,1.0,['wandb'],False,,True,False,1e-06,,10000.0,zany-sweep-22,False,False,True,500.0,no,1.0,0,,True,,,,1.0,,False,False,False,,50.0,1.0,True,inductor,,,,False,False,,"{'base_learning_rate': 1e-06, 'data_seed': 0, 'dataloader_drop_last': True, 'dataloader_num_workers': 8, 'dataloader_prefetch_factor': 4, 'eval_on_start': True, 'eval_steps': 2000, 'eval_strategy': 'steps', 'gradient_checkpointing': False, 'hub_strategy': 'end', 'logging_steps': 1, 'lr_scheduler_type': 'cosine', 'max_grad_norm': 1, 'max_length': 2048, 'max_steps': -1, 'num_train_epochs': 1, 'optim': 'adamw_torch_fused', 'overtrain_multiplier': 2, 'per_device_eval_batch_size': 42, 'per_device_train_batch_size': 42, 'remove_unused_columns': True, 'report_to': 'wandb', 'save_strategy': 'no', 'save_total_limit': 1, 'torch_compile': True, 'warmup_steps': 250, 'weight_decay': 0}",4.56.1,1.0,False,True,False,False,False,False,False,False,151670.0,0.0,250.0,0.0,finished,g31f7bsb,ibmijkrj
4983.0,1641.0,1758160904.0106637,4983.0,7.143748760223389,9.745,513.084,12.314,5.532861232757568,638.7616,202.988,4.834,1.0,7.143748760223389,9.745,513.084,12.314,5.532861232757568,638.7616,202.988,4.834,486122537.0,56880816971579390,1.0,1636.0,0.2890625,1.0714722038927497e-09,5.5066,486122537.0,118520.797,6.301503853576399,4101.5812,150.747,0.399,"{'dispatch_batches': None, 'even_batches': True, 'gradient_accumulation_kwargs': None, 'non_blocking': False, 'split_batches': False, 'use_seedable_sampler': True}",False,0.9,0.999,1e-08,False,,False,0.0,False,False,,False,,True,False,,0.0,,"{'benchmark': 'EleutherAI/minerva_math', 'benchmark_shuffle_seed': 0, 'benchmark_subset_fraction': 1, 'corpus': 'fineweb-edu-dedup', 'num_benchmark_replicas_per_epoch': 0, 'shuffle_seed': 0}",0.0,True,8.0,False,True,4.0,,,,,1800.0,[],,,False,0.0,True,False,False,False,bfloat16,False,0.0,151643.0,,0.0,True,True,2000.0,steps,False,,,,,False,auto,False,O1,[],"{'min_num_params': 0, 'xla': False, 'xla_fsdp_grad_ckpt': False, 'xla_fsdp_v2': False}",0.0,,False,9.0,False,,,False,auto,128.0,silu,96.0,False,RylanSchaeffer/mem_Qwen3-34M_minerva_math_rep_0_sbst_1.0000_epch_1_ot_1,True,,end,<HUB_TOKEN>,"{'0': 'LABEL_0', '1': 'LABEL_1'}",False,[],False,True,False,0.02,256.0,False,False,False,"{'LABEL_0': 0, 'LABEL_1': 1}",,0.0,"['full_attention', 'full_attention', 'full_attention']",0.0008341954207498384,length,1.0,,False,0.0,passive,warning,True,models/pt_language_model/mem_Qwen3-34M_minerva_math_rep_0_sbst_1.0000_epch_1_ot_1/runs/Sep17_17-38-57_skampere1,False,True,1.0,steps,cosine,1.0,20.0,32768.0,-1.0,28.0,,0.0,34061856.0,"{'attn_implementation': 'flash_attention_2', 'model_name': 'Qwen3/Qwen3-34M', 'torch_dtype': 'bfloat16'}",qwen3,,,False,0.0,32.0,1.0,1.0,3.0,32.0,1.0,1.0,adamw_torch_fused,,,False,models/pt_language_model/mem_Qwen3-34M_minerva_math_rep_0_sbst_1.0000_epch_1_ot_1,False,False,False,151669.0,,-1.0,42.0,42.0,,,False,,,False,,,<PUSH_TO_HUB_TOKEN>,last,False,True,1.0,['wandb'],False,,True,False,1e-06,,10000.0,unique-sweep-16,False,False,True,500.0,no,1.0,0,,True,,,,1.0,,False,False,False,,50.0,1.0,True,inductor,,,,False,False,,"{'base_learning_rate': 1e-06, 'data_seed': 0, 'dataloader_drop_last': True, 'dataloader_num_workers': 8, 'dataloader_prefetch_factor': 4, 'eval_on_start': True, 'eval_steps': 2000, 'eval_strategy': 'steps', 'gradient_checkpointing': False, 'hub_strategy': 'end', 'logging_steps': 1, 'lr_scheduler_type': 'cosine', 'max_grad_norm': 1, 'max_length': 2048, 'max_steps': -1, 'num_train_epochs': 1, 'optim': 'adamw_torch_fused', 'overtrain_multiplier': 1, 'per_device_eval_batch_size': 42, 'per_device_train_batch_size': 42, 'remove_unused_columns': True, 'report_to': 'wandb', 'save_strategy': 'no', 'save_total_limit': 1, 'torch_compile': True, 'warmup_steps': 250, 'weight_decay': 0}",4.56.1,1.0,False,True,False,False,False,False,False,False,151670.0,0.0,250.0,0.0,finished,g31f7bsb,1wv0kz8o
13242.819669812,2869.0,1758418743.3594222,13242.0,0.08226941525936127,9.3746,533.353,7.894,3.826183557510376,618.0797,209.78,3.085,,,,,,,,,,,,0.39526264071577566,2866.0,0.142578125,0.0007054551538142372,2.9218,915711067.0,71817.333,,12750.5579,,,"{'dispatch_batches': None, 'even_batches': True, 'gradient_accumulation_kwargs': None, 'non_blocking': False, 'split_batches': False, 'use_seedable_sampler': True}",False,0.9,0.999,1e-08,False,,False,0.0,False,True,,False,,True,False,,0.0,,"{'benchmark': 'EleutherAI/minerva_math', 'benchmark_shuffle_seed': 0, 'benchmark_subset_fraction': 1, 'corpus': 'fineweb-edu-dedup', 'num_benchmark_replicas_per_epoch': 316, 'shuffle_seed': 0}",0.0,True,4.0,False,True,4.0,nccl,,,False,1800.0,[],,,False,0.0,True,False,False,False,bfloat16,False,0.0,151643.0,,0.0,True,True,2000.0,steps,False,,,,,False,auto,False,O1,[],"{'min_num_params': 0, 'xla': False, 'xla_fsdp_grad_ckpt': False, 'xla_fsdp_v2': False}",0.0,,False,8.0,False,,,False,auto,128.0,silu,320.0,False,RylanSchaeffer/mem_Qwen3-153M_minerva_math_rep_316_sbst_1.0000_epch_1_ot_1,True,,end,<HUB_TOKEN>,"{'0': 'LABEL_0', '1': 'LABEL_1'}",False,[],False,True,False,0.02,1024.0,False,False,False,"{'LABEL_0': 0, 'LABEL_1': 1}",,0.0,"['full_attention', 'full_attention', 'full_attention', 'full_attention', 'full_attention', 'full_attention', 'full_attention', 'full_attention', 'full_attention']",0.0010172531641631792,length,1.0,,False,0.0,passive,warning,True,models/pt_language_model/mem_Qwen3-153M_minerva_math_rep_316_sbst_1.0000_epch_1_ot_1/runs/Sep20_14-58-28_skampere1,False,True,1.0,steps,cosine,1.0,20.0,32768.0,-1.0,28.0,,0.0,153110464.0,"{'attn_implementation': 'flash_attention_2', 'model_name': 'Qwen3/Qwen3-153M', 'torch_dtype': 'bfloat16'}",qwen3,,,False,0.0,32.0,1.0,1.0,9.0,32.0,1.0,1.0,adamw_torch_fused,,,False,models/pt_language_model/mem_Qwen3-153M_minerva_math_rep_316_sbst_1.0000_epch_1_ot_1,False,False,False,151669.0,,-1.0,34.0,34.0,,,False,,,False,,,<PUSH_TO_HUB_TOKEN>,last,False,True,1.0,['wandb'],False,,True,False,1e-06,,10000.0,glad-sweep-2,False,False,True,500.0,no,1.0,0,,True,,,,1.0,,False,False,False,,50.0,1.0,True,inductor,,,,False,False,,"{'base_learning_rate': 1e-06, 'data_seed': 0, 'dataloader_drop_last': True, 'dataloader_num_workers': 4, 'dataloader_prefetch_factor': 4, 'eval_on_start': True, 'eval_steps': 2000, 'eval_strategy': 'steps', 'gradient_checkpointing': False, 'hub_strategy': 'end', 'logging_steps': 1, 'lr_scheduler_type': 'cosine', 'max_grad_norm': 1, 'max_length': 2048, 'max_steps': -1, 'num_train_epochs': 1, 'optim': 'adamw_torch_fused', 'overtrain_multiplier': 1, 'per_device_eval_batch_size': 34, 'per_device_train_batch_size': 34, 'remove_unused_columns': True, 'report_to': 'wandb', 'save_strategy': 'no', 'save_total_limit': 1, 'torch_compile': True, 'warmup_steps': 250, 'weight_decay': 0}",4.56.1,1.0,False,True,False,False,False,False,False,False,151670.0,0.0,250.0,0.0,running,sl086kx0,ou5mf91q
6106.0,2619.0,1758109284.4487872,6106.0,1.452614426612854,9.8623,506.981,12.168,5.489239692687988,637.4407,203.409,4.844,1.0,1.452614426612854,9.8623,506.981,12.168,5.489239692687988,637.4407,203.409,4.844,527446026.0,61716045982597120,1.0,2612.0,0.54296875,3.6893317126400507e-10,4.5846,527446026.0,105508.362,5.076979961000942,4999.0933,197.442,0.522,"{'dispatch_batches': None, 'even_batches': True, 'gradient_accumulation_kwargs': None, 'non_blocking': False, 'split_batches': False, 'use_seedable_sampler': True}",False,0.9,0.999,1e-08,False,,False,0.0,False,False,,False,,True,False,,0.0,,"{'benchmark': 'EleutherAI/minerva_math', 'benchmark_shuffle_seed': 0, 'benchmark_subset_fraction': 1, 'corpus': 'fineweb-edu-dedup', 'num_benchmark_replicas_per_epoch': 100, 'shuffle_seed': 0}",0.0,True,8.0,False,True,4.0,,,,,1800.0,[],,,False,0.0,True,False,False,False,bfloat16,False,0.0,151643.0,,0.0,True,True,2000.0,steps,False,,,,,False,auto,False,O1,[],"{'min_num_params': 0, 'xla': False, 'xla_fsdp_grad_ckpt': False, 'xla_fsdp_v2': False}",0.0,,False,9.0,False,,,False,auto,128.0,silu,96.0,False,RylanSchaeffer/mem_Qwen3-34M_minerva_math_rep_100_sbst_1.0000_epch_1_ot_1,True,,end,<HUB_TOKEN>,"{'0': 'LABEL_0', '1': 'LABEL_1'}",False,[],False,True,False,0.02,256.0,False,False,False,"{'LABEL_0': 0, 'LABEL_1': 1}",,0.0,"['full_attention', 'full_attention', 'full_attention']",0.0008341954207498384,length,1.0,,False,0.0,passive,warning,True,models/pt_language_model/mem_Qwen3-34M_minerva_math_rep_100_sbst_1.0000_epch_1_ot_1/runs/Sep17_02-59-54_skampere1,False,True,1.0,steps,cosine,1.0,20.0,32768.0,-1.0,28.0,,0.0,34061856.0,"{'attn_implementation': 'flash_attention_2', 'model_name': 'Qwen3/Qwen3-34M', 'torch_dtype': 'bfloat16'}",qwen3,,,False,0.0,32.0,1.0,1.0,3.0,32.0,1.0,1.0,adamw_torch_fused,,,False,models/pt_language_model/mem_Qwen3-34M_minerva_math_rep_100_sbst_1.0000_epch_1_ot_1,False,False,False,151669.0,,-1.0,42.0,42.0,,,False,,,False,,,<PUSH_TO_HUB_TOKEN>,last,False,True,1.0,['wandb'],False,,True,False,1e-06,,10000.0,cool-sweep-11,False,False,True,500.0,no,1.0,0,,True,,,,1.0,,False,False,False,,50.0,1.0,True,inductor,,,,False,False,,"{'base_learning_rate': 1e-06, 'data_seed': 0, 'dataloader_drop_last': True, 'dataloader_num_workers': 8, 'dataloader_prefetch_factor': 4, 'eval_on_start': True, 'eval_steps': 2000, 'eval_strategy': 'steps', 'gradient_checkpointing': False, 'hub_strategy': 'end', 'logging_steps': 1, 'lr_scheduler_type': 'cosine', 'max_grad_norm': 1, 'max_length': 2048, 'max_steps': -1, 'num_train_epochs': 1, 'optim': 'adamw_torch_fused', 'overtrain_multiplier': 1, 'per_device_eval_batch_size': 42, 'per_device_train_batch_size': 42, 'remove_unused_columns': True, 'report_to': 'wandb', 'save_strategy': 'no', 'save_total_limit': 1, 'torch_compile': True, 'warmup_steps': 250, 'weight_decay': 0}",4.56.1,1.0,False,True,False,False,False,False,False,False,151670.0,0.0,250.0,0.0,finished,g31f7bsb,1c3mu044
126.0,,,126.0,,,,,,,,,,,,,,,,,,,,,,,,,,,,,,,,,,,,,,,,,,,,,,,,,,"{'benchmark': 'EleutherAI/minerva_math', 'benchmark_shuffle_seed': 0, 'benchmark_subset_fraction': 1, 'corpus': 'fineweb-edu-dedup', 'num_benchmark_replicas_per_epoch': 3162, 'shuffle_seed': 0}",,,,,,,,,,,,,,,,,,,,,,,,,,,,,,,,,,,,,,,,,,,,,,,,,,,,,,,,,,,,,,,,,,,,,,,,,,,,,,,,,,,,,,,,,,,,,,,,,,"{'attn_implementation': 'flash_attention_2', 'model_name': 'Qwen3/Qwen3-93M', 'torch_dtype': 'bfloat16'}",,,,,,,,,,,,,,,,,models/pt_language_model/mem_Qwen3-93M_minerva_math_rep_3162_sbst_1.0000_epch_1_ot_1,,,,,,,,,,,,,,,,,,,,,,,,,,,,,,azure-sweep-8,,,,,,,0,,,,,,,,,,,,,,,,,,,,,,"{'base_learning_rate': 1e-06, 'data_seed': 0, 'dataloader_drop_last': True, 'dataloader_num_workers': 8, 'dataloader_prefetch_factor': 4, 'eval_on_start': True, 'eval_steps': 2000, 'eval_strategy': 'steps', 'gradient_checkpointing': False, 'hub_strategy': 'end', 'logging_steps': 1, 'lr_scheduler_type': 'cosine', 'max_grad_norm': 1, 'max_length': 2048, 'max_steps': -1, 'num_train_epochs': 1, 'optim': 'adamw_torch_fused', 'overtrain_multiplier': 1, 'per_device_eval_batch_size': 34, 'per_device_train_batch_size': 34, 'remove_unused_columns': True, 'report_to': 'wandb', 'save_strategy': 'no', 'save_total_limit': 1, 'torch_compile': True, 'warmup_steps': 250, 'weight_decay': 0}",,,,,,,,,,,,,,,failed,x8gmmzlo,l9clsizv
16750.0,5151.0,1758302300.0137851,16750.0,2.34102725982666,10.2069,489.866,11.757,4.6710638999938965,637.3072,203.451,4.845,1.0,2.34102725982666,10.2069,489.866,11.757,4.6710638999938965,637.3072,203.451,4.845,1958438072.0,229155303538556930,1.0,5142.0,0.37109375,1.032776833936939e-10,4.6354,1958438072.0,124580.501,5.044573509289754,15720.263,164.832,0.327,"{'dispatch_batches': None, 'even_batches': True, 'gradient_accumulation_kwargs': None, 'non_blocking': False, 'split_batches': False, 'use_seedable_sampler': True}",False,0.9,0.999,1e-08,False,,False,0.0,False,False,,False,,True,False,,0.0,,"{'benchmark': 'EleutherAI/minerva_math', 'benchmark_shuffle_seed': 0, 'benchmark_subset_fraction': 1, 'corpus': 'fineweb-edu-dedup', 'num_benchmark_replicas_per_epoch': 32, 'shuffle_seed': 0}",0.0,True,8.0,False,True,4.0,,,,,1800.0,[],,,False,0.0,True,False,False,False,bfloat16,False,0.0,151643.0,,0.0,True,True,2000.0,steps,False,,,,,False,auto,False,O1,[],"{'min_num_params': 0, 'xla': False, 'xla_fsdp_grad_ckpt': False, 'xla_fsdp_v2': False}",0.0,,False,12.0,False,,,False,auto,128.0,silu,96.0,False,RylanSchaeffer/mem_Qwen3-34M_minerva_math_rep_32_sbst_1.0000_epch_1_ot_4,True,,end,<HUB_TOKEN>,"{'0': 'LABEL_0', '1': 'LABEL_1'}",False,[],False,True,False,0.02,256.0,False,False,False,"{'LABEL_0': 0, 'LABEL_1': 1}",,0.0,"['full_attention', 'full_attention', 'full_attention']",0.0010017045472593205,length,1.0,,False,0.0,passive,warning,True,models/pt_language_model/mem_Qwen3-34M_minerva_math_rep_32_sbst_1.0000_epch_1_ot_4/runs/Sep19_05-39-25_skampere1,False,True,1.0,steps,cosine,1.0,20.0,32768.0,-1.0,28.0,,0.0,34061856.0,"{'attn_implementation': 'flash_attention_2', 'model_name': 'Qwen3/Qwen3-34M', 'torch_dtype': 'bfloat16'}",qwen3,,,False,0.0,32.0,1.0,1.0,3.0,32.0,1.0,1.0,adamw_torch_fused,,,False,models/pt_language_model/mem_Qwen3-34M_minerva_math_rep_32_sbst_1.0000_epch_1_ot_4,False,False,False,151669.0,,-1.0,42.0,42.0,,,False,,,False,,,<PUSH_TO_HUB_TOKEN>,last,False,True,1.0,['wandb'],False,,True,False,1e-06,,10000.0,woven-sweep-33,False,False,True,500.0,no,1.0,0,,True,,,,1.0,,False,False,False,,50.0,1.0,True,inductor,,,,False,False,,"{'base_learning_rate': 1e-06, 'data_seed': 0, 'dataloader_drop_last': True, 'dataloader_num_workers': 8, 'dataloader_prefetch_factor': 4, 'eval_on_start': True, 'eval_steps': 2000, 'eval_strategy': 'steps', 'gradient_checkpointing': False, 'hub_strategy': 'end', 'logging_steps': 1, 'lr_scheduler_type': 'cosine', 'max_grad_norm': 1, 'max_length': 2048, 'max_steps': -1, 'num_train_epochs': 1, 'optim': 'adamw_torch_fused', 'overtrain_multiplier': 4, 'per_device_eval_batch_size': 42, 'per_device_train_batch_size': 42, 'remove_unused_columns': True, 'report_to': 'wandb', 'save_strategy': 'no', 'save_total_limit': 1, 'torch_compile': True, 'warmup_steps': 250, 'weight_decay': 0}",4.56.1,1.0,False,True,False,False,False,False,False,False,151670.0,0.0,250.0,0.0,finished,g31f7bsb,6qrqfxv8
202671.0,26078.0,1758284896.1881604,202671.0,3.941844940185547,6.9672,717.65,9.042,3.1028058528900146,449.1956,288.652,3.609,1.0,3.941844940185547,6.9672,717.65,9.042,3.1028058528900146,449.1956,288.652,3.609,19649860035.0,30260198419111870000,1.0,26021.0,0.1845703125,5.049951218062864e-12,3.1406,19649860035.0,98734.184,3.3005339155042845,199017.8009,125.513,0.131,"{'dispatch_batches': None, 'even_batches': True, 'gradient_accumulation_kwargs': None, 'non_blocking': False, 'split_batches': False, 'use_seedable_sampler': True}",False,0.9,0.999,1e-08,False,,False,0.0,False,True,,False,,True,False,,0.0,,"{'benchmark': 'EleutherAI/minerva_math', 'benchmark_shuffle_seed': 0, 'benchmark_subset_fraction': 1, 'corpus': 'fineweb-edu-dedup', 'num_benchmark_replicas_per_epoch': 0, 'shuffle_seed': 0}",0.0,True,4.0,False,True,4.0,nccl,,,False,1800.0,[],,,False,0.0,True,False,False,False,bfloat16,False,0.0,151643.0,,0.0,True,True,1000.0,steps,False,,,,,False,auto,False,O1,[],"{'min_num_params': 0, 'xla': False, 'xla_fsdp_grad_ckpt': False, 'xla_fsdp_v2': False}",0.0,,False,12.0,False,,,False,auto,128.0,silu,576.0,False,RylanSchaeffer/mem_Qwen3-344M_minerva_math_rep_0_sbst_1.0000_epch_1_ot_4.000,True,,end,<HUB_TOKEN>,"{'0': 'LABEL_0', '1': 'LABEL_1'}",False,[],False,True,False,0.02,1536.0,False,False,False,"{'LABEL_0': 0, 'LABEL_1': 1}",,0.0,"['full_attention', 'full_attention', 'full_attention', 'full_attention', 'full_attention', 'full_attention', 'full_attention', 'full_attention', 'full_attention', 'full_attention', 'full_attention', 'full_attention', 'full_attention', 'full_attention']",0.001359283267019792,length,1.0,,False,0.0,passive,warning,True,models/pt_language_model/mem_Qwen3-344M_minerva_math_rep_0_sbst_1.0000_epch_1_ot_4.000/runs/Sep16_21-11-08_skampere2.stanford.edu,False,True,1.0,steps,cosine,1.0,20.0,32768.0,-1.0,28.0,,0.0,344023616.0,"{'attn_implementation': 'flash_attention_2', 'model_name': 'Qwen3/Qwen3-344M', 'torch_dtype': 'bfloat16'}",qwen3,,,False,0.0,32.0,1.0,1.0,14.0,32.0,1.0,1.0,adamw_torch_fused,,,False,models/pt_language_model/mem_Qwen3-344M_minerva_math_rep_0_sbst_1.0000_epch_1_ot_4.000,False,False,False,151669.0,,-1.0,40.0,40.0,,,False,,,False,,,<PUSH_TO_HUB_TOKEN>,last,False,True,1.0,['wandb'],False,,True,False,1e-06,,10000.0,distinctive-sweep-3,False,False,True,500.0,no,1.0,0,,True,,,,1.0,,False,False,False,,50.0,1.0,True,inductor,,,,False,False,,"{'base_learning_rate': 1e-06, 'data_seed': 0, 'dataloader_drop_last': True, 'dataloader_num_workers': 4, 'dataloader_prefetch_factor': 4, 'eval_on_start': True, 'eval_steps': 1000, 'eval_strategy': 'steps', 'gradient_checkpointing': False, 'hub_strategy': 'end', 'logging_steps': 1, 'lr_scheduler_type': 'cosine', 'max_grad_norm': 1, 'max_length': 2048, 'max_steps': -1, 'num_train_epochs': 1, 'optim': 'adamw_torch_fused', 'overtrain_multiplier': 4, 'per_device_eval_batch_size': 40, 'per_device_train_batch_size': 40, 'remove_unused_columns': True, 'report_to': 'wandb', 'save_strategy': 'no', 'save_total_limit': 1, 'torch_compile': True, 'warmup_steps': 250, 'weight_decay': 0}",4.56.1,1.0,False,True,False,False,False,False,False,False,151670.0,0.0,250.0,0.0,finished,09c432gh,3z5glmu5
11598.358684767,2001.0,1758418734.513143,11598.0,11.977727890014648,9.1843,544.41,8.057,11.996304512023926,616.9293,210.172,3.091,,,,,,,,,,,,0.39094951864340516,2000.0,0.134765625,0.0007260089746701123,3.6739,854021421.0,76105.659,,11221.5233,,,"{'dispatch_batches': None, 'even_batches': True, 'gradient_accumulation_kwargs': None, 'non_blocking': False, 'split_batches': False, 'use_seedable_sampler': True}",False,0.9,0.999,1e-08,False,,False,0.0,False,True,,False,,True,False,,0.0,,"{'benchmark': 'EleutherAI/minerva_math', 'benchmark_shuffle_seed': 0, 'benchmark_subset_fraction': 1, 'corpus': 'fineweb-edu-dedup', 'num_benchmark_replicas_per_epoch': 1, 'shuffle_seed': 0}",0.0,True,4.0,False,True,4.0,nccl,,,False,1800.0,[],,,False,0.0,True,False,False,False,bfloat16,False,0.0,151643.0,,0.0,True,True,2000.0,steps,False,,,,,False,auto,False,O1,[],"{'min_num_params': 0, 'xla': False, 'xla_fsdp_grad_ckpt': False, 'xla_fsdp_v2': False}",0.0,,False,8.0,False,,,False,auto,128.0,silu,320.0,False,RylanSchaeffer/mem_Qwen3-153M_minerva_math_rep_1_sbst_1.0000_epch_1_ot_1,True,,end,<HUB_TOKEN>,"{'0': 'LABEL_0', '1': 'LABEL_1'}",False,[],False,True,False,0.02,1024.0,False,False,False,"{'LABEL_0': 0, 'LABEL_1': 1}",,0.0,"['full_attention', 'full_attention', 'full_attention', 'full_attention', 'full_attention', 'full_attention', 'full_attention', 'full_attention', 'full_attention']",0.0010172531641631792,length,1.0,,False,0.0,passive,warning,True,models/pt_language_model/mem_Qwen3-153M_minerva_math_rep_1_sbst_1.0000_epch_1_ot_1/runs/Sep20_15-25-44_skampere1,False,True,1.0,steps,cosine,1.0,20.0,32768.0,-1.0,28.0,,0.0,153110464.0,"{'attn_implementation': 'flash_attention_2', 'model_name': 'Qwen3/Qwen3-153M', 'torch_dtype': 'bfloat16'}",qwen3,,,False,0.0,32.0,1.0,1.0,9.0,32.0,1.0,1.0,adamw_torch_fused,,,False,models/pt_language_model/mem_Qwen3-153M_minerva_math_rep_1_sbst_1.0000_epch_1_ot_1,False,False,False,151669.0,,-1.0,34.0,34.0,,,False,,,False,,,<PUSH_TO_HUB_TOKEN>,last,False,True,1.0,['wandb'],False,,True,False,1e-06,,10000.0,fiery-sweep-3,False,False,True,500.0,no,1.0,0,,True,,,,1.0,,False,False,False,,50.0,1.0,True,inductor,,,,False,False,,"{'base_learning_rate': 1e-06, 'data_seed': 0, 'dataloader_drop_last': True, 'dataloader_num_workers': 4, 'dataloader_prefetch_factor': 4, 'eval_on_start': True, 'eval_steps': 2000, 'eval_strategy': 'steps', 'gradient_checkpointing': False, 'hub_strategy': 'end', 'logging_steps': 1, 'lr_scheduler_type': 'cosine', 'max_grad_norm': 1, 'max_length': 2048, 'max_steps': -1, 'num_train_epochs': 1, 'optim': 'adamw_torch_fused', 'overtrain_multiplier': 1, 'per_device_eval_batch_size': 34, 'per_device_train_batch_size': 34, 'remove_unused_columns': True, 'report_to': 'wandb', 'save_strategy': 'no', 'save_total_limit': 1, 'torch_compile': True, 'warmup_steps': 250, 'weight_decay': 0}",4.56.1,1.0,False,True,False,False,False,False,False,False,151670.0,0.0,250.0,0.0,running,sl086kx0,th5zzmzd
19409.969299427,3302.0,1758418741.414322,19409.0,2.275395631790161,13.431,372.273,11.019,4.001789569854736,880.5833,147.244,4.331,,,,,,,,,,,,0.9234614307993761,3299.0,0.1533203125,1.6006175129866144e-05,3.901,1228206978.0,64276.284,,19108.2448,,,"{'dispatch_batches': None, 'even_batches': True, 'gradient_accumulation_kwargs': None, 'non_blocking': False, 'split_batches': False, 'use_seedable_sampler': True}",False,0.9,0.999,1e-08,False,,False,0.0,False,False,,False,,True,False,,0.0,,"{'benchmark': 'EleutherAI/minerva_math', 'benchmark_shuffle_seed': 0, 'benchmark_subset_fraction': 1, 'corpus': 'fineweb-edu-dedup', 'num_benchmark_replicas_per_epoch': 3, 'shuffle_seed': 0}",0.0,True,8.0,False,True,4.0,,,,,1800.0,[],,,False,0.0,True,False,False,False,bfloat16,False,0.0,151643.0,,0.0,True,True,2000.0,steps,False,,,,,False,auto,False,O1,[],"{'min_num_params': 0, 'xla': False, 'xla_fsdp_grad_ckpt': False, 'xla_fsdp_v2': False}",0.0,,False,14.0,False,,,False,auto,128.0,silu,224.0,False,RylanSchaeffer/mem_Qwen3-93M_minerva_math_rep_3_sbst_1.0000_epch_1_ot_1,True,,end,<HUB_TOKEN>,"{'0': 'LABEL_0', '1': 'LABEL_1'}",False,[],False,True,False,0.02,768.0,False,False,False,"{'LABEL_0': 0, 'LABEL_1': 1}",,0.0,"['full_attention', 'full_attention', 'full_attention', 'full_attention', 'full_attention', 'full_attention']",0.0009525565600005072,length,1.0,,False,0.0,passive,warning,True,models/pt_language_model/mem_Qwen3-93M_minerva_math_rep_3_sbst_1.0000_epch_1_ot_1/runs/Sep20_13-15-36_skampere1,False,True,1.0,steps,cosine,1.0,20.0,32768.0,-1.0,28.0,,0.0,93069280.0,"{'attn_implementation': 'flash_attention_2', 'model_name': 'Qwen3/Qwen3-93M', 'torch_dtype': 'bfloat16'}",qwen3,,,False,0.0,32.0,1.0,1.0,6.0,32.0,1.0,1.0,adamw_torch_fused,,,False,models/pt_language_model/mem_Qwen3-93M_minerva_math_rep_3_sbst_1.0000_epch_1_ot_1,False,False,False,151669.0,,-1.0,34.0,34.0,,,False,,,False,,,<PUSH_TO_HUB_TOKEN>,last,False,True,1.0,['wandb'],False,,True,False,1e-06,,10000.0,northern-sweep-7,False,False,True,500.0,no,1.0,0,,True,,,,1.0,,False,False,False,,50.0,1.0,True,inductor,,,,False,False,,"{'base_learning_rate': 1e-06, 'data_seed': 0, 'dataloader_drop_last': True, 'dataloader_num_workers': 8, 'dataloader_prefetch_factor': 4, 'eval_on_start': True, 'eval_steps': 2000, 'eval_strategy': 'steps', 'gradient_checkpointing': False, 'hub_strategy': 'end', 'logging_steps': 1, 'lr_scheduler_type': 'cosine', 'max_grad_norm': 1, 'max_length': 2048, 'max_steps': -1, 'num_train_epochs': 1, 'optim': 'adamw_torch_fused', 'overtrain_multiplier': 1, 'per_device_eval_batch_size': 34, 'per_device_train_batch_size': 34, 'remove_unused_columns': True, 'report_to': 'wandb', 'save_strategy': 'no', 'save_total_limit': 1, 'torch_compile': True, 'warmup_steps': 250, 'weight_decay': 0}",4.56.1,1.0,False,True,False,False,False,False,False,False,151670.0,0.0,250.0,0.0,running,x8gmmzlo,gtgyx78r
45931.0,7477.0,1758262091.226999,45931.0,2.834014654159546,11.9764,417.488,11.606,3.9400947093963623,797.3019,162.625,4.518,1.0,2.834014654159546,11.9764,417.488,11.606,3.9400947093963623,797.3019,162.625,4.518,3591689474.0,831969755249246200,1.0,7466.0,0.2265625,5.1466492610345343e-11,3.9002,3591689474.0,80584.906,4.266142474401103,44570.2524,102.51,0.168,"{'dispatch_batches': None, 'even_batches': True, 'gradient_accumulation_kwargs': None, 'non_blocking': False, 'split_batches': False, 'use_seedable_sampler': True}",False,0.9,0.999,1e-08,False,,False,0.0,False,False,,False,,True,False,,0.0,,"{'benchmark': 'EleutherAI/minerva_math', 'benchmark_shuffle_seed': 0, 'benchmark_subset_fraction': 1, 'corpus': 'fineweb-edu-dedup', 'num_benchmark_replicas_per_epoch': 1, 'shuffle_seed': 0}",0.0,True,4.0,False,True,4.0,,,,,1800.0,[],,,False,0.0,True,False,False,False,bfloat16,False,0.0,151643.0,,0.0,True,True,2000.0,steps,False,,,,,False,auto,False,O1,[],"{'min_num_params': 0, 'xla': False, 'xla_fsdp_grad_ckpt': False, 'xla_fsdp_v2': False}",0.0,,False,17.0,False,,,False,auto,128.0,silu,160.0,False,RylanSchaeffer/mem_Qwen3-62M_minerva_math_rep_1_sbst_1.0000_epch_1_ot_4,True,,end,<HUB_TOKEN>,"{'0': 'LABEL_0', '1': 'LABEL_1'}",False,[],False,True,False,0.02,512.0,False,False,False,"{'LABEL_0': 0, 'LABEL_1': 1}",,0.0,"['full_attention', 'full_attention', 'full_attention', 'full_attention', 'full_attention']",0.0010861201590984305,length,1.0,,False,0.0,passive,warning,True,models/pt_language_model/mem_Qwen3-62M_minerva_math_rep_1_sbst_1.0000_epch_1_ot_4/runs/Sep18_10-22-59_skampere1,False,True,1.0,steps,cosine,1.0,20.0,32768.0,-1.0,28.0,,0.0,62873440.0,"{'attn_implementation': 'flash_attention_2', 'model_name': 'Qwen3/Qwen3-62M', 'torch_dtype': 'bfloat16'}",qwen3,,,False,0.0,32.0,1.0,1.0,5.0,32.0,1.0,1.0,adamw_torch_fused,,,False,models/pt_language_model/mem_Qwen3-62M_minerva_math_rep_1_sbst_1.0000_epch_1_ot_4,False,False,False,151669.0,,-1.0,36.0,36.0,,,False,,,False,,,<PUSH_TO_HUB_TOKEN>,last,False,True,1.0,['wandb'],False,,True,False,1e-06,,10000.0,woven-sweep-13,False,False,True,500.0,no,1.0,0,,True,,,,1.0,,False,False,False,,50.0,1.0,True,inductor,,,,False,False,,"{'base_learning_rate': 1e-06, 'data_seed': 0, 'dataloader_drop_last': True, 'dataloader_num_workers': 4, 'dataloader_prefetch_factor': 4, 'eval_on_start': True, 'eval_steps': 2000, 'eval_strategy': 'steps', 'gradient_checkpointing': False, 'hub_strategy': 'end', 'logging_steps': 1, 'lr_scheduler_type': 'cosine', 'max_grad_norm': 1, 'max_length': 2048, 'max_steps': -1, 'num_train_epochs': 1, 'optim': 'adamw_torch_fused', 'overtrain_multiplier': 4, 'per_device_eval_batch_size': 36, 'per_device_train_batch_size': 36, 'remove_unused_columns': True, 'report_to': 'wandb', 'save_strategy': 'no', 'save_total_limit': 1, 'torch_compile': True, 'warmup_steps': 250, 'weight_decay': 0}",4.56.1,1.0,False,True,False,False,False,False,False,False,151670.0,0.0,250.0,0.0,finished,u7dxxphm,gsyovlwy
9356.0,3830.0,1758118658.700963,9356.0,1.5828126668930054,9.8555,507.331,12.176,5.040802001953125,637.3048,203.452,4.845,1.0,1.5828126668930054,9.8555,507.331,12.176,5.040802001953125,637.3048,203.452,4.845,1013887465.0,118634177359249400,1.0,3823.0,0.4296875,1.7667590599878002e-10,4.5752,1013887465.0,120542.998,5.086323298804273,8411.0037,190.862,0.455,"{'dispatch_batches': None, 'even_batches': True, 'gradient_accumulation_kwargs': None, 'non_blocking': False, 'split_batches': False, 'use_seedable_sampler': True}",False,0.9,0.999,1e-08,False,,False,0.0,False,False,,False,,True,False,,0.0,,"{'benchmark': 'EleutherAI/minerva_math', 'benchmark_shuffle_seed': 0, 'benchmark_subset_fraction': 1, 'corpus': 'fineweb-edu-dedup', 'num_benchmark_replicas_per_epoch': 100, 'shuffle_seed': 0}",0.0,True,8.0,False,True,4.0,,,,,1800.0,[],,,False,0.0,True,False,False,False,bfloat16,False,0.0,151643.0,,0.0,True,True,2000.0,steps,False,,,,,False,auto,False,O1,[],"{'min_num_params': 0, 'xla': False, 'xla_fsdp_grad_ckpt': False, 'xla_fsdp_v2': False}",0.0,,False,10.0,False,,,False,auto,128.0,silu,96.0,False,RylanSchaeffer/mem_Qwen3-34M_minerva_math_rep_100_sbst_1.0000_epch_1_ot_2,True,,end,<HUB_TOKEN>,"{'0': 'LABEL_0', '1': 'LABEL_1'}",False,[],False,True,False,0.02,256.0,False,False,False,"{'LABEL_0': 0, 'LABEL_1': 1}",,0.0,"['full_attention', 'full_attention', 'full_attention']",0.000914120889160728,length,1.0,,False,0.0,passive,warning,True,models/pt_language_model/mem_Qwen3-34M_minerva_math_rep_100_sbst_1.0000_epch_1_ot_2/runs/Sep17_04-41-57_skampere1,False,True,1.0,steps,cosine,1.0,20.0,32768.0,-1.0,28.0,,0.0,34061856.0,"{'attn_implementation': 'flash_attention_2', 'model_name': 'Qwen3/Qwen3-34M', 'torch_dtype': 'bfloat16'}",qwen3,,,False,0.0,32.0,1.0,1.0,3.0,32.0,1.0,1.0,adamw_torch_fused,,,False,models/pt_language_model/mem_Qwen3-34M_minerva_math_rep_100_sbst_1.0000_epch_1_ot_2,False,False,False,151669.0,,-1.0,42.0,42.0,,,False,,,False,,,<PUSH_TO_HUB_TOKEN>,last,False,True,1.0,['wandb'],False,,True,False,1e-06,,10000.0,fancy-sweep-12,False,False,True,500.0,no,1.0,0,,True,,,,1.0,,False,False,False,,50.0,1.0,True,inductor,,,,False,False,,"{'base_learning_rate': 1e-06, 'data_seed': 0, 'dataloader_drop_last': True, 'dataloader_num_workers': 8, 'dataloader_prefetch_factor': 4, 'eval_on_start': True, 'eval_steps': 2000, 'eval_strategy': 'steps', 'gradient_checkpointing': False, 'hub_strategy': 'end', 'logging_steps': 1, 'lr_scheduler_type': 'cosine', 'max_grad_norm': 1, 'max_length': 2048, 'max_steps': -1, 'num_train_epochs': 1, 'optim': 'adamw_torch_fused', 'overtrain_multiplier': 2, 'per_device_eval_batch_size': 42, 'per_device_train_batch_size': 42, 'remove_unused_columns': True, 'report_to': 'wandb', 'save_strategy': 'no', 'save_total_limit': 1, 'torch_compile': True, 'warmup_steps': 250, 'weight_decay': 0}",4.56.1,1.0,False,True,False,False,False,False,False,False,151670.0,0.0,250.0,0.0,finished,g31f7bsb,y0u1ugt0
843.0,,,843.0,,,,,,,,,,,,,,,,,,,,,,,,,,,,,,,,,,,,,,,,,,,,,,,,,,"{'benchmark': 'EleutherAI/minerva_math', 'benchmark_shuffle_seed': 0, 'benchmark_subset_fraction': 1, 'corpus': 'fineweb-edu-dedup', 'num_benchmark_replicas_per_epoch': 1000, 'shuffle_seed': 0}",,,,,,,,,,,,,,,,,,,,,,,,,,,,,,,,,,,,,,,,,,,,,,,,,,,,,,,,,,,,,,,,,,,,,,,,,,,,,,,,,,,,,,,,,,,,,,,,,,"{'attn_implementation': 'flash_attention_2', 'model_name': 'Qwen3/Qwen3-34M', 'torch_dtype': 'bfloat16'}",,,,,,,,,,,,,,,,,models/pt_language_model/mem_Qwen3-34M_minerva_math_rep_1000_sbst_1.0000_epch_1_ot_4,,,,,,,,,,,,,,,,,,,,,,,,,,,,,,clear-sweep-3,,,,,,,0,,,,,,,,,,,,,,,,,,,,,,"{'base_learning_rate': 1e-06, 'data_seed': 0, 'dataloader_drop_last': True, 'dataloader_num_workers': 8, 'dataloader_prefetch_factor': 4, 'eval_on_start': True, 'eval_steps': 2000, 'eval_strategy': 'steps', 'gradient_checkpointing': False, 'hub_strategy': 'end', 'logging_steps': 1, 'lr_scheduler_type': 'cosine', 'max_grad_norm': 1, 'max_length': 2048, 'max_steps': -1, 'num_train_epochs': 1, 'optim': 'adamw_torch_fused', 'overtrain_multiplier': 4, 'per_device_eval_batch_size': 42, 'per_device_train_batch_size': 42, 'remove_unused_columns': True, 'report_to': 'wandb', 'save_strategy': 'no', 'save_total_limit': 1, 'torch_compile': True, 'warmup_steps': 250, 'weight_decay': 0}",,,,,,,,,,,,,,,failed,g31f7bsb,ict0afij
83865.0,10476.0,1758232969.7123475,83865.0,4.262516021728516,13.7502,363.632,10.764,3.5845425128936768,889.2861,145.803,4.289,1.0,4.262516021728516,13.7502,363.632,10.764,3.5845425128936768,889.2861,145.803,4.289,5314856808.0,1884495156044890000,1.0,10461.0,0.138671875,2.7068612651108954e-11,3.5758,5314856808.0,65286.159,3.847686852817154,81408.6314,83.01,0.128,"{'dispatch_batches': None, 'even_batches': True, 'gradient_accumulation_kwargs': None, 'non_blocking': False, 'split_batches': False, 'use_seedable_sampler': True}",False,0.9,0.999,1e-08,False,,False,0.0,False,False,,False,,True,False,,0.0,,"{'benchmark': 'EleutherAI/minerva_math', 'benchmark_shuffle_seed': 0, 'benchmark_subset_fraction': 1, 'corpus': 'fineweb-edu-dedup', 'num_benchmark_replicas_per_epoch': 0, 'shuffle_seed': 0}",0.0,True,8.0,False,True,4.0,,,,,1800.0,[],,,False,0.0,True,False,False,False,bfloat16,False,0.0,151643.0,,0.0,True,True,2000.0,steps,False,,,,,False,auto,False,O1,[],"{'min_num_params': 0, 'xla': False, 'xla_fsdp_grad_ckpt': False, 'xla_fsdp_v2': False}",0.0,,False,19.0,False,,,False,auto,128.0,silu,224.0,False,RylanSchaeffer/mem_Qwen3-93M_minerva_math_rep_0_sbst_1.0000_epch_1_ot_4,True,,end,<HUB_TOKEN>,"{'0': 'LABEL_0', '1': 'LABEL_1'}",False,[],False,True,False,0.02,768.0,False,False,False,"{'LABEL_0': 0, 'LABEL_1': 1}",,0.0,"['full_attention', 'full_attention', 'full_attention', 'full_attention', 'full_attention', 'full_attention']",0.001143833466899793,length,1.0,,False,0.0,passive,warning,True,models/pt_language_model/mem_Qwen3-93M_minerva_math_rep_0_sbst_1.0000_epch_1_ot_4/runs/Sep17_15-45-27_skampere1,False,True,1.0,steps,cosine,1.0,20.0,32768.0,-1.0,28.0,,0.0,93069280.0,"{'attn_implementation': 'flash_attention_2', 'model_name': 'Qwen3/Qwen3-93M', 'torch_dtype': 'bfloat16'}",qwen3,,,False,0.0,32.0,1.0,1.0,6.0,32.0,1.0,1.0,adamw_torch_fused,,,False,models/pt_language_model/mem_Qwen3-93M_minerva_math_rep_0_sbst_1.0000_epch_1_ot_4,False,False,False,151669.0,,-1.0,34.0,34.0,,,False,,,False,,,<PUSH_TO_HUB_TOKEN>,last,False,True,1.0,['wandb'],False,,True,False,1e-06,,10000.0,wobbly-sweep-3,False,False,True,500.0,no,1.0,0,,True,,,,1.0,,False,False,False,,50.0,1.0,True,inductor,,,,False,False,,"{'base_learning_rate': 1e-06, 'data_seed': 0, 'dataloader_drop_last': True, 'dataloader_num_workers': 8, 'dataloader_prefetch_factor': 4, 'eval_on_start': True, 'eval_steps': 2000, 'eval_strategy': 'steps', 'gradient_checkpointing': False, 'hub_strategy': 'end', 'logging_steps': 1, 'lr_scheduler_type': 'cosine', 'max_grad_norm': 1, 'max_length': 2048, 'max_steps': -1, 'num_train_epochs': 1, 'optim': 'adamw_torch_fused', 'overtrain_multiplier': 4, 'per_device_eval_batch_size': 34, 'per_device_train_batch_size': 34, 'remove_unused_columns': True, 'report_to': 'wandb', 'save_strategy': 'no', 'save_total_limit': 1, 'torch_compile': True, 'warmup_steps': 250, 'weight_decay': 0}",4.56.1,1.0,False,True,False,False,False,False,False,False,151670.0,0.0,250.0,0.0,finished,ho49sshi,76exg6oi
46718.0,7471.0,1758129468.0359128,46718.0,4.758652687072754,11.9266,419.229,11.655,3.9378013610839844,796.9052,162.706,4.52,1.0,4.758652687072754,11.9266,419.229,11.655,3.9378013610839844,796.9052,162.706,4.52,3591277117.0,831874237462478800,1.0,7460.0,0.2265625,5.1552186764840586e-11,4.0218,3591277117.0,80481.266,4.266240141315051,44622.5239,102.307,0.167,"{'dispatch_batches': None, 'even_batches': True, 'gradient_accumulation_kwargs': None, 'non_blocking': False, 'split_batches': False, 'use_seedable_sampler': True}",False,0.9,0.999,1e-08,False,,False,0.0,False,False,,False,,True,False,,0.0,,"{'benchmark': 'EleutherAI/minerva_math', 'benchmark_shuffle_seed': 0, 'benchmark_subset_fraction': 1, 'corpus': 'fineweb-edu-dedup', 'num_benchmark_replicas_per_epoch': 0, 'shuffle_seed': 0}",0.0,True,4.0,False,True,4.0,,,,,1800.0,[],,,False,0.0,True,False,False,False,bfloat16,False,0.0,151643.0,,0.0,True,True,2000.0,steps,False,,,,,False,auto,False,O1,[],"{'min_num_params': 0, 'xla': False, 'xla_fsdp_grad_ckpt': False, 'xla_fsdp_v2': False}",0.0,,False,17.0,False,,,False,auto,128.0,silu,160.0,False,RylanSchaeffer/mem_Qwen3-62M_minerva_math_rep_0_sbst_1.0000_epch_1_ot_4,True,,end,<HUB_TOKEN>,"{'0': 'LABEL_0', '1': 'LABEL_1'}",False,[],False,True,False,0.02,512.0,False,False,False,"{'LABEL_0': 0, 'LABEL_1': 1}",,0.0,"['full_attention', 'full_attention', 'full_attention', 'full_attention', 'full_attention']",0.0010861201590984305,length,1.0,,False,0.0,passive,warning,True,models/pt_language_model/mem_Qwen3-62M_minerva_math_rep_0_sbst_1.0000_epch_1_ot_4/runs/Sep16_21-19-30_skampere1,False,True,1.0,steps,cosine,1.0,20.0,32768.0,-1.0,28.0,,0.0,62873440.0,"{'attn_implementation': 'flash_attention_2', 'model_name': 'Qwen3/Qwen3-62M', 'torch_dtype': 'bfloat16'}",qwen3,,,False,0.0,32.0,1.0,1.0,5.0,32.0,1.0,1.0,adamw_torch_fused,,,False,models/pt_language_model/mem_Qwen3-62M_minerva_math_rep_0_sbst_1.0000_epch_1_ot_4,False,False,False,151669.0,,-1.0,36.0,36.0,,,False,,,False,,,<PUSH_TO_HUB_TOKEN>,last,False,True,1.0,['wandb'],False,,True,False,1e-06,,10000.0,ethereal-sweep-3,False,False,True,500.0,no,1.0,0,,True,,,,1.0,,False,False,False,,50.0,1.0,True,inductor,,,,False,False,,"{'base_learning_rate': 1e-06, 'data_seed': 0, 'dataloader_drop_last': True, 'dataloader_num_workers': 4, 'dataloader_prefetch_factor': 4, 'eval_on_start': True, 'eval_steps': 2000, 'eval_strategy': 'steps', 'gradient_checkpointing': False, 'hub_strategy': 'end', 'logging_steps': 1, 'lr_scheduler_type': 'cosine', 'max_grad_norm': 1, 'max_length': 2048, 'max_steps': -1, 'num_train_epochs': 1, 'optim': 'adamw_torch_fused', 'overtrain_multiplier': 4, 'per_device_eval_batch_size': 36, 'per_device_train_batch_size': 36, 'remove_unused_columns': True, 'report_to': 'wandb', 'save_strategy': 'no', 'save_total_limit': 1, 'torch_compile': True, 'warmup_steps': 250, 'weight_decay': 0}",4.56.1,1.0,False,True,False,False,False,False,False,False,151670.0,0.0,250.0,0.0,finished,u7dxxphm,142qewb2
16858.0,4924.0,1758219575.9262674,16858.0,3.7861530780792236,9.9811,500.945,12.023,4.672214508056641,637.2391,203.473,4.846,1.0,3.7861530780792236,9.9811,500.945,12.023,4.672214508056641,637.2391,203.473,4.846,1945502689.0,227641744458514430,1.0,4915.0,0.298828125,1.1357325862087401e-10,4.6302,1945502689.0,124631.366,5.108733858436437,15610.058,158.674,0.315,"{'dispatch_batches': None, 'even_batches': True, 'gradient_accumulation_kwargs': None, 'non_blocking': False, 'split_batches': False, 'use_seedable_sampler': True}",False,0.9,0.999,1e-08,False,,False,0.0,False,False,,False,,True,False,,0.0,,"{'benchmark': 'EleutherAI/minerva_math', 'benchmark_shuffle_seed': 0, 'benchmark_subset_fraction': 1, 'corpus': 'fineweb-edu-dedup', 'num_benchmark_replicas_per_epoch': 1, 'shuffle_seed': 0}",0.0,True,8.0,False,True,4.0,,,,,1800.0,[],,,False,0.0,True,False,False,False,bfloat16,False,0.0,151643.0,,0.0,True,True,2000.0,steps,False,,,,,False,auto,False,O1,[],"{'min_num_params': 0, 'xla': False, 'xla_fsdp_grad_ckpt': False, 'xla_fsdp_v2': False}",0.0,,False,12.0,False,,,False,auto,128.0,silu,96.0,False,RylanSchaeffer/mem_Qwen3-34M_minerva_math_rep_1_sbst_1.0000_epch_1_ot_4,True,,end,<HUB_TOKEN>,"{'0': 'LABEL_0', '1': 'LABEL_1'}",False,[],False,True,False,0.02,256.0,False,False,False,"{'LABEL_0': 0, 'LABEL_1': 1}",,0.0,"['full_attention', 'full_attention', 'full_attention']",0.0010017045472593205,length,1.0,,False,0.0,passive,warning,True,models/pt_language_model/mem_Qwen3-34M_minerva_math_rep_1_sbst_1.0000_epch_1_ot_4/runs/Sep18_06-38-53_skampere1,False,True,1.0,steps,cosine,1.0,20.0,32768.0,-1.0,28.0,,0.0,34061856.0,"{'attn_implementation': 'flash_attention_2', 'model_name': 'Qwen3/Qwen3-34M', 'torch_dtype': 'bfloat16'}",qwen3,,,False,0.0,32.0,1.0,1.0,3.0,32.0,1.0,1.0,adamw_torch_fused,,,False,models/pt_language_model/mem_Qwen3-34M_minerva_math_rep_1_sbst_1.0000_epch_1_ot_4,False,False,False,151669.0,,-1.0,42.0,42.0,,,False,,,False,,,<PUSH_TO_HUB_TOKEN>,last,False,True,1.0,['wandb'],False,,True,False,1e-06,,10000.0,divine-sweep-23,False,False,True,500.0,no,1.0,0,,True,,,,1.0,,False,False,False,,50.0,1.0,True,inductor,,,,False,False,,"{'base_learning_rate': 1e-06, 'data_seed': 0, 'dataloader_drop_last': True, 'dataloader_num_workers': 8, 'dataloader_prefetch_factor': 4, 'eval_on_start': True, 'eval_steps': 2000, 'eval_strategy': 'steps', 'gradient_checkpointing': False, 'hub_strategy': 'end', 'logging_steps': 1, 'lr_scheduler_type': 'cosine', 'max_grad_norm': 1, 'max_length': 2048, 'max_steps': -1, 'num_train_epochs': 1, 'optim': 'adamw_torch_fused', 'overtrain_multiplier': 4, 'per_device_eval_batch_size': 42, 'per_device_train_batch_size': 42, 'remove_unused_columns': True, 'report_to': 'wandb', 'save_strategy': 'no', 'save_total_limit': 1, 'torch_compile': True, 'warmup_steps': 250, 'weight_decay': 0}",4.56.1,1.0,False,True,False,False,False,False,False,False,151670.0,0.0,250.0,0.0,finished,g31f7bsb,in4lo4zg
458.0,,,458.0,,,,,,,,,,,,,,,,,,,,,,,,,,,,,,,,,,,,,,,,,,,,,,,,,,"{'benchmark': 'EleutherAI/minerva_math', 'benchmark_shuffle_seed': 0, 'benchmark_subset_fraction': 1, 'corpus': 'fineweb-edu-dedup', 'num_benchmark_replicas_per_epoch': 1000, 'shuffle_seed': 0}",,,,,,,,,,,,,,,,,,,,,,,,,,,,,,,,,,,,,,,,,,,,,,,,,,,,,,,,,,,,,,,,,,,,,,,,,,,,,,,,,,,,,,,,,,,,,,,,,,"{'attn_implementation': 'flash_attention_2', 'model_name': 'Qwen3/Qwen3-93M', 'torch_dtype': 'bfloat16'}",,,,,,,,,,,,,,,,,models/pt_language_model/mem_Qwen3-93M_minerva_math_rep_1000_sbst_1.0000_epch_1_ot_1,,,,,,,,,,,,,,,,,,,,,,,,,,,,,,whole-sweep-6,,,,,,,0,,,,,,,,,,,,,,,,,,,,,,"{'base_learning_rate': 1e-06, 'data_seed': 0, 'dataloader_drop_last': True, 'dataloader_num_workers': 8, 'dataloader_prefetch_factor': 4, 'eval_on_start': True, 'eval_steps': 2000, 'eval_strategy': 'steps', 'gradient_checkpointing': False, 'hub_strategy': 'end', 'logging_steps': 1, 'lr_scheduler_type': 'cosine', 'max_grad_norm': 1, 'max_length': 2048, 'max_steps': -1, 'num_train_epochs': 1, 'optim': 'adamw_torch_fused', 'overtrain_multiplier': 1, 'per_device_eval_batch_size': 34, 'per_device_train_batch_size': 34, 'remove_unused_columns': True, 'report_to': 'wandb', 'save_strategy': 'no', 'save_total_limit': 1, 'torch_compile': True, 'warmup_steps': 250, 'weight_decay': 0}",,,,,,,,,,,,,,,failed,x8gmmzlo,6273dunt
17071.0,5648.0,1758135749.7488525,17071.0,1.7359251976013184,9.7258,514.096,12.338,4.692736625671387,636.9162,203.576,4.848,1.0,1.7359251976013184,9.7258,514.096,12.338,4.692736625671387,636.9162,203.576,4.848,1986379380.0,232424693951365120,1.0,5639.0,0.26953125,8.510655671809214e-11,4.452,1986379380.0,125053.916,4.888965478918404,15884.1853,178.917,0.355,"{'dispatch_batches': None, 'even_batches': True, 'gradient_accumulation_kwargs': None, 'non_blocking': False, 'split_batches': False, 'use_seedable_sampler': True}",False,0.9,0.999,1e-08,False,,False,0.0,False,False,,False,,True,False,,0.0,,"{'benchmark': 'EleutherAI/minerva_math', 'benchmark_shuffle_seed': 0, 'benchmark_subset_fraction': 1, 'corpus': 'fineweb-edu-dedup', 'num_benchmark_replicas_per_epoch': 100, 'shuffle_seed': 0}",0.0,True,8.0,False,True,4.0,,,,,1800.0,[],,,False,0.0,True,False,False,False,bfloat16,False,0.0,151643.0,,0.0,True,True,2000.0,steps,False,,,,,False,auto,False,O1,[],"{'min_num_params': 0, 'xla': False, 'xla_fsdp_grad_ckpt': False, 'xla_fsdp_v2': False}",0.0,,False,12.0,False,,,False,auto,128.0,silu,96.0,False,RylanSchaeffer/mem_Qwen3-34M_minerva_math_rep_100_sbst_1.0000_epch_1_ot_4,True,,end,<HUB_TOKEN>,"{'0': 'LABEL_0', '1': 'LABEL_1'}",False,[],False,True,False,0.02,256.0,False,False,False,"{'LABEL_0': 0, 'LABEL_1': 1}",,0.0,"['full_attention', 'full_attention', 'full_attention']",0.0010017045472593205,length,1.0,,False,0.0,passive,warning,True,models/pt_language_model/mem_Qwen3-34M_minerva_math_rep_100_sbst_1.0000_epch_1_ot_4/runs/Sep17_07-18-14_skampere1,False,True,1.0,steps,cosine,1.0,20.0,32768.0,-1.0,28.0,,0.0,34061856.0,"{'attn_implementation': 'flash_attention_2', 'model_name': 'Qwen3/Qwen3-34M', 'torch_dtype': 'bfloat16'}",qwen3,,,False,0.0,32.0,1.0,1.0,3.0,32.0,1.0,1.0,adamw_torch_fused,,,False,models/pt_language_model/mem_Qwen3-34M_minerva_math_rep_100_sbst_1.0000_epch_1_ot_4,False,False,False,151669.0,,-1.0,42.0,42.0,,,False,,,False,,,<PUSH_TO_HUB_TOKEN>,last,False,True,1.0,['wandb'],False,,True,False,1e-06,,10000.0,divine-sweep-13,False,False,True,500.0,no,1.0,0,,True,,,,1.0,,False,False,False,,50.0,1.0,True,inductor,,,,False,False,,"{'base_learning_rate': 1e-06, 'data_seed': 0, 'dataloader_drop_last': True, 'dataloader_num_workers': 8, 'dataloader_prefetch_factor': 4, 'eval_on_start': True, 'eval_steps': 2000, 'eval_strategy': 'steps', 'gradient_checkpointing': False, 'hub_strategy': 'end', 'logging_steps': 1, 'lr_scheduler_type': 'cosine', 'max_grad_norm': 1, 'max_length': 2048, 'max_steps': -1, 'num_train_epochs': 1, 'optim': 'adamw_torch_fused', 'overtrain_multiplier': 4, 'per_device_eval_batch_size': 42, 'per_device_train_batch_size': 42, 'remove_unused_columns': True, 'report_to': 'wandb', 'save_strategy': 'no', 'save_total_limit': 1, 'torch_compile': True, 'warmup_steps': 250, 'weight_decay': 0}",4.56.1,1.0,False,True,False,False,False,False,False,False,151670.0,0.0,250.0,0.0,finished,g31f7bsb,mhrh2d7e
32553.0,8052.0,1758324255.1260011,32553.0,2.348247528076172,9.8796,506.092,12.146,4.45717716217041,643.7793,201.406,4.797,1.0,2.348247528076172,9.8796,506.092,12.146,4.45717716217041,643.7793,201.406,4.797,3903841344.0,456785415085490200,1.0,8039.0,0.2294921875,4.464286138731591e-11,4.4417,3903841344.0,125390.085,4.739396018106437,31133.5739,162.668,0.258,"{'dispatch_batches': None, 'even_batches': True, 'gradient_accumulation_kwargs': None, 'non_blocking': False, 'split_batches': False, 'use_seedable_sampler': True}",False,0.9,0.999,1e-08,False,,False,0.0,False,False,,False,,True,False,,0.0,,"{'benchmark': 'EleutherAI/minerva_math', 'benchmark_shuffle_seed': 0, 'benchmark_subset_fraction': 1, 'corpus': 'fineweb-edu-dedup', 'num_benchmark_replicas_per_epoch': 32, 'shuffle_seed': 0}",0.0,True,8.0,False,True,4.0,,,,,1800.0,[],,,False,0.0,True,False,False,False,bfloat16,False,0.0,151643.0,,0.0,True,True,2000.0,steps,False,,,,,False,auto,False,O1,[],"{'min_num_params': 0, 'xla': False, 'xla_fsdp_grad_ckpt': False, 'xla_fsdp_v2': False}",0.0,,False,15.0,False,,,False,auto,128.0,silu,96.0,False,RylanSchaeffer/mem_Qwen3-34M_minerva_math_rep_32_sbst_1.0000_epch_1_ot_8,True,,end,<HUB_TOKEN>,"{'0': 'LABEL_0', '1': 'LABEL_1'}",False,[],False,True,False,0.02,256.0,False,False,False,"{'LABEL_0': 0, 'LABEL_1': 1}",,0.0,"['full_attention', 'full_attention', 'full_attention']",0.0010976798258144312,length,1.0,,False,0.0,passive,warning,True,models/pt_language_model/mem_Qwen3-34M_minerva_math_rep_32_sbst_1.0000_epch_1_ot_8/runs/Sep19_07-21-56_skampere1,False,True,1.0,steps,cosine,1.0,20.0,32768.0,-1.0,28.0,,0.0,34061856.0,"{'attn_implementation': 'flash_attention_2', 'model_name': 'Qwen3/Qwen3-34M', 'torch_dtype': 'bfloat16'}",qwen3,,,False,0.0,32.0,1.0,1.0,3.0,32.0,1.0,1.0,adamw_torch_fused,,,False,models/pt_language_model/mem_Qwen3-34M_minerva_math_rep_32_sbst_1.0000_epch_1_ot_8,False,False,False,151669.0,,-1.0,42.0,42.0,,,False,,,False,,,<PUSH_TO_HUB_TOKEN>,last,False,True,1.0,['wandb'],False,,True,False,1e-06,,10000.0,graceful-sweep-34,False,False,True,500.0,no,1.0,0,,True,,,,1.0,,False,False,False,,50.0,1.0,True,inductor,,,,False,False,,"{'base_learning_rate': 1e-06, 'data_seed': 0, 'dataloader_drop_last': True, 'dataloader_num_workers': 8, 'dataloader_prefetch_factor': 4, 'eval_on_start': True, 'eval_steps': 2000, 'eval_strategy': 'steps', 'gradient_checkpointing': False, 'hub_strategy': 'end', 'logging_steps': 1, 'lr_scheduler_type': 'cosine', 'max_grad_norm': 1, 'max_length': 2048, 'max_steps': -1, 'num_train_epochs': 1, 'optim': 'adamw_torch_fused', 'overtrain_multiplier': 8, 'per_device_eval_batch_size': 42, 'per_device_train_batch_size': 42, 'remove_unused_columns': True, 'report_to': 'wandb', 'save_strategy': 'no', 'save_total_limit': 1, 'torch_compile': True, 'warmup_steps': 250, 'weight_decay': 0}",4.56.1,1.0,False,True,False,False,False,False,False,False,151670.0,0.0,250.0,0.0,finished,g31f7bsb,iqbm01es
63777.0,15507.0,1758158656.9419498,63777.0,1.3282395601272583,9.9378,503.129,12.075,4.338649749755859,642.1221,201.926,4.809,1.0,1.3282395601272583,9.9378,503.129,12.075,4.338649749755859,642.1221,201.926,4.809,7910710634.0,925626049553760300,1.0,15488.0,0.263671875,1.278190005278372e-11,4.1536,7910710634.0,128221.075,4.358247586487492,61695.8702,179.235,0.251,"{'dispatch_batches': None, 'even_batches': True, 'gradient_accumulation_kwargs': None, 'non_blocking': False, 'split_batches': False, 'use_seedable_sampler': True}",False,0.9,0.999,1e-08,False,,False,0.0,False,False,,False,,True,False,,0.0,,"{'benchmark': 'EleutherAI/minerva_math', 'benchmark_shuffle_seed': 0, 'benchmark_subset_fraction': 1, 'corpus': 'fineweb-edu-dedup', 'num_benchmark_replicas_per_epoch': 316, 'shuffle_seed': 0}",0.0,True,8.0,False,True,4.0,,,,,1800.0,[],,,False,0.0,True,False,False,False,bfloat16,False,0.0,151643.0,,0.0,True,True,2000.0,steps,False,,,,,False,auto,False,O1,[],"{'min_num_params': 0, 'xla': False, 'xla_fsdp_grad_ckpt': False, 'xla_fsdp_v2': False}",0.0,,False,17.0,False,,,False,auto,128.0,silu,96.0,False,RylanSchaeffer/mem_Qwen3-34M_minerva_math_rep_316_sbst_1.0000_epch_1_ot_16,True,,end,<HUB_TOKEN>,"{'0': 'LABEL_0', '1': 'LABEL_1'}",False,[],False,True,False,0.02,256.0,False,False,False,"{'LABEL_0': 0, 'LABEL_1': 1}",,0.0,"['full_attention', 'full_attention', 'full_attention']",0.0012028503647586429,length,1.0,,False,0.0,passive,warning,True,models/pt_language_model/mem_Qwen3-34M_minerva_math_rep_316_sbst_1.0000_epch_1_ot_16/runs/Sep17_00-41-36_skampere1,False,True,1.0,steps,cosine,1.0,20.0,32768.0,-1.0,28.0,,0.0,34061856.0,"{'attn_implementation': 'flash_attention_2', 'model_name': 'Qwen3/Qwen3-34M', 'torch_dtype': 'bfloat16'}",qwen3,,,False,0.0,32.0,1.0,1.0,3.0,32.0,1.0,1.0,adamw_torch_fused,,,False,models/pt_language_model/mem_Qwen3-34M_minerva_math_rep_316_sbst_1.0000_epch_1_ot_16,False,False,False,151669.0,,-1.0,42.0,42.0,,,False,,,False,,,<PUSH_TO_HUB_TOKEN>,last,False,True,1.0,['wandb'],False,,True,False,1e-06,,10000.0,dashing-sweep-10,False,False,True,500.0,no,1.0,0,,True,,,,1.0,,False,False,False,,50.0,1.0,True,inductor,,,,False,False,,"{'base_learning_rate': 1e-06, 'data_seed': 0, 'dataloader_drop_last': True, 'dataloader_num_workers': 8, 'dataloader_prefetch_factor': 4, 'eval_on_start': True, 'eval_steps': 2000, 'eval_strategy': 'steps', 'gradient_checkpointing': False, 'hub_strategy': 'end', 'logging_steps': 1, 'lr_scheduler_type': 'cosine', 'max_grad_norm': 1, 'max_length': 2048, 'max_steps': -1, 'num_train_epochs': 1, 'optim': 'adamw_torch_fused', 'overtrain_multiplier': 16, 'per_device_eval_batch_size': 42, 'per_device_train_batch_size': 42, 'remove_unused_columns': True, 'report_to': 'wandb', 'save_strategy': 'no', 'save_total_limit': 1, 'torch_compile': True, 'warmup_steps': 250, 'weight_decay': 0}",4.56.1,1.0,False,True,False,False,False,False,False,False,151670.0,0.0,250.0,0.0,finished,g31f7bsb,vs3hfbhc
283331.919560865,31540.0,1758418753.250885,283331.0,3.913677453994751,7.212,693.286,8.735,2.9798247814178467,449.7178,288.316,3.604,,,,,,,,,,,,0.7056662690056607,31477.0,0.07373046875,0.00029952017722522647,2.9691,27736129847.0,99874.682,,277709.3175,,,"{'dispatch_batches': None, 'even_batches': True, 'gradient_accumulation_kwargs': None, 'non_blocking': False, 'split_batches': False, 'use_seedable_sampler': True}",False,0.9,0.999,1e-08,False,,False,0.0,False,True,,False,,True,False,,0.0,,"{'benchmark': 'EleutherAI/minerva_math', 'benchmark_shuffle_seed': 0, 'benchmark_subset_fraction': 1, 'corpus': 'fineweb-edu-dedup', 'num_benchmark_replicas_per_epoch': 0, 'shuffle_seed': 0}",0.0,True,4.0,False,True,4.0,nccl,,,False,1800.0,[],,,False,0.0,True,False,False,False,bfloat16,False,0.0,151643.0,,0.0,True,True,1000.0,steps,False,,,,,False,auto,False,O1,[],"{'min_num_params': 0, 'xla': False, 'xla_fsdp_grad_ckpt': False, 'xla_fsdp_v2': False}",0.0,,False,14.0,False,,,False,auto,128.0,silu,576.0,False,RylanSchaeffer/mem_Qwen3-344M_minerva_math_rep_0_sbst_1.0000_epch_1_ot_8.000,True,,end,<HUB_TOKEN>,"{'0': 'LABEL_0', '1': 'LABEL_1'}",False,[],False,True,False,0.02,1536.0,False,False,False,"{'LABEL_0': 0, 'LABEL_1': 1}",,0.0,"['full_attention', 'full_attention', 'full_attention', 'full_attention', 'full_attention', 'full_attention', 'full_attention', 'full_attention', 'full_attention', 'full_attention', 'full_attention', 'full_attention', 'full_attention', 'full_attention']",0.0014895187142161055,length,1.0,,False,0.0,passive,warning,True,models/pt_language_model/mem_Qwen3-344M_minerva_math_rep_0_sbst_1.0000_epch_1_ot_8.000/runs/Sep17_11-57-14_skampere2.stanford.edu,False,True,1.0,steps,cosine,1.0,20.0,32768.0,-1.0,28.0,,0.0,344023616.0,"{'attn_implementation': 'flash_attention_2', 'model_name': 'Qwen3/Qwen3-344M', 'torch_dtype': 'bfloat16'}",qwen3,,,False,0.0,32.0,1.0,1.0,14.0,32.0,1.0,1.0,adamw_torch_fused,,,False,models/pt_language_model/mem_Qwen3-344M_minerva_math_rep_0_sbst_1.0000_epch_1_ot_8.000,False,False,False,151669.0,,-1.0,40.0,40.0,,,False,,,False,,,<PUSH_TO_HUB_TOKEN>,last,False,True,1.0,['wandb'],False,,True,False,1e-06,,10000.0,volcanic-sweep-4,False,False,True,500.0,no,1.0,0,,True,,,,1.0,,False,False,False,,50.0,1.0,True,inductor,,,,False,False,,"{'base_learning_rate': 1e-06, 'data_seed': 0, 'dataloader_drop_last': True, 'dataloader_num_workers': 4, 'dataloader_prefetch_factor': 4, 'eval_on_start': True, 'eval_steps': 1000, 'eval_strategy': 'steps', 'gradient_checkpointing': False, 'hub_strategy': 'end', 'logging_steps': 1, 'lr_scheduler_type': 'cosine', 'max_grad_norm': 1, 'max_length': 2048, 'max_steps': -1, 'num_train_epochs': 1, 'optim': 'adamw_torch_fused', 'overtrain_multiplier': 8, 'per_device_eval_batch_size': 40, 'per_device_train_batch_size': 40, 'remove_unused_columns': True, 'report_to': 'wandb', 'save_strategy': 'no', 'save_total_limit': 1, 'torch_compile': True, 'warmup_steps': 250, 'weight_decay': 0}",4.56.1,1.0,False,True,False,False,False,False,False,False,151670.0,0.0,250.0,0.0,running,09c432gh,mjp0zufq
162565.0,17305.0,1758395563.4465098,162565.0,4.158732891082764,13.7206,364.415,10.787,3.4879729747772217,889.0152,145.848,4.29,1.0,4.158732891082764,13.7206,364.415,10.787,3.4879729747772217,889.0152,145.848,4.29,10629814380.0,3769026040744116000,1.0,17284.0,0.298828125,1.0658723621799217e-11,3.464,10629814380.0,66312.266,3.676338119298268,160299.3687,84.314,0.108,"{'dispatch_batches': None, 'even_batches': True, 'gradient_accumulation_kwargs': None, 'non_blocking': False, 'split_batches': False, 'use_seedable_sampler': True}",False,0.9,0.999,1e-08,False,,False,0.0,False,False,,False,,True,False,,0.0,,"{'benchmark': 'EleutherAI/minerva_math', 'benchmark_shuffle_seed': 0, 'benchmark_subset_fraction': 1, 'corpus': 'fineweb-edu-dedup', 'num_benchmark_replicas_per_epoch': 0, 'shuffle_seed': 0}",0.0,True,8.0,False,True,4.0,,,,,1800.0,[],,,False,0.0,True,False,False,False,bfloat16,False,0.0,151643.0,,0.0,True,True,2000.0,steps,False,,,,,False,auto,False,O1,[],"{'min_num_params': 0, 'xla': False, 'xla_fsdp_grad_ckpt': False, 'xla_fsdp_v2': False}",0.0,,False,23.0,False,,,False,auto,128.0,silu,224.0,False,RylanSchaeffer/mem_Qwen3-93M_minerva_math_rep_0_sbst_1.0000_epch_1_ot_8,True,,end,<HUB_TOKEN>,"{'0': 'LABEL_0', '1': 'LABEL_1'}",False,[],False,True,False,0.02,768.0,False,False,False,"{'LABEL_0': 0, 'LABEL_1': 1}",,0.0,"['full_attention', 'full_attention', 'full_attention', 'full_attention', 'full_attention', 'full_attention']",0.001253426104722572,length,1.0,,False,0.0,passive,warning,True,models/pt_language_model/mem_Qwen3-93M_minerva_math_rep_0_sbst_1.0000_epch_1_ot_8/runs/Sep18_15-03-39_skampere1,False,True,1.0,steps,cosine,1.0,20.0,32768.0,-1.0,28.0,,0.0,93069280.0,"{'attn_implementation': 'flash_attention_2', 'model_name': 'Qwen3/Qwen3-93M', 'torch_dtype': 'bfloat16'}",qwen3,,,False,0.0,32.0,1.0,1.0,6.0,32.0,1.0,1.0,adamw_torch_fused,,,False,models/pt_language_model/mem_Qwen3-93M_minerva_math_rep_0_sbst_1.0000_epch_1_ot_8,False,False,False,151669.0,,-1.0,34.0,34.0,,,False,,,False,,,<PUSH_TO_HUB_TOKEN>,last,False,True,1.0,['wandb'],False,,True,False,1e-06,,10000.0,neat-sweep-4,False,False,True,500.0,no,1.0,0,,True,,,,1.0,,False,False,False,,50.0,1.0,True,inductor,,,,False,False,,"{'base_learning_rate': 1e-06, 'data_seed': 0, 'dataloader_drop_last': True, 'dataloader_num_workers': 8, 'dataloader_prefetch_factor': 4, 'eval_on_start': True, 'eval_steps': 2000, 'eval_strategy': 'steps', 'gradient_checkpointing': False, 'hub_strategy': 'end', 'logging_steps': 1, 'lr_scheduler_type': 'cosine', 'max_grad_norm': 1, 'max_length': 2048, 'max_steps': -1, 'num_train_epochs': 1, 'optim': 'adamw_torch_fused', 'overtrain_multiplier': 8, 'per_device_eval_batch_size': 34, 'per_device_train_batch_size': 34, 'remove_unused_columns': True, 'report_to': 'wandb', 'save_strategy': 'no', 'save_total_limit': 1, 'torch_compile': True, 'warmup_steps': 250, 'weight_decay': 0}",4.56.1,1.0,False,True,False,False,False,False,False,False,151670.0,0.0,250.0,0.0,finished,ho49sshi,i59kfn5b
89636.0,12704.0,1758331111.5501063,89636.0,2.842660665512085,11.7487,425.579,11.831,3.820981025695801,794.3534,163.228,4.535,1.0,2.842660665512085,11.7487,425.579,11.831,3.820981025695801,794.3534,163.228,4.535,7180529392.0,1663279446360064000,1.0,12687.0,0.27734375,1.898551774263679e-11,3.8438,7180529392.0,81726.858,4.044920055806294,87860.0946,103.962,0.144,"{'dispatch_batches': None, 'even_batches': True, 'gradient_accumulation_kwargs': None, 'non_blocking': False, 'split_batches': False, 'use_seedable_sampler': True}",False,0.9,0.999,1e-08,False,,False,0.0,False,False,,False,,True,False,,0.0,,"{'benchmark': 'EleutherAI/minerva_math', 'benchmark_shuffle_seed': 0, 'benchmark_subset_fraction': 1, 'corpus': 'fineweb-edu-dedup', 'num_benchmark_replicas_per_epoch': 1, 'shuffle_seed': 0}",0.0,True,4.0,False,True,4.0,,,,,1800.0,[],,,False,0.0,True,False,False,False,bfloat16,False,0.0,151643.0,,0.0,True,True,2000.0,steps,False,,,,,False,auto,False,O1,[],"{'min_num_params': 0, 'xla': False, 'xla_fsdp_grad_ckpt': False, 'xla_fsdp_v2': False}",0.0,,False,20.0,False,,,False,auto,128.0,silu,160.0,False,RylanSchaeffer/mem_Qwen3-62M_minerva_math_rep_1_sbst_1.0000_epch_1_ot_8,True,,end,<HUB_TOKEN>,"{'0': 'LABEL_0', '1': 'LABEL_1'}",False,[],False,True,False,0.02,512.0,False,False,False,"{'LABEL_0': 0, 'LABEL_1': 1}",,0.0,"['full_attention', 'full_attention', 'full_attention', 'full_attention', 'full_attention']",0.0011901835992820604,length,1.0,,False,0.0,passive,warning,True,models/pt_language_model/mem_Qwen3-62M_minerva_math_rep_1_sbst_1.0000_epch_1_ot_8/runs/Sep18_17-24-54_skampere1,False,True,1.0,steps,cosine,1.0,20.0,32768.0,-1.0,28.0,,0.0,62873440.0,"{'attn_implementation': 'flash_attention_2', 'model_name': 'Qwen3/Qwen3-62M', 'torch_dtype': 'bfloat16'}",qwen3,,,False,0.0,32.0,1.0,1.0,5.0,32.0,1.0,1.0,adamw_torch_fused,,,False,models/pt_language_model/mem_Qwen3-62M_minerva_math_rep_1_sbst_1.0000_epch_1_ot_8,False,False,False,151669.0,,-1.0,36.0,36.0,,,False,,,False,,,<PUSH_TO_HUB_TOKEN>,last,False,True,1.0,['wandb'],False,,True,False,1e-06,,10000.0,smooth-sweep-14,False,False,True,500.0,no,1.0,0,,True,,,,1.0,,False,False,False,,50.0,1.0,True,inductor,,,,False,False,,"{'base_learning_rate': 1e-06, 'data_seed': 0, 'dataloader_drop_last': True, 'dataloader_num_workers': 4, 'dataloader_prefetch_factor': 4, 'eval_on_start': True, 'eval_steps': 2000, 'eval_strategy': 'steps', 'gradient_checkpointing': False, 'hub_strategy': 'end', 'logging_steps': 1, 'lr_scheduler_type': 'cosine', 'max_grad_norm': 1, 'max_length': 2048, 'max_steps': -1, 'num_train_epochs': 1, 'optim': 'adamw_torch_fused', 'overtrain_multiplier': 8, 'per_device_eval_batch_size': 36, 'per_device_train_batch_size': 36, 'remove_unused_columns': True, 'report_to': 'wandb', 'save_strategy': 'no', 'save_total_limit': 1, 'torch_compile': True, 'warmup_steps': 250, 'weight_decay': 0}",4.56.1,1.0,False,True,False,False,False,False,False,False,151670.0,0.0,250.0,0.0,finished,u7dxxphm,n13746qv
91013.0,12699.0,1758173767.9495254,91013.0,4.565094947814941,11.8568,421.7,11.723,3.8273727893829346,799.6837,162.14,4.504,1.0,4.565094947814941,11.8568,421.7,11.723,3.8273727893829346,799.6837,162.14,4.504,7180160572.0,1663194013852762000,1.0,12682.0,0.34375,1.900079230851941e-11,3.8684,7180160572.0,81025.614,4.057720643416355,88615.9366,103.034,0.143,"{'dispatch_batches': None, 'even_batches': True, 'gradient_accumulation_kwargs': None, 'non_blocking': False, 'split_batches': False, 'use_seedable_sampler': True}",False,0.9,0.999,1e-08,False,,False,0.0,False,False,,False,,True,False,,0.0,,"{'benchmark': 'EleutherAI/minerva_math', 'benchmark_shuffle_seed': 0, 'benchmark_subset_fraction': 1, 'corpus': 'fineweb-edu-dedup', 'num_benchmark_replicas_per_epoch': 0, 'shuffle_seed': 0}",0.0,True,4.0,False,True,4.0,,,,,1800.0,[],,,False,0.0,True,False,False,False,bfloat16,False,0.0,151643.0,,0.0,True,True,2000.0,steps,False,,,,,False,auto,False,O1,[],"{'min_num_params': 0, 'xla': False, 'xla_fsdp_grad_ckpt': False, 'xla_fsdp_v2': False}",0.0,,False,20.0,False,,,False,auto,128.0,silu,160.0,False,RylanSchaeffer/mem_Qwen3-62M_minerva_math_rep_0_sbst_1.0000_epch_1_ot_8,True,,end,<HUB_TOKEN>,"{'0': 'LABEL_0', '1': 'LABEL_1'}",False,[],False,True,False,0.02,512.0,False,False,False,"{'LABEL_0': 0, 'LABEL_1': 1}",,0.0,"['full_attention', 'full_attention', 'full_attention', 'full_attention', 'full_attention']",0.0011901835992820604,length,1.0,,False,0.0,passive,warning,True,models/pt_language_model/mem_Qwen3-62M_minerva_math_rep_0_sbst_1.0000_epch_1_ot_8/runs/Sep16_21-19-32_skampere1,False,True,1.0,steps,cosine,1.0,20.0,32768.0,-1.0,28.0,,0.0,62873440.0,"{'attn_implementation': 'flash_attention_2', 'model_name': 'Qwen3/Qwen3-62M', 'torch_dtype': 'bfloat16'}",qwen3,,,False,0.0,32.0,1.0,1.0,5.0,32.0,1.0,1.0,adamw_torch_fused,,,False,models/pt_language_model/mem_Qwen3-62M_minerva_math_rep_0_sbst_1.0000_epch_1_ot_8,False,False,False,151669.0,,-1.0,36.0,36.0,,,False,,,False,,,<PUSH_TO_HUB_TOKEN>,last,False,True,1.0,['wandb'],False,,True,False,1e-06,,10000.0,electric-sweep-4,False,False,True,500.0,no,1.0,0,,True,,,,1.0,,False,False,False,,50.0,1.0,True,inductor,,,,False,False,,"{'base_learning_rate': 1e-06, 'data_seed': 0, 'dataloader_drop_last': True, 'dataloader_num_workers': 4, 'dataloader_prefetch_factor': 4, 'eval_on_start': True, 'eval_steps': 2000, 'eval_strategy': 'steps', 'gradient_checkpointing': False, 'hub_strategy': 'end', 'logging_steps': 1, 'lr_scheduler_type': 'cosine', 'max_grad_norm': 1, 'max_length': 2048, 'max_steps': -1, 'num_train_epochs': 1, 'optim': 'adamw_torch_fused', 'overtrain_multiplier': 8, 'per_device_eval_batch_size': 36, 'per_device_train_batch_size': 36, 'remove_unused_columns': True, 'report_to': 'wandb', 'save_strategy': 'no', 'save_total_limit': 1, 'torch_compile': True, 'warmup_steps': 250, 'weight_decay': 0}",4.56.1,1.0,False,True,False,False,False,False,False,False,151670.0,0.0,250.0,0.0,finished,u7dxxphm,r0tqoxyt
31753.0,7869.0,1758241015.1916144,31753.0,3.637110710144043,9.953,502.359,12.057,4.455904960632324,643.0447,201.636,4.802,1.0,3.637110710144043,9.953,502.359,12.057,4.455904960632324,643.0447,201.636,4.802,3891120254.0,455296930178662400,1.0,7858.0,0.3125,4.6792303219387297e-11,4.4879,3891120254.0,127981.179,4.770846982255908,30403.8491,162.812,0.258,"{'dispatch_batches': None, 'even_batches': True, 'gradient_accumulation_kwargs': None, 'non_blocking': False, 'split_batches': False, 'use_seedable_sampler': True}",False,0.9,0.999,1e-08,False,,False,0.0,False,False,,False,,True,False,,0.0,,"{'benchmark': 'EleutherAI/minerva_math', 'benchmark_shuffle_seed': 0, 'benchmark_subset_fraction': 1, 'corpus': 'fineweb-edu-dedup', 'num_benchmark_replicas_per_epoch': 1, 'shuffle_seed': 0}",0.0,True,8.0,False,True,4.0,,,,,1800.0,[],,,False,0.0,True,False,False,False,bfloat16,False,0.0,151643.0,,0.0,True,True,2000.0,steps,False,,,,,False,auto,False,O1,[],"{'min_num_params': 0, 'xla': False, 'xla_fsdp_grad_ckpt': False, 'xla_fsdp_v2': False}",0.0,,False,15.0,False,,,False,auto,128.0,silu,96.0,False,RylanSchaeffer/mem_Qwen3-34M_minerva_math_rep_1_sbst_1.0000_epch_1_ot_8,True,,end,<HUB_TOKEN>,"{'0': 'LABEL_0', '1': 'LABEL_1'}",False,[],False,True,False,0.02,256.0,False,False,False,"{'LABEL_0': 0, 'LABEL_1': 1}",,0.0,"['full_attention', 'full_attention', 'full_attention']",0.0010976798258144312,length,1.0,,False,0.0,passive,warning,True,models/pt_language_model/mem_Qwen3-34M_minerva_math_rep_1_sbst_1.0000_epch_1_ot_8/runs/Sep18_08-27-57_skampere1,False,True,1.0,steps,cosine,1.0,20.0,32768.0,-1.0,28.0,,0.0,34061856.0,"{'attn_implementation': 'flash_attention_2', 'model_name': 'Qwen3/Qwen3-34M', 'torch_dtype': 'bfloat16'}",qwen3,,,False,0.0,32.0,1.0,1.0,3.0,32.0,1.0,1.0,adamw_torch_fused,,,False,models/pt_language_model/mem_Qwen3-34M_minerva_math_rep_1_sbst_1.0000_epch_1_ot_8,False,False,False,151669.0,,-1.0,42.0,42.0,,,False,,,False,,,<PUSH_TO_HUB_TOKEN>,last,False,True,1.0,['wandb'],False,,True,False,1e-06,,10000.0,pleasant-sweep-24,False,False,True,500.0,no,1.0,0,,True,,,,1.0,,False,False,False,,50.0,1.0,True,inductor,,,,False,False,,"{'base_learning_rate': 1e-06, 'data_seed': 0, 'dataloader_drop_last': True, 'dataloader_num_workers': 8, 'dataloader_prefetch_factor': 4, 'eval_on_start': True, 'eval_steps': 2000, 'eval_strategy': 'steps', 'gradient_checkpointing': False, 'hub_strategy': 'end', 'logging_steps': 1, 'lr_scheduler_type': 'cosine', 'max_grad_norm': 1, 'max_length': 2048, 'max_steps': -1, 'num_train_epochs': 1, 'optim': 'adamw_torch_fused', 'overtrain_multiplier': 8, 'per_device_eval_batch_size': 42, 'per_device_train_batch_size': 42, 'remove_unused_columns': True, 'report_to': 'wandb', 'save_strategy': 'no', 'save_total_limit': 1, 'torch_compile': True, 'warmup_steps': 250, 'weight_decay': 0}",4.56.1,1.0,False,True,False,False,False,False,False,False,151670.0,0.0,250.0,0.0,finished,g31f7bsb,eu00cnry
13736.0,2658.0,1758191821.780823,13736.0,3.102931022644043,11.7358,426.048,11.844,4.432419776916504,796.7832,162.731,4.521,1.0,3.102931022644043,11.7358,426.048,11.844,4.432419776916504,796.7832,162.731,4.521,897958748.0,208000865655586800,1.0,2651.0,0.2578125,3.871341543554981e-10,4.4497,897958748.0,76183.342,5.0904836726611356,11786.8133,97.142,0.225,"{'dispatch_batches': None, 'even_batches': True, 'gradient_accumulation_kwargs': None, 'non_blocking': False, 'split_batches': False, 'use_seedable_sampler': True}",False,0.9,0.999,1e-08,False,,False,0.0,False,False,,False,,True,False,,0.0,,"{'benchmark': 'EleutherAI/minerva_math', 'benchmark_shuffle_seed': 0, 'benchmark_subset_fraction': 1, 'corpus': 'fineweb-edu-dedup', 'num_benchmark_replicas_per_epoch': 1, 'shuffle_seed': 0}",0.0,True,4.0,False,True,4.0,,,,,1800.0,[],,,False,0.0,True,False,False,False,bfloat16,False,0.0,151643.0,,0.0,True,True,2000.0,steps,False,,,,,False,auto,False,O1,[],"{'min_num_params': 0, 'xla': False, 'xla_fsdp_grad_ckpt': False, 'xla_fsdp_v2': False}",0.0,,False,12.0,False,,,False,auto,128.0,silu,160.0,False,RylanSchaeffer/mem_Qwen3-62M_minerva_math_rep_1_sbst_1.0000_epch_1_ot_1,True,,end,<HUB_TOKEN>,"{'0': 'LABEL_0', '1': 'LABEL_1'}",False,[],False,True,False,0.02,512.0,False,False,False,"{'LABEL_0': 0, 'LABEL_1': 1}",,0.0,"['full_attention', 'full_attention', 'full_attention', 'full_attention', 'full_attention']",0.000904494886663269,length,1.0,,False,0.0,passive,warning,True,models/pt_language_model/mem_Qwen3-62M_minerva_math_rep_1_sbst_1.0000_epch_1_ot_1/runs/Sep17_23-48-25_skampere1,False,True,1.0,steps,cosine,1.0,20.0,32768.0,-1.0,28.0,,0.0,62873440.0,"{'attn_implementation': 'flash_attention_2', 'model_name': 'Qwen3/Qwen3-62M', 'torch_dtype': 'bfloat16'}",qwen3,,,False,0.0,32.0,1.0,1.0,5.0,32.0,1.0,1.0,adamw_torch_fused,,,False,models/pt_language_model/mem_Qwen3-62M_minerva_math_rep_1_sbst_1.0000_epch_1_ot_1,False,False,False,151669.0,,-1.0,36.0,36.0,,,False,,,False,,,<PUSH_TO_HUB_TOKEN>,last,False,True,1.0,['wandb'],False,,True,False,1e-06,,10000.0,laced-sweep-11,False,False,True,500.0,no,1.0,0,,True,,,,1.0,,False,False,False,,50.0,1.0,True,inductor,,,,False,False,,"{'base_learning_rate': 1e-06, 'data_seed': 0, 'dataloader_drop_last': True, 'dataloader_num_workers': 4, 'dataloader_prefetch_factor': 4, 'eval_on_start': True, 'eval_steps': 2000, 'eval_strategy': 'steps', 'gradient_checkpointing': False, 'hub_strategy': 'end', 'logging_steps': 1, 'lr_scheduler_type': 'cosine', 'max_grad_norm': 1, 'max_length': 2048, 'max_steps': -1, 'num_train_epochs': 1, 'optim': 'adamw_torch_fused', 'overtrain_multiplier': 1, 'per_device_eval_batch_size': 36, 'per_device_train_batch_size': 36, 'remove_unused_columns': True, 'report_to': 'wandb', 'save_strategy': 'no', 'save_total_limit': 1, 'torch_compile': True, 'warmup_steps': 250, 'weight_decay': 0}",4.56.1,1.0,False,True,False,False,False,False,False,False,151670.0,0.0,250.0,0.0,finished,u7dxxphm,m5i3o3zx
2958.0,,,2958.0,,,,,,,,,,,,,,,,,,,,,,,,,,,,,,,,,,,,,,,,,,,,,,,,,,"{'benchmark': 'EleutherAI/minerva_math', 'benchmark_shuffle_seed': 0, 'benchmark_subset_fraction': 1, 'corpus': 'fineweb-edu-dedup', 'num_benchmark_replicas_per_epoch': 1000, 'shuffle_seed': 0}",,,,,,,,,,,,,,,,,,,,,,,,,,,,,,,,,,,,,,,,,,,,,,,,,,,,,,,,,,,,,,,,,,,,,,,,,,,,,,,,,,,,,,,,,,,,,,,,,,"{'attn_implementation': 'flash_attention_2', 'model_name': 'Qwen3/Qwen3-34M', 'torch_dtype': 'bfloat16'}",,,,,,,,,,,,,,,,,models/pt_language_model/mem_Qwen3-34M_minerva_math_rep_1000_sbst_1.0000_epch_1_ot_16,,,,,,,,,,,,,,,,,,,,,,,,,,,,,,still-sweep-5,,,,,,,0,,,,,,,,,,,,,,,,,,,,,,"{'base_learning_rate': 1e-06, 'data_seed': 0, 'dataloader_drop_last': True, 'dataloader_num_workers': 8, 'dataloader_prefetch_factor': 4, 'eval_on_start': True, 'eval_steps': 2000, 'eval_strategy': 'steps', 'gradient_checkpointing': False, 'hub_strategy': 'end', 'logging_steps': 1, 'lr_scheduler_type': 'cosine', 'max_grad_norm': 1, 'max_length': 2048, 'max_steps': -1, 'num_train_epochs': 1, 'optim': 'adamw_torch_fused', 'overtrain_multiplier': 16, 'per_device_eval_batch_size': 42, 'per_device_train_batch_size': 42, 'remove_unused_columns': True, 'report_to': 'wandb', 'save_strategy': 'no', 'save_total_limit': 1, 'torch_compile': True, 'warmup_steps': 250, 'weight_decay': 0}",,,,,,,,,,,,,,,failed,g31f7bsb,cv5ymrg0
63198.0,14040.0,1758365519.6105537,63198.0,2.4103355407714844,10.0714,496.457,11.915,4.306492805480957,637.3942,203.424,4.845,1.0,2.4103355407714844,10.0714,496.457,11.915,4.306492805480957,637.3942,203.424,4.845,7792854471.0,911835792278552600,1.0,14021.0,0.2236328125,1.565021832223334e-11,4.3193,7792854471.0,130270.85,4.493654137509295,59820.4022,167.349,0.234,"{'dispatch_batches': None, 'even_batches': True, 'gradient_accumulation_kwargs': None, 'non_blocking': False, 'split_batches': False, 'use_seedable_sampler': True}",False,0.9,0.999,1e-08,False,,False,0.0,False,False,,False,,True,False,,0.0,,"{'benchmark': 'EleutherAI/minerva_math', 'benchmark_shuffle_seed': 0, 'benchmark_subset_fraction': 1, 'corpus': 'fineweb-edu-dedup', 'num_benchmark_replicas_per_epoch': 32, 'shuffle_seed': 0}",0.0,True,8.0,False,True,4.0,,,,,1800.0,[],,,False,0.0,True,False,False,False,bfloat16,False,0.0,151643.0,,0.0,True,True,2000.0,steps,False,,,,,False,auto,False,O1,[],"{'min_num_params': 0, 'xla': False, 'xla_fsdp_grad_ckpt': False, 'xla_fsdp_v2': False}",0.0,,False,17.0,False,,,False,auto,128.0,silu,96.0,False,RylanSchaeffer/mem_Qwen3-34M_minerva_math_rep_32_sbst_1.0000_epch_1_ot_16,True,,end,<HUB_TOKEN>,"{'0': 'LABEL_0', '1': 'LABEL_1'}",False,[],False,True,False,0.02,256.0,False,False,False,"{'LABEL_0': 0, 'LABEL_1': 1}",,0.0,"['full_attention', 'full_attention', 'full_attention']",0.0012028503647586429,length,1.0,,False,0.0,passive,warning,True,models/pt_language_model/mem_Qwen3-34M_minerva_math_rep_32_sbst_1.0000_epch_1_ot_16/runs/Sep19_10-18-57_skampere1,False,True,1.0,steps,cosine,1.0,20.0,32768.0,-1.0,28.0,,0.0,34061856.0,"{'attn_implementation': 'flash_attention_2', 'model_name': 'Qwen3/Qwen3-34M', 'torch_dtype': 'bfloat16'}",qwen3,,,False,0.0,32.0,1.0,1.0,3.0,32.0,1.0,1.0,adamw_torch_fused,,,False,models/pt_language_model/mem_Qwen3-34M_minerva_math_rep_32_sbst_1.0000_epch_1_ot_16,False,False,False,151669.0,,-1.0,42.0,42.0,,,False,,,False,,,<PUSH_TO_HUB_TOKEN>,last,False,True,1.0,['wandb'],False,,True,False,1e-06,,10000.0,rare-sweep-35,False,False,True,500.0,no,1.0,0,,True,,,,1.0,,False,False,False,,50.0,1.0,True,inductor,,,,False,False,,"{'base_learning_rate': 1e-06, 'data_seed': 0, 'dataloader_drop_last': True, 'dataloader_num_workers': 8, 'dataloader_prefetch_factor': 4, 'eval_on_start': True, 'eval_steps': 2000, 'eval_strategy': 'steps', 'gradient_checkpointing': False, 'hub_strategy': 'end', 'logging_steps': 1, 'lr_scheduler_type': 'cosine', 'max_grad_norm': 1, 'max_length': 2048, 'max_steps': -1, 'num_train_epochs': 1, 'optim': 'adamw_torch_fused', 'overtrain_multiplier': 16, 'per_device_eval_batch_size': 42, 'per_device_train_batch_size': 42, 'remove_unused_columns': True, 'report_to': 'wandb', 'save_strategy': 'no', 'save_total_limit': 1, 'torch_compile': True, 'warmup_steps': 250, 'weight_decay': 0}",4.56.1,1.0,False,True,False,False,False,False,False,False,151670.0,0.0,250.0,0.0,finished,g31f7bsb,djtq248l
,,,,,,,,,,,,,,,,,,,,,,,,,,,,,,,,,,,,,,,,,,,,,,,,,,,,,"{'benchmark': 'EleutherAI/minerva_math', 'benchmark_shuffle_seed': 0, 'benchmark_subset_fraction': 1, 'corpus': 'fineweb-edu-dedup', 'num_benchmark_replicas_per_epoch': 0, 'shuffle_seed': 0}",,,,,,,,,,,,,,,,,,,,,,,,,,,,,,,,,,,,,,,,,,,,,,,,,,,,,,,,,,,,,,,,,,,,,,,,,,,,,,,,,,,,,,,,,,,,,,,,,,"{'attn_implementation': 'flash_attention_2', 'model_name': 'Qwen3/Qwen3-344M', 'torch_dtype': 'bfloat16'}",,,,,,,,,,,,,,,,,models/pt_language_model/mem_Qwen3-344M_minerva_math_rep_0_sbst_1.0000_epch_1_ot_16.000,,,,,,,,,,,,,,,,,,,,,,,,,,,,,,glowing-sweep-5,,,,,,,0,,,,,,,,,,,,,,,,,,,,,,"{'base_learning_rate': 1e-06, 'data_seed': 0, 'dataloader_drop_last': True, 'dataloader_num_workers': 4, 'dataloader_prefetch_factor': 4, 'eval_on_start': True, 'eval_steps': 1000, 'eval_strategy': 'steps', 'gradient_checkpointing': False, 'hub_strategy': 'end', 'logging_steps': 1, 'lr_scheduler_type': 'cosine', 'max_grad_norm': 1, 'max_length': 2048, 'max_steps': -1, 'num_train_epochs': 1, 'optim': 'adamw_torch_fused', 'overtrain_multiplier': 16, 'per_device_eval_batch_size': 40, 'per_device_train_batch_size': 40, 'remove_unused_columns': True, 'report_to': 'wandb', 'save_strategy': 'no', 'save_total_limit': 1, 'torch_compile': True, 'warmup_steps': 250, 'weight_decay': 0}",,,,,,,,,,,,,,,crashed,09c432gh,hdq26k5e
176900.0,21161.0,1758273071.1495245,176900.0,4.507927417755127,11.8489,421.981,11.731,3.717334032058716,797.6728,162.549,4.516,1.0,4.507927417755127,11.8489,421.981,11.731,3.717334032058716,797.6728,162.549,4.516,14363703263.0,3327171451701690400,1.0,21136.0,0.265625,7.376987827103761e-12,3.7501,14363703263.0,82279.715,3.873921811366334,174571.6223,104.604,0.121,"{'dispatch_batches': None, 'even_batches': True, 'gradient_accumulation_kwargs': None, 'non_blocking': False, 'split_batches': False, 'use_seedable_sampler': True}",False,0.9,0.999,1e-08,False,,False,0.0,False,False,,False,,True,False,,0.0,,"{'benchmark': 'EleutherAI/minerva_math', 'benchmark_shuffle_seed': 0, 'benchmark_subset_fraction': 1, 'corpus': 'fineweb-edu-dedup', 'num_benchmark_replicas_per_epoch': 0, 'shuffle_seed': 0}",0.0,True,4.0,False,True,4.0,,,,,1800.0,[],,,False,0.0,True,False,False,False,bfloat16,False,0.0,151643.0,,0.0,True,True,2000.0,steps,False,,,,,False,auto,False,O1,[],"{'min_num_params': 0, 'xla': False, 'xla_fsdp_grad_ckpt': False, 'xla_fsdp_v2': False}",0.0,,False,24.0,False,,,False,auto,128.0,silu,160.0,False,RylanSchaeffer/mem_Qwen3-62M_minerva_math_rep_0_sbst_1.0000_epch_1_ot_16,True,,end,<HUB_TOKEN>,"{'0': 'LABEL_0', '1': 'LABEL_1'}",False,[],False,True,False,0.02,512.0,False,False,False,"{'LABEL_0': 0, 'LABEL_1': 1}",,0.0,"['full_attention', 'full_attention', 'full_attention', 'full_attention', 'full_attention']",0.0013042170064832,length,1.0,,False,0.0,passive,warning,True,models/pt_language_model/mem_Qwen3-62M_minerva_math_rep_0_sbst_1.0000_epch_1_ot_16/runs/Sep17_01-03-09_skampere1,False,True,1.0,steps,cosine,1.0,20.0,32768.0,-1.0,28.0,,0.0,62873440.0,"{'attn_implementation': 'flash_attention_2', 'model_name': 'Qwen3/Qwen3-62M', 'torch_dtype': 'bfloat16'}",qwen3,,,False,0.0,32.0,1.0,1.0,5.0,32.0,1.0,1.0,adamw_torch_fused,,,False,models/pt_language_model/mem_Qwen3-62M_minerva_math_rep_0_sbst_1.0000_epch_1_ot_16,False,False,False,151669.0,,-1.0,36.0,36.0,,,False,,,False,,,<PUSH_TO_HUB_TOKEN>,last,False,True,1.0,['wandb'],False,,True,False,1e-06,,10000.0,gentle-sweep-5,False,False,True,500.0,no,1.0,0,,True,,,,1.0,,False,False,False,,50.0,1.0,True,inductor,,,,False,False,,"{'base_learning_rate': 1e-06, 'data_seed': 0, 'dataloader_drop_last': True, 'dataloader_num_workers': 4, 'dataloader_prefetch_factor': 4, 'eval_on_start': True, 'eval_steps': 2000, 'eval_strategy': 'steps', 'gradient_checkpointing': False, 'hub_strategy': 'end', 'logging_steps': 1, 'lr_scheduler_type': 'cosine', 'max_grad_norm': 1, 'max_length': 2048, 'max_steps': -1, 'num_train_epochs': 1, 'optim': 'adamw_torch_fused', 'overtrain_multiplier': 16, 'per_device_eval_batch_size': 36, 'per_device_train_batch_size': 36, 'remove_unused_columns': True, 'report_to': 'wandb', 'save_strategy': 'no', 'save_total_limit': 1, 'torch_compile': True, 'warmup_steps': 250, 'weight_decay': 0}",4.56.1,1.0,False,True,False,False,False,False,False,False,151670.0,0.0,250.0,0.0,finished,u7dxxphm,rt4xwn3o
60801.0,13878.0,1758280397.684062,60801.0,3.5787904262542725,9.7367,513.522,12.325,4.3084330558776855,637.1203,203.511,4.847,1.0,3.5787904262542725,9.7367,513.522,12.325,4.3084330558776855,637.1203,203.511,4.847,7780289021.0,910365518664302600,1.0,13861.0,0.234375,1.6020323733074302e-11,4.2765,7780289021.0,131658.469,4.510747231839238,59094.4833,167.47,0.235,"{'dispatch_batches': None, 'even_batches': True, 'gradient_accumulation_kwargs': None, 'non_blocking': False, 'split_batches': False, 'use_seedable_sampler': True}",False,0.9,0.999,1e-08,False,,False,0.0,False,False,,False,,True,False,,0.0,,"{'benchmark': 'EleutherAI/minerva_math', 'benchmark_shuffle_seed': 0, 'benchmark_subset_fraction': 1, 'corpus': 'fineweb-edu-dedup', 'num_benchmark_replicas_per_epoch': 1, 'shuffle_seed': 0}",0.0,True,8.0,False,True,4.0,,,,,1800.0,[],,,False,0.0,True,False,False,False,bfloat16,False,0.0,151643.0,,0.0,True,True,2000.0,steps,False,,,,,False,auto,False,O1,[],"{'min_num_params': 0, 'xla': False, 'xla_fsdp_grad_ckpt': False, 'xla_fsdp_v2': False}",0.0,,False,17.0,False,,,False,auto,128.0,silu,96.0,False,RylanSchaeffer/mem_Qwen3-34M_minerva_math_rep_1_sbst_1.0000_epch_1_ot_16,True,,end,<HUB_TOKEN>,"{'0': 'LABEL_0', '1': 'LABEL_1'}",False,[],False,True,False,0.02,256.0,False,False,False,"{'LABEL_0': 0, 'LABEL_1': 1}",,0.0,"['full_attention', 'full_attention', 'full_attention']",0.0012028503647586429,length,1.0,,False,0.0,passive,warning,True,models/pt_language_model/mem_Qwen3-34M_minerva_math_rep_1_sbst_1.0000_epch_1_ot_16/runs/Sep18_11-20-12_skampere1,False,True,1.0,steps,cosine,1.0,20.0,32768.0,-1.0,28.0,,0.0,34061856.0,"{'attn_implementation': 'flash_attention_2', 'model_name': 'Qwen3/Qwen3-34M', 'torch_dtype': 'bfloat16'}",qwen3,,,False,0.0,32.0,1.0,1.0,3.0,32.0,1.0,1.0,adamw_torch_fused,,,False,models/pt_language_model/mem_Qwen3-34M_minerva_math_rep_1_sbst_1.0000_epch_1_ot_16,False,False,False,151669.0,,-1.0,42.0,42.0,,,False,,,False,,,<PUSH_TO_HUB_TOKEN>,last,False,True,1.0,['wandb'],False,,True,False,1e-06,,10000.0,rose-sweep-25,False,False,True,500.0,no,1.0,0,,True,,,,1.0,,False,False,False,,50.0,1.0,True,inductor,,,,False,False,,"{'base_learning_rate': 1e-06, 'data_seed': 0, 'dataloader_drop_last': True, 'dataloader_num_workers': 8, 'dataloader_prefetch_factor': 4, 'eval_on_start': True, 'eval_steps': 2000, 'eval_strategy': 'steps', 'gradient_checkpointing': False, 'hub_strategy': 'end', 'logging_steps': 1, 'lr_scheduler_type': 'cosine', 'max_grad_norm': 1, 'max_length': 2048, 'max_steps': -1, 'num_train_epochs': 1, 'optim': 'adamw_torch_fused', 'overtrain_multiplier': 16, 'per_device_eval_batch_size': 42, 'per_device_train_batch_size': 42, 'remove_unused_columns': True, 'report_to': 'wandb', 'save_strategy': 'no', 'save_total_limit': 1, 'torch_compile': True, 'warmup_steps': 250, 'weight_decay': 0}",4.56.1,1.0,False,True,False,False,False,False,False,False,151670.0,0.0,250.0,0.0,finished,g31f7bsb,46nehtuo
32424.0,8450.0,1758155900.589164,32424.0,1.8962092399597168,9.9735,501.327,12.032,4.4722580909729,639.1479,202.865,4.831,1.0,1.8962092399597168,9.9735,501.327,12.032,4.4722580909729,639.1479,202.865,4.831,3932114861.0,460093676987613200,1.0,8437.0,0.2412109375,4.0407859947440535e-11,4.3592,3932114861.0,126780.336,4.682242372186599,31015.1809,171.373,0.272,"{'dispatch_batches': None, 'even_batches': True, 'gradient_accumulation_kwargs': None, 'non_blocking': False, 'split_batches': False, 'use_seedable_sampler': True}",False,0.9,0.999,1e-08,False,,False,0.0,False,False,,False,,True,False,,0.0,,"{'benchmark': 'EleutherAI/minerva_math', 'benchmark_shuffle_seed': 0, 'benchmark_subset_fraction': 1, 'corpus': 'fineweb-edu-dedup', 'num_benchmark_replicas_per_epoch': 100, 'shuffle_seed': 0}",0.0,True,8.0,False,True,4.0,,,,,1800.0,[],,,False,0.0,True,False,False,False,bfloat16,False,0.0,151643.0,,0.0,True,True,2000.0,steps,False,,,,,False,auto,False,O1,[],"{'min_num_params': 0, 'xla': False, 'xla_fsdp_grad_ckpt': False, 'xla_fsdp_v2': False}",0.0,,False,15.0,False,,,False,auto,128.0,silu,96.0,False,RylanSchaeffer/mem_Qwen3-34M_minerva_math_rep_100_sbst_1.0000_epch_1_ot_8,True,,end,<HUB_TOKEN>,"{'0': 'LABEL_0', '1': 'LABEL_1'}",False,[],False,True,False,0.02,256.0,False,False,False,"{'LABEL_0': 0, 'LABEL_1': 1}",,0.0,"['full_attention', 'full_attention', 'full_attention']",0.0010976798258144312,length,1.0,,False,0.0,passive,warning,True,models/pt_language_model/mem_Qwen3-34M_minerva_math_rep_100_sbst_1.0000_epch_1_ot_8/runs/Sep17_08-38-11_skampere1,False,True,1.0,steps,cosine,1.0,20.0,32768.0,-1.0,28.0,,0.0,34061856.0,"{'attn_implementation': 'flash_attention_2', 'model_name': 'Qwen3/Qwen3-34M', 'torch_dtype': 'bfloat16'}",qwen3,,,False,0.0,32.0,1.0,1.0,3.0,32.0,1.0,1.0,adamw_torch_fused,,,False,models/pt_language_model/mem_Qwen3-34M_minerva_math_rep_100_sbst_1.0000_epch_1_ot_8,False,False,False,151669.0,,-1.0,42.0,42.0,,,False,,,False,,,<PUSH_TO_HUB_TOKEN>,last,False,True,1.0,['wandb'],False,,True,False,1e-06,,10000.0,stoic-sweep-14,False,False,True,500.0,no,1.0,0,,True,,,,1.0,,False,False,False,,50.0,1.0,True,inductor,,,,False,False,,"{'base_learning_rate': 1e-06, 'data_seed': 0, 'dataloader_drop_last': True, 'dataloader_num_workers': 8, 'dataloader_prefetch_factor': 4, 'eval_on_start': True, 'eval_steps': 2000, 'eval_strategy': 'steps', 'gradient_checkpointing': False, 'hub_strategy': 'end', 'logging_steps': 1, 'lr_scheduler_type': 'cosine', 'max_grad_norm': 1, 'max_length': 2048, 'max_steps': -1, 'num_train_epochs': 1, 'optim': 'adamw_torch_fused', 'overtrain_multiplier': 8, 'per_device_eval_batch_size': 42, 'per_device_train_batch_size': 42, 'remove_unused_columns': True, 'report_to': 'wandb', 'save_strategy': 'no', 'save_total_limit': 1, 'torch_compile': True, 'warmup_steps': 250, 'weight_decay': 0}",4.56.1,1.0,False,True,False,False,False,False,False,False,151670.0,0.0,250.0,0.0,finished,g31f7bsb,w7epl26x
92850.0,14319.0,1758241442.1722047,92850.0,0.21572411060333252,11.9559,418.205,11.626,3.8576154708862305,796.9648,162.694,4.52,1.0,0.21572411060333252,11.9559,418.205,11.626,3.8576154708862305,796.9648,162.694,4.52,7311085454.0,1693521118654103600,1.0,14300.0,0.20703125,1.4876510205488954e-11,3.6282,7311085454.0,81274.023,3.84953803234167,89955.9941,114.452,0.159,"{'dispatch_batches': None, 'even_batches': True, 'gradient_accumulation_kwargs': None, 'non_blocking': False, 'split_batches': False, 'use_seedable_sampler': True}",False,0.9,0.999,1e-08,False,,False,0.0,False,False,,False,,True,False,,0.0,,"{'benchmark': 'EleutherAI/minerva_math', 'benchmark_shuffle_seed': 0, 'benchmark_subset_fraction': 1, 'corpus': 'fineweb-edu-dedup', 'num_benchmark_replicas_per_epoch': 316, 'shuffle_seed': 0}",0.0,True,4.0,False,True,4.0,,,,,1800.0,[],,,False,0.0,True,False,False,False,bfloat16,False,0.0,151643.0,,0.0,True,True,2000.0,steps,False,,,,,False,auto,False,O1,[],"{'min_num_params': 0, 'xla': False, 'xla_fsdp_grad_ckpt': False, 'xla_fsdp_v2': False}",0.0,,False,20.0,False,,,False,auto,128.0,silu,160.0,False,RylanSchaeffer/mem_Qwen3-62M_minerva_math_rep_316_sbst_1.0000_epch_1_ot_8,True,,end,<HUB_TOKEN>,"{'0': 'LABEL_0', '1': 'LABEL_1'}",False,[],False,True,False,0.02,512.0,False,False,False,"{'LABEL_0': 0, 'LABEL_1': 1}",,0.0,"['full_attention', 'full_attention', 'full_attention', 'full_attention', 'full_attention']",0.0011901835992820604,length,1.0,,False,0.0,passive,warning,True,models/pt_language_model/mem_Qwen3-62M_minerva_math_rep_316_sbst_1.0000_epch_1_ot_8/runs/Sep17_15-36-51_skampere1,False,True,1.0,steps,cosine,1.0,20.0,32768.0,-1.0,28.0,,0.0,62873440.0,"{'attn_implementation': 'flash_attention_2', 'model_name': 'Qwen3/Qwen3-62M', 'torch_dtype': 'bfloat16'}",qwen3,,,False,0.0,32.0,1.0,1.0,5.0,32.0,1.0,1.0,adamw_torch_fused,,,False,models/pt_language_model/mem_Qwen3-62M_minerva_math_rep_316_sbst_1.0000_epch_1_ot_8,False,False,False,151669.0,,-1.0,36.0,36.0,,,False,,,False,,,<PUSH_TO_HUB_TOKEN>,last,False,True,1.0,['wandb'],False,,True,False,1e-06,,10000.0,solar-sweep-9,False,False,True,500.0,no,1.0,0,,True,,,,1.0,,False,False,False,,50.0,1.0,True,inductor,,,,False,False,,"{'base_learning_rate': 1e-06, 'data_seed': 0, 'dataloader_drop_last': True, 'dataloader_num_workers': 4, 'dataloader_prefetch_factor': 4, 'eval_on_start': True, 'eval_steps': 2000, 'eval_strategy': 'steps', 'gradient_checkpointing': False, 'hub_strategy': 'end', 'logging_steps': 1, 'lr_scheduler_type': 'cosine', 'max_grad_norm': 1, 'max_length': 2048, 'max_steps': -1, 'num_train_epochs': 1, 'optim': 'adamw_torch_fused', 'overtrain_multiplier': 8, 'per_device_eval_batch_size': 36, 'per_device_train_batch_size': 36, 'remove_unused_columns': True, 'report_to': 'wandb', 'save_strategy': 'no', 'save_total_limit': 1, 'torch_compile': True, 'warmup_steps': 250, 'weight_decay': 0}",4.56.1,1.0,False,True,False,False,False,False,False,False,151670.0,0.0,250.0,0.0,finished,u7dxxphm,vcj0wah0
156619.158098974,18654.0,1758418750.2534776,156595.0,2.8871045112609863,12.0938,413.437,11.494,3.725630760192871,797.8634,162.51,4.515,,,,,,,,,,,,0.8815251070271293,18635.0,0.1357421875,4.57644738124725e-05,3.7433,12662015852.0,82128.854,,154148.5101,,,"{'dispatch_batches': None, 'even_batches': True, 'gradient_accumulation_kwargs': None, 'non_blocking': False, 'split_batches': False, 'use_seedable_sampler': True}",False,0.9,0.999,1e-08,False,,False,0.0,False,False,,False,,True,False,,0.0,,"{'benchmark': 'EleutherAI/minerva_math', 'benchmark_shuffle_seed': 0, 'benchmark_subset_fraction': 1, 'corpus': 'fineweb-edu-dedup', 'num_benchmark_replicas_per_epoch': 1, 'shuffle_seed': 0}",0.0,True,4.0,False,True,4.0,,,,,1800.0,[],,,False,0.0,True,False,False,False,bfloat16,False,0.0,151643.0,,0.0,True,True,2000.0,steps,False,,,,,False,auto,False,O1,[],"{'min_num_params': 0, 'xla': False, 'xla_fsdp_grad_ckpt': False, 'xla_fsdp_v2': False}",0.0,,False,24.0,False,,,False,auto,128.0,silu,160.0,False,RylanSchaeffer/mem_Qwen3-62M_minerva_math_rep_1_sbst_1.0000_epch_1_ot_16,True,,end,<HUB_TOKEN>,"{'0': 'LABEL_0', '1': 'LABEL_1'}",False,[],False,True,False,0.02,512.0,False,False,False,"{'LABEL_0': 0, 'LABEL_1': 1}",,0.0,"['full_attention', 'full_attention', 'full_attention', 'full_attention', 'full_attention']",0.0013042170064832,length,1.0,,False,0.0,passive,warning,True,models/pt_language_model/mem_Qwen3-62M_minerva_math_rep_1_sbst_1.0000_epch_1_ot_16/runs/Sep18_23-08-56_skampere1,False,True,1.0,steps,cosine,1.0,20.0,32768.0,-1.0,28.0,,0.0,62873440.0,"{'attn_implementation': 'flash_attention_2', 'model_name': 'Qwen3/Qwen3-62M', 'torch_dtype': 'bfloat16'}",qwen3,,,False,0.0,32.0,1.0,1.0,5.0,32.0,1.0,1.0,adamw_torch_fused,,,False,models/pt_language_model/mem_Qwen3-62M_minerva_math_rep_1_sbst_1.0000_epch_1_ot_16,False,False,False,151669.0,,-1.0,36.0,36.0,,,False,,,False,,,<PUSH_TO_HUB_TOKEN>,last,False,True,1.0,['wandb'],False,,True,False,1e-06,,10000.0,daily-sweep-15,False,False,True,500.0,no,1.0,0,,True,,,,1.0,,False,False,False,,50.0,1.0,True,inductor,,,,False,False,,"{'base_learning_rate': 1e-06, 'data_seed': 0, 'dataloader_drop_last': True, 'dataloader_num_workers': 4, 'dataloader_prefetch_factor': 4, 'eval_on_start': True, 'eval_steps': 2000, 'eval_strategy': 'steps', 'gradient_checkpointing': False, 'hub_strategy': 'end', 'logging_steps': 1, 'lr_scheduler_type': 'cosine', 'max_grad_norm': 1, 'max_length': 2048, 'max_steps': -1, 'num_train_epochs': 1, 'optim': 'adamw_torch_fused', 'overtrain_multiplier': 16, 'per_device_eval_batch_size': 36, 'per_device_train_batch_size': 36, 'remove_unused_columns': True, 'report_to': 'wandb', 'save_strategy': 'no', 'save_total_limit': 1, 'torch_compile': True, 'warmup_steps': 250, 'weight_decay': 0}",4.56.1,1.0,False,True,False,False,False,False,False,False,151670.0,0.0,250.0,0.0,running,u7dxxphm,o870uwhi
2101.0,,,2101.0,,,,,,,,,,,,,,,,,,,,,,,,,,,,,,,,,,,,,,,,,,,,,,,,,,"{'benchmark': 'EleutherAI/minerva_math', 'benchmark_shuffle_seed': 0, 'benchmark_subset_fraction': 1, 'corpus': 'fineweb-edu-dedup', 'num_benchmark_replicas_per_epoch': 1000, 'shuffle_seed': 0}",,,,,,,,,,,,,,,,,,,,,,,,,,,,,,,,,,,,,,,,,,,,,,,,,,,,,,,,,,,,,,,,,,,,,,,,,,,,,,,,,,,,,,,,,,,,,,,,,,"{'attn_implementation': 'flash_attention_2', 'model_name': 'Qwen3/Qwen3-34M', 'torch_dtype': 'bfloat16'}",,,,,,,,,,,,,,,,,models/pt_language_model/mem_Qwen3-34M_minerva_math_rep_1000_sbst_1.0000_epch_1_ot_8,,,,,,,,,,,,,,,,,,,,,,,,,,,,,,earnest-sweep-4,,,,,,,0,,,,,,,,,,,,,,,,,,,,,,"{'base_learning_rate': 1e-06, 'data_seed': 0, 'dataloader_drop_last': True, 'dataloader_num_workers': 8, 'dataloader_prefetch_factor': 4, 'eval_on_start': True, 'eval_steps': 2000, 'eval_strategy': 'steps', 'gradient_checkpointing': False, 'hub_strategy': 'end', 'logging_steps': 1, 'lr_scheduler_type': 'cosine', 'max_grad_norm': 1, 'max_length': 2048, 'max_steps': -1, 'num_train_epochs': 1, 'optim': 'adamw_torch_fused', 'overtrain_multiplier': 8, 'per_device_eval_batch_size': 42, 'per_device_train_batch_size': 42, 'remove_unused_columns': True, 'report_to': 'wandb', 'save_strategy': 'no', 'save_total_limit': 1, 'torch_compile': True, 'warmup_steps': 250, 'weight_decay': 0}",,,,,,,,,,,,,,,failed,g31f7bsb,i51ail9x
17040.0,4939.0,1758345785.881486,17040.0,3.271182060241699,10.1641,491.93,11.806,4.666534900665283,639.1089,202.878,4.832,1.0,3.271182060241699,10.1641,491.93,11.806,4.666534900665283,639.1089,202.878,4.832,1946361709.0,227742257514545150,1.0,4930.0,0.6328125,1.1284639169410861e-10,4.5823,1946361709.0,123629.403,5.09876840902874,15743.5188,157.797,0.313,"{'dispatch_batches': None, 'even_batches': True, 'gradient_accumulation_kwargs': None, 'non_blocking': False, 'split_batches': False, 'use_seedable_sampler': True}",False,0.9,0.999,1e-08,False,,False,0.0,False,False,,False,,True,False,,0.0,,"{'benchmark': 'EleutherAI/minerva_math', 'benchmark_shuffle_seed': 0, 'benchmark_subset_fraction': 1, 'corpus': 'fineweb-edu-dedup', 'num_benchmark_replicas_per_epoch': 3, 'shuffle_seed': 0}",0.0,True,8.0,False,True,4.0,,,,,1800.0,[],,,False,0.0,True,False,False,False,bfloat16,False,0.0,151643.0,,0.0,True,True,2000.0,steps,False,,,,,False,auto,False,O1,[],"{'min_num_params': 0, 'xla': False, 'xla_fsdp_grad_ckpt': False, 'xla_fsdp_v2': False}",0.0,,False,12.0,False,,,False,auto,128.0,silu,96.0,False,RylanSchaeffer/mem_Qwen3-34M_minerva_math_rep_3_sbst_1.0000_epch_1_ot_4,True,,end,<HUB_TOKEN>,"{'0': 'LABEL_0', '1': 'LABEL_1'}",False,[],False,True,False,0.02,256.0,False,False,False,"{'LABEL_0': 0, 'LABEL_1': 1}",,0.0,"['full_attention', 'full_attention', 'full_attention']",0.0010017045472593205,length,1.0,,False,0.0,passive,warning,True,models/pt_language_model/mem_Qwen3-34M_minerva_math_rep_3_sbst_1.0000_epch_1_ot_4/runs/Sep19_17-39-21_skampere1,False,True,1.0,steps,cosine,1.0,20.0,32768.0,-1.0,28.0,,0.0,34061856.0,"{'attn_implementation': 'flash_attention_2', 'model_name': 'Qwen3/Qwen3-34M', 'torch_dtype': 'bfloat16'}",qwen3,,,False,0.0,32.0,1.0,1.0,3.0,32.0,1.0,1.0,adamw_torch_fused,,,False,models/pt_language_model/mem_Qwen3-34M_minerva_math_rep_3_sbst_1.0000_epch_1_ot_4,False,False,False,151669.0,,-1.0,42.0,42.0,,,False,,,False,,,<PUSH_TO_HUB_TOKEN>,last,False,True,1.0,['wandb'],False,,True,False,1e-06,,10000.0,glorious-sweep-38,False,False,True,500.0,no,1.0,0,,True,,,,1.0,,False,False,False,,50.0,1.0,True,inductor,,,,False,False,,"{'base_learning_rate': 1e-06, 'data_seed': 0, 'dataloader_drop_last': True, 'dataloader_num_workers': 8, 'dataloader_prefetch_factor': 4, 'eval_on_start': True, 'eval_steps': 2000, 'eval_strategy': 'steps', 'gradient_checkpointing': False, 'hub_strategy': 'end', 'logging_steps': 1, 'lr_scheduler_type': 'cosine', 'max_grad_norm': 1, 'max_length': 2048, 'max_steps': -1, 'num_train_epochs': 1, 'optim': 'adamw_torch_fused', 'overtrain_multiplier': 4, 'per_device_eval_batch_size': 42, 'per_device_train_batch_size': 42, 'remove_unused_columns': True, 'report_to': 'wandb', 'save_strategy': 'no', 'save_total_limit': 1, 'torch_compile': True, 'warmup_steps': 250, 'weight_decay': 0}",4.56.1,1.0,False,True,False,False,False,False,False,False,151670.0,0.0,250.0,0.0,finished,g31f7bsb,qxnmn6mm
5046.0,1670.0,1758328724.322808,5046.0,3.9988291263580322,10.0348,498.266,11.958,5.546733379364014,639.3611,202.798,4.83,1.0,3.9988291263580322,10.0348,498.266,11.958,5.546733379364014,639.3611,202.798,4.83,487410348.0,57031502675836930,1.0,1665.0,0.26953125,1.0280032731264365e-09,5.5813,487410348.0,118191.7,6.295203125584233,4123.8984,152.614,0.404,"{'dispatch_batches': None, 'even_batches': True, 'gradient_accumulation_kwargs': None, 'non_blocking': False, 'split_batches': False, 'use_seedable_sampler': True}",False,0.9,0.999,1e-08,False,,False,0.0,False,False,,False,,True,False,,0.0,,"{'benchmark': 'EleutherAI/minerva_math', 'benchmark_shuffle_seed': 0, 'benchmark_subset_fraction': 1, 'corpus': 'fineweb-edu-dedup', 'num_benchmark_replicas_per_epoch': 3, 'shuffle_seed': 0}",0.0,True,8.0,False,True,4.0,,,,,1800.0,[],,,False,0.0,True,False,False,False,bfloat16,False,0.0,151643.0,,0.0,True,True,2000.0,steps,False,,,,,False,auto,False,O1,[],"{'min_num_params': 0, 'xla': False, 'xla_fsdp_grad_ckpt': False, 'xla_fsdp_v2': False}",0.0,,False,9.0,False,,,False,auto,128.0,silu,96.0,False,RylanSchaeffer/mem_Qwen3-34M_minerva_math_rep_3_sbst_1.0000_epch_1_ot_1,True,,end,<HUB_TOKEN>,"{'0': 'LABEL_0', '1': 'LABEL_1'}",False,[],False,True,False,0.02,256.0,False,False,False,"{'LABEL_0': 0, 'LABEL_1': 1}",,0.0,"['full_attention', 'full_attention', 'full_attention']",0.0008341954207498384,length,1.0,,False,0.0,passive,warning,True,models/pt_language_model/mem_Qwen3-34M_minerva_math_rep_3_sbst_1.0000_epch_1_ot_1/runs/Sep19_16-14-54_skampere1,False,True,1.0,steps,cosine,1.0,20.0,32768.0,-1.0,28.0,,0.0,34061856.0,"{'attn_implementation': 'flash_attention_2', 'model_name': 'Qwen3/Qwen3-34M', 'torch_dtype': 'bfloat16'}",qwen3,,,False,0.0,32.0,1.0,1.0,3.0,32.0,1.0,1.0,adamw_torch_fused,,,False,models/pt_language_model/mem_Qwen3-34M_minerva_math_rep_3_sbst_1.0000_epch_1_ot_1,False,False,False,151669.0,,-1.0,42.0,42.0,,,False,,,False,,,<PUSH_TO_HUB_TOKEN>,last,False,True,1.0,['wandb'],False,,True,False,1e-06,,10000.0,silver-sweep-36,False,False,True,500.0,no,1.0,0,,True,,,,1.0,,False,False,False,,50.0,1.0,True,inductor,,,,False,False,,"{'base_learning_rate': 1e-06, 'data_seed': 0, 'dataloader_drop_last': True, 'dataloader_num_workers': 8, 'dataloader_prefetch_factor': 4, 'eval_on_start': True, 'eval_steps': 2000, 'eval_strategy': 'steps', 'gradient_checkpointing': False, 'hub_strategy': 'end', 'logging_steps': 1, 'lr_scheduler_type': 'cosine', 'max_grad_norm': 1, 'max_length': 2048, 'max_steps': -1, 'num_train_epochs': 1, 'optim': 'adamw_torch_fused', 'overtrain_multiplier': 1, 'per_device_eval_batch_size': 42, 'per_device_train_batch_size': 42, 'remove_unused_columns': True, 'report_to': 'wandb', 'save_strategy': 'no', 'save_total_limit': 1, 'torch_compile': True, 'warmup_steps': 250, 'weight_decay': 0}",4.56.1,1.0,False,True,False,False,False,False,False,False,151670.0,0.0,250.0,0.0,finished,g31f7bsb,mdqdpymd
15212.0,5349.0,1758122302.9720323,15212.0,0.1270517259836197,12.1933,410.061,11.4,4.644591808319092,794.2772,163.244,4.535,1.0,0.1270517259836197,12.1933,410.061,11.4,4.644591808319092,794.2772,163.244,4.535,1028315994.0,238196484343857150,1.0,5340.0,0.53515625,8.614107586143175e-11,2.9633,1028315994.0,73241.549,3.104763478911325,14040.0647,164.279,0.38,"{'dispatch_batches': None, 'even_batches': True, 'gradient_accumulation_kwargs': None, 'non_blocking': False, 'split_batches': False, 'use_seedable_sampler': True}",False,0.9,0.999,1e-08,False,,False,0.0,False,False,,False,,True,False,,0.0,,"{'benchmark': 'EleutherAI/minerva_math', 'benchmark_shuffle_seed': 0, 'benchmark_subset_fraction': 1, 'corpus': 'fineweb-edu-dedup', 'num_benchmark_replicas_per_epoch': 316, 'shuffle_seed': 0}",0.0,True,4.0,False,True,4.0,,,,,1800.0,[],,,False,0.0,True,False,False,False,bfloat16,False,0.0,151643.0,,0.0,True,True,2000.0,steps,False,,,,,False,auto,False,O1,[],"{'min_num_params': 0, 'xla': False, 'xla_fsdp_grad_ckpt': False, 'xla_fsdp_v2': False}",0.0,,False,12.0,False,,,False,auto,128.0,silu,160.0,False,RylanSchaeffer/mem_Qwen3-62M_minerva_math_rep_316_sbst_1.0000_epch_1_ot_1,True,,end,<HUB_TOKEN>,"{'0': 'LABEL_0', '1': 'LABEL_1'}",False,[],False,True,False,0.02,512.0,False,False,False,"{'LABEL_0': 0, 'LABEL_1': 1}",,0.0,"['full_attention', 'full_attention', 'full_attention', 'full_attention', 'full_attention']",0.000904494886663269,length,1.0,,False,0.0,passive,warning,True,models/pt_language_model/mem_Qwen3-62M_minerva_math_rep_316_sbst_1.0000_epch_1_ot_1/runs/Sep17_04-05-10_skampere1,False,True,1.0,steps,cosine,1.0,20.0,32768.0,-1.0,28.0,,0.0,62873440.0,"{'attn_implementation': 'flash_attention_2', 'model_name': 'Qwen3/Qwen3-62M', 'torch_dtype': 'bfloat16'}",qwen3,,,False,0.0,32.0,1.0,1.0,5.0,32.0,1.0,1.0,adamw_torch_fused,,,False,models/pt_language_model/mem_Qwen3-62M_minerva_math_rep_316_sbst_1.0000_epch_1_ot_1,False,False,False,151669.0,,-1.0,36.0,36.0,,,False,,,False,,,<PUSH_TO_HUB_TOKEN>,last,False,True,1.0,['wandb'],False,,True,False,1e-06,,10000.0,balmy-sweep-6,False,False,True,500.0,no,1.0,0,,True,,,,1.0,,False,False,False,,50.0,1.0,True,inductor,,,,False,False,,"{'base_learning_rate': 1e-06, 'data_seed': 0, 'dataloader_drop_last': True, 'dataloader_num_workers': 4, 'dataloader_prefetch_factor': 4, 'eval_on_start': True, 'eval_steps': 2000, 'eval_strategy': 'steps', 'gradient_checkpointing': False, 'hub_strategy': 'end', 'logging_steps': 1, 'lr_scheduler_type': 'cosine', 'max_grad_norm': 1, 'max_length': 2048, 'max_steps': -1, 'num_train_epochs': 1, 'optim': 'adamw_torch_fused', 'overtrain_multiplier': 1, 'per_device_eval_batch_size': 36, 'per_device_train_batch_size': 36, 'remove_unused_columns': True, 'report_to': 'wandb', 'save_strategy': 'no', 'save_total_limit': 1, 'torch_compile': True, 'warmup_steps': 250, 'weight_decay': 0}",4.56.1,1.0,False,True,False,False,False,False,False,False,151670.0,0.0,250.0,0.0,finished,u7dxxphm,axc6pvv7
58548.0,11606.0,1758252887.027394,58548.0,0.035357873886823654,6.9284,721.666,9.093,3.093616485595703,448.9686,288.797,3.61,1.0,0.035357873886823654,6.9284,721.666,9.093,3.093616485595703,448.9686,288.797,3.61,5043664323.0,7767092633964380000,1.0,11579.0,0.2197265625,2.176178683304031e-11,2.8646,5043664323.0,93221.234,3.0871293231998043,54104.2445,136.959,0.214,"{'dispatch_batches': None, 'even_batches': True, 'gradient_accumulation_kwargs': None, 'non_blocking': False, 'split_batches': False, 'use_seedable_sampler': True}",False,0.9,0.999,1e-08,False,,False,0.0,False,True,,False,,True,False,,0.0,,"{'benchmark': 'EleutherAI/minerva_math', 'benchmark_shuffle_seed': 0, 'benchmark_subset_fraction': 1, 'corpus': 'fineweb-edu-dedup', 'num_benchmark_replicas_per_epoch': 316, 'shuffle_seed': 0}",0.0,True,4.0,False,True,4.0,nccl,,,False,1800.0,[],,,False,0.0,True,False,False,False,bfloat16,False,0.0,151643.0,,0.0,True,True,1000.0,steps,False,,,,,False,auto,False,O1,[],"{'min_num_params': 0, 'xla': False, 'xla_fsdp_grad_ckpt': False, 'xla_fsdp_v2': False}",0.0,,False,8.0,False,,,False,auto,128.0,silu,576.0,False,RylanSchaeffer/mem_Qwen3-344M_minerva_math_rep_316_sbst_1.0000_epch_1_ot_1.000,True,,end,<HUB_TOKEN>,"{'0': 'LABEL_0', '1': 'LABEL_1'}",False,[],False,True,False,0.02,1536.0,False,False,False,"{'LABEL_0': 0, 'LABEL_1': 1}",,0.0,"['full_attention', 'full_attention', 'full_attention', 'full_attention', 'full_attention', 'full_attention', 'full_attention', 'full_attention', 'full_attention', 'full_attention', 'full_attention', 'full_attention', 'full_attention', 'full_attention']",0.00113197791497891,length,1.0,,False,0.0,passive,warning,True,models/pt_language_model/mem_Qwen3-344M_minerva_math_rep_316_sbst_1.0000_epch_1_ot_1.000/runs/Sep18_04-19-48_skampere2.stanford.edu,False,True,1.0,steps,cosine,1.0,20.0,32768.0,-1.0,28.0,,0.0,344023616.0,"{'attn_implementation': 'flash_attention_2', 'model_name': 'Qwen3/Qwen3-344M', 'torch_dtype': 'bfloat16'}",qwen3,,,False,0.0,32.0,1.0,1.0,14.0,32.0,1.0,1.0,adamw_torch_fused,,,False,models/pt_language_model/mem_Qwen3-344M_minerva_math_rep_316_sbst_1.0000_epch_1_ot_1.000,False,False,False,151669.0,,-1.0,40.0,40.0,,,False,,,False,,,<PUSH_TO_HUB_TOKEN>,last,False,True,1.0,['wandb'],False,,True,False,1e-06,,10000.0,pretty-sweep-6,False,False,True,500.0,no,1.0,0,,True,,,,1.0,,False,False,False,,50.0,1.0,True,inductor,,,,False,False,,"{'base_learning_rate': 1e-06, 'data_seed': 0, 'dataloader_drop_last': True, 'dataloader_num_workers': 4, 'dataloader_prefetch_factor': 4, 'eval_on_start': True, 'eval_steps': 1000, 'eval_strategy': 'steps', 'gradient_checkpointing': False, 'hub_strategy': 'end', 'logging_steps': 1, 'lr_scheduler_type': 'cosine', 'max_grad_norm': 1, 'max_length': 2048, 'max_steps': -1, 'num_train_epochs': 1, 'optim': 'adamw_torch_fused', 'overtrain_multiplier': 1, 'per_device_eval_batch_size': 40, 'per_device_train_batch_size': 40, 'remove_unused_columns': True, 'report_to': 'wandb', 'save_strategy': 'no', 'save_total_limit': 1, 'torch_compile': True, 'warmup_steps': 250, 'weight_decay': 0}",4.56.1,1.0,False,True,False,False,False,False,False,False,151670.0,0.0,250.0,0.0,finished,09c432gh,9pa426zw
5228.0,1739.0,1758244650.472215,5228.0,3.269728899002075,9.9101,504.536,12.109,5.505817413330078,638.8209,202.969,4.834,1.0,3.269728899002075,9.9101,504.536,12.109,5.505817413330078,638.8209,202.969,4.834,490376402.0,57378558330273790,1.0,1734.0,0.404296875,9.346297298110812e-10,5.4198,490376402.0,118343.87,6.1970136638606155,4143.6583,158.115,0.418,"{'dispatch_batches': None, 'even_batches': True, 'gradient_accumulation_kwargs': None, 'non_blocking': False, 'split_batches': False, 'use_seedable_sampler': True}",False,0.9,0.999,1e-08,False,,False,0.0,False,False,,False,,True,False,,0.0,,"{'benchmark': 'EleutherAI/minerva_math', 'benchmark_shuffle_seed': 0, 'benchmark_subset_fraction': 1, 'corpus': 'fineweb-edu-dedup', 'num_benchmark_replicas_per_epoch': 10, 'shuffle_seed': 0}",0.0,True,8.0,False,True,4.0,,,,,1800.0,[],,,False,0.0,True,False,False,False,bfloat16,False,0.0,151643.0,,0.0,True,True,2000.0,steps,False,,,,,False,auto,False,O1,[],"{'min_num_params': 0, 'xla': False, 'xla_fsdp_grad_ckpt': False, 'xla_fsdp_v2': False}",0.0,,False,9.0,False,,,False,auto,128.0,silu,96.0,False,RylanSchaeffer/mem_Qwen3-34M_minerva_math_rep_10_sbst_1.0000_epch_1_ot_1,True,,end,<HUB_TOKEN>,"{'0': 'LABEL_0', '1': 'LABEL_1'}",False,[],False,True,False,0.02,256.0,False,False,False,"{'LABEL_0': 0, 'LABEL_1': 1}",,0.0,"['full_attention', 'full_attention', 'full_attention']",0.0008341954207498384,length,1.0,,False,0.0,passive,warning,True,models/pt_language_model/mem_Qwen3-34M_minerva_math_rep_10_sbst_1.0000_epch_1_ot_1/runs/Sep18_16-50-39_skampere1,False,True,1.0,steps,cosine,1.0,20.0,32768.0,-1.0,28.0,,0.0,34061856.0,"{'attn_implementation': 'flash_attention_2', 'model_name': 'Qwen3/Qwen3-34M', 'torch_dtype': 'bfloat16'}",qwen3,,,False,0.0,32.0,1.0,1.0,3.0,32.0,1.0,1.0,adamw_torch_fused,,,False,models/pt_language_model/mem_Qwen3-34M_minerva_math_rep_10_sbst_1.0000_epch_1_ot_1,False,False,False,151669.0,,-1.0,42.0,42.0,,,False,,,False,,,<PUSH_TO_HUB_TOKEN>,last,False,True,1.0,['wandb'],False,,True,False,1e-06,,10000.0,sunny-sweep-26,False,False,True,500.0,no,1.0,0,,True,,,,1.0,,False,False,False,,50.0,1.0,True,inductor,,,,False,False,,"{'base_learning_rate': 1e-06, 'data_seed': 0, 'dataloader_drop_last': True, 'dataloader_num_workers': 8, 'dataloader_prefetch_factor': 4, 'eval_on_start': True, 'eval_steps': 2000, 'eval_strategy': 'steps', 'gradient_checkpointing': False, 'hub_strategy': 'end', 'logging_steps': 1, 'lr_scheduler_type': 'cosine', 'max_grad_norm': 1, 'max_length': 2048, 'max_steps': -1, 'num_train_epochs': 1, 'optim': 'adamw_torch_fused', 'overtrain_multiplier': 1, 'per_device_eval_batch_size': 42, 'per_device_train_batch_size': 42, 'remove_unused_columns': True, 'report_to': 'wandb', 'save_strategy': 'no', 'save_total_limit': 1, 'torch_compile': True, 'warmup_steps': 250, 'weight_decay': 0}",4.56.1,1.0,False,True,False,False,False,False,False,False,151670.0,0.0,250.0,0.0,finished,g31f7bsb,vudfxzle
61889.0,14391.0,1758197660.90084,61889.0,2.008622646331787,9.7991,510.253,12.246,4.314204216003418,637.1092,203.515,4.847,1.0,2.008622646331787,9.7991,510.253,12.246,4.314204216003418,637.1092,203.515,4.847,7821106094.0,915141492551450600,1.0,14372.0,0.208984375,1.4881919222173776e-11,4.2412,7821106094.0,130335.654,4.4681841639333735,60007.4196,171.006,0.24,"{'dispatch_batches': None, 'even_batches': True, 'gradient_accumulation_kwargs': None, 'non_blocking': False, 'split_batches': False, 'use_seedable_sampler': True}",False,0.9,0.999,1e-08,False,,False,0.0,False,False,,False,,True,False,,0.0,,"{'benchmark': 'EleutherAI/minerva_math', 'benchmark_shuffle_seed': 0, 'benchmark_subset_fraction': 1, 'corpus': 'fineweb-edu-dedup', 'num_benchmark_replicas_per_epoch': 100, 'shuffle_seed': 0}",0.0,True,8.0,False,True,4.0,,,,,1800.0,[],,,False,0.0,True,False,False,False,bfloat16,False,0.0,151643.0,,0.0,True,True,2000.0,steps,False,,,,,False,auto,False,O1,[],"{'min_num_params': 0, 'xla': False, 'xla_fsdp_grad_ckpt': False, 'xla_fsdp_v2': False}",0.0,,False,17.0,False,,,False,auto,128.0,silu,96.0,False,RylanSchaeffer/mem_Qwen3-34M_minerva_math_rep_100_sbst_1.0000_epch_1_ot_16,True,,end,<HUB_TOKEN>,"{'0': 'LABEL_0', '1': 'LABEL_1'}",False,[],False,True,False,0.02,256.0,False,False,False,"{'LABEL_0': 0, 'LABEL_1': 1}",,0.0,"['full_attention', 'full_attention', 'full_attention']",0.0012028503647586429,length,1.0,,False,0.0,passive,warning,True,models/pt_language_model/mem_Qwen3-34M_minerva_math_rep_100_sbst_1.0000_epch_1_ot_16/runs/Sep17_12-03-07_skampere1,False,True,1.0,steps,cosine,1.0,20.0,32768.0,-1.0,28.0,,0.0,34061856.0,"{'attn_implementation': 'flash_attention_2', 'model_name': 'Qwen3/Qwen3-34M', 'torch_dtype': 'bfloat16'}",qwen3,,,False,0.0,32.0,1.0,1.0,3.0,32.0,1.0,1.0,adamw_torch_fused,,,False,models/pt_language_model/mem_Qwen3-34M_minerva_math_rep_100_sbst_1.0000_epch_1_ot_16,False,False,False,151669.0,,-1.0,42.0,42.0,,,False,,,False,,,<PUSH_TO_HUB_TOKEN>,last,False,True,1.0,['wandb'],False,,True,False,1e-06,,10000.0,noble-sweep-15,False,False,True,500.0,no,1.0,0,,True,,,,1.0,,False,False,False,,50.0,1.0,True,inductor,,,,False,False,,"{'base_learning_rate': 1e-06, 'data_seed': 0, 'dataloader_drop_last': True, 'dataloader_num_workers': 8, 'dataloader_prefetch_factor': 4, 'eval_on_start': True, 'eval_steps': 2000, 'eval_strategy': 'steps', 'gradient_checkpointing': False, 'hub_strategy': 'end', 'logging_steps': 1, 'lr_scheduler_type': 'cosine', 'max_grad_norm': 1, 'max_length': 2048, 'max_steps': -1, 'num_train_epochs': 1, 'optim': 'adamw_torch_fused', 'overtrain_multiplier': 16, 'per_device_eval_batch_size': 42, 'per_device_train_batch_size': 42, 'remove_unused_columns': True, 'report_to': 'wandb', 'save_strategy': 'no', 'save_total_limit': 1, 'torch_compile': True, 'warmup_steps': 250, 'weight_decay': 0}",4.56.1,1.0,False,True,False,False,False,False,False,False,151670.0,0.0,250.0,0.0,finished,g31f7bsb,bxx83pbi
18270.0,7230.0,1758103142.0483627,18270.0,0.76951003074646,9.7461,513.024,12.313,4.843926429748535,636.8318,203.603,4.849,1.0,0.76951003074646,9.7461,513.024,12.313,4.843926429748535,636.8318,203.603,4.849,2076020427.0,242913522640486400,1.0,7219.0,0.2421875,5.0890704477744913e-11,3.895,2076020427.0,121279.093,4.325533192942786,17117.7119,212.552,0.422,"{'dispatch_batches': None, 'even_batches': True, 'gradient_accumulation_kwargs': None, 'non_blocking': False, 'split_batches': False, 'use_seedable_sampler': True}",False,0.9,0.999,1e-08,False,,False,0.0,False,False,,False,,True,False,,0.0,,"{'benchmark': 'EleutherAI/minerva_math', 'benchmark_shuffle_seed': 0, 'benchmark_subset_fraction': 1, 'corpus': 'fineweb-edu-dedup', 'num_benchmark_replicas_per_epoch': 316, 'shuffle_seed': 0}",0.0,True,8.0,False,True,4.0,,,,,1800.0,[],,,False,0.0,True,False,False,False,bfloat16,False,0.0,151643.0,,0.0,True,True,2000.0,steps,False,,,,,False,auto,False,O1,[],"{'min_num_params': 0, 'xla': False, 'xla_fsdp_grad_ckpt': False, 'xla_fsdp_v2': False}",0.0,,False,12.0,False,,,False,auto,128.0,silu,96.0,False,RylanSchaeffer/mem_Qwen3-34M_minerva_math_rep_316_sbst_1.0000_epch_1_ot_4,True,,end,<HUB_TOKEN>,"{'0': 'LABEL_0', '1': 'LABEL_1'}",False,[],False,True,False,0.02,256.0,False,False,False,"{'LABEL_0': 0, 'LABEL_1': 1}",,0.0,"['full_attention', 'full_attention', 'full_attention']",0.0010017045472593205,length,1.0,,False,0.0,passive,warning,True,models/pt_language_model/mem_Qwen3-34M_minerva_math_rep_316_sbst_1.0000_epch_1_ot_4/runs/Sep16_21-54-50_skampere1,False,True,1.0,steps,cosine,1.0,20.0,32768.0,-1.0,28.0,,0.0,34061856.0,"{'attn_implementation': 'flash_attention_2', 'model_name': 'Qwen3/Qwen3-34M', 'torch_dtype': 'bfloat16'}",qwen3,,,False,0.0,32.0,1.0,1.0,3.0,32.0,1.0,1.0,adamw_torch_fused,,,False,models/pt_language_model/mem_Qwen3-34M_minerva_math_rep_316_sbst_1.0000_epch_1_ot_4,False,False,False,151669.0,,-1.0,42.0,42.0,,,False,,,False,,,<PUSH_TO_HUB_TOKEN>,last,False,True,1.0,['wandb'],False,,True,False,1e-06,,10000.0,comic-sweep-8,False,False,True,500.0,no,1.0,0,,True,,,,1.0,,False,False,False,,50.0,1.0,True,inductor,,,,False,False,,"{'base_learning_rate': 1e-06, 'data_seed': 0, 'dataloader_drop_last': True, 'dataloader_num_workers': 8, 'dataloader_prefetch_factor': 4, 'eval_on_start': True, 'eval_steps': 2000, 'eval_strategy': 'steps', 'gradient_checkpointing': False, 'hub_strategy': 'end', 'logging_steps': 1, 'lr_scheduler_type': 'cosine', 'max_grad_norm': 1, 'max_length': 2048, 'max_steps': -1, 'num_train_epochs': 1, 'optim': 'adamw_torch_fused', 'overtrain_multiplier': 4, 'per_device_eval_batch_size': 42, 'per_device_train_batch_size': 42, 'remove_unused_columns': True, 'report_to': 'wandb', 'save_strategy': 'no', 'save_total_limit': 1, 'torch_compile': True, 'warmup_steps': 250, 'weight_decay': 0}",4.56.1,1.0,False,True,False,False,False,False,False,False,151670.0,0.0,250.0,0.0,finished,g31f7bsb,vsmr05ae
9841.0,2978.0,1758333607.3608346,9841.0,3.5563459396362305,10.051,497.465,11.939,5.005154609680176,643.656,201.445,4.798,1.0,3.5563459396362305,10.051,497.465,11.939,5.005154609680176,643.656,201.445,4.798,973688710.0,113930552635031550,1.0,2971.0,0.296875,3.0463952926985493e-10,4.9618,973688710.0,117118.682,5.592041179011142,8313.6938,150.074,0.357,"{'dispatch_batches': None, 'even_batches': True, 'gradient_accumulation_kwargs': None, 'non_blocking': False, 'split_batches': False, 'use_seedable_sampler': True}",False,0.9,0.999,1e-08,False,,False,0.0,False,False,,False,,True,False,,0.0,,"{'benchmark': 'EleutherAI/minerva_math', 'benchmark_shuffle_seed': 0, 'benchmark_subset_fraction': 1, 'corpus': 'fineweb-edu-dedup', 'num_benchmark_replicas_per_epoch': 3, 'shuffle_seed': 0}",0.0,True,8.0,False,True,4.0,,,,,1800.0,[],,,False,0.0,True,False,False,False,bfloat16,False,0.0,151643.0,,0.0,True,True,2000.0,steps,False,,,,,False,auto,False,O1,[],"{'min_num_params': 0, 'xla': False, 'xla_fsdp_grad_ckpt': False, 'xla_fsdp_v2': False}",0.0,,False,10.0,False,,,False,auto,128.0,silu,96.0,False,RylanSchaeffer/mem_Qwen3-34M_minerva_math_rep_3_sbst_1.0000_epch_1_ot_2,True,,end,<HUB_TOKEN>,"{'0': 'LABEL_0', '1': 'LABEL_1'}",False,[],False,True,False,0.02,256.0,False,False,False,"{'LABEL_0': 0, 'LABEL_1': 1}",,0.0,"['full_attention', 'full_attention', 'full_attention']",0.000914120889160728,length,1.0,,False,0.0,passive,warning,True,models/pt_language_model/mem_Qwen3-34M_minerva_math_rep_3_sbst_1.0000_epch_1_ot_2/runs/Sep19_16-24-52_skampere1,False,True,1.0,steps,cosine,1.0,20.0,32768.0,-1.0,28.0,,0.0,34061856.0,"{'attn_implementation': 'flash_attention_2', 'model_name': 'Qwen3/Qwen3-34M', 'torch_dtype': 'bfloat16'}",qwen3,,,False,0.0,32.0,1.0,1.0,3.0,32.0,1.0,1.0,adamw_torch_fused,,,False,models/pt_language_model/mem_Qwen3-34M_minerva_math_rep_3_sbst_1.0000_epch_1_ot_2,False,False,False,151669.0,,-1.0,42.0,42.0,,,False,,,False,,,<PUSH_TO_HUB_TOKEN>,last,False,True,1.0,['wandb'],False,,True,False,1e-06,,10000.0,efficient-sweep-37,False,False,True,500.0,no,1.0,0,,True,,,,1.0,,False,False,False,,50.0,1.0,True,inductor,,,,False,False,,"{'base_learning_rate': 1e-06, 'data_seed': 0, 'dataloader_drop_last': True, 'dataloader_num_workers': 8, 'dataloader_prefetch_factor': 4, 'eval_on_start': True, 'eval_steps': 2000, 'eval_strategy': 'steps', 'gradient_checkpointing': False, 'hub_strategy': 'end', 'logging_steps': 1, 'lr_scheduler_type': 'cosine', 'max_grad_norm': 1, 'max_length': 2048, 'max_steps': -1, 'num_train_epochs': 1, 'optim': 'adamw_torch_fused', 'overtrain_multiplier': 2, 'per_device_eval_batch_size': 42, 'per_device_train_batch_size': 42, 'remove_unused_columns': True, 'report_to': 'wandb', 'save_strategy': 'no', 'save_total_limit': 1, 'torch_compile': True, 'warmup_steps': 250, 'weight_decay': 0}",4.56.1,1.0,False,True,False,False,False,False,False,False,151670.0,0.0,250.0,0.0,failed,g31f7bsb,c05d27q2
13843.0,3503.0,1758286957.4809098,13843.0,0.46620628237724304,11.7493,425.556,11.83,4.465692520141602,796.9341,162.7,4.52,1.0,0.46620628237724304,11.7493,425.556,11.83,4.465692520141602,796.9341,162.7,4.52,939113093.0,217533752771870720,1.0,3496.0,0.26953125,2.118111436837311e-10,3.7278,939113093.0,76618.472,4.4733168495737985,12257.0075,123.197,0.285,"{'dispatch_batches': None, 'even_batches': True, 'gradient_accumulation_kwargs': None, 'non_blocking': False, 'split_batches': False, 'use_seedable_sampler': True}",False,0.9,0.999,1e-08,False,,False,0.0,False,False,,False,,True,False,,0.0,,"{'benchmark': 'EleutherAI/minerva_math', 'benchmark_shuffle_seed': 0, 'benchmark_subset_fraction': 1, 'corpus': 'fineweb-edu-dedup', 'num_benchmark_replicas_per_epoch': 100, 'shuffle_seed': 0}",0.0,True,4.0,False,True,4.0,,,,,1800.0,[],,,False,0.0,True,False,False,False,bfloat16,False,0.0,151643.0,,0.0,True,True,2000.0,steps,False,,,,,False,auto,False,O1,[],"{'min_num_params': 0, 'xla': False, 'xla_fsdp_grad_ckpt': False, 'xla_fsdp_v2': False}",0.0,,False,12.0,False,,,False,auto,128.0,silu,160.0,False,RylanSchaeffer/mem_Qwen3-62M_minerva_math_rep_100_sbst_1.0000_epch_1_ot_1,True,,end,<HUB_TOKEN>,"{'0': 'LABEL_0', '1': 'LABEL_1'}",False,[],False,True,False,0.02,512.0,False,False,False,"{'LABEL_0': 0, 'LABEL_1': 1}",,0.0,"['full_attention', 'full_attention', 'full_attention', 'full_attention', 'full_attention']",0.000904494886663269,length,1.0,,False,0.0,passive,warning,True,models/pt_language_model/mem_Qwen3-62M_minerva_math_rep_100_sbst_1.0000_epch_1_ot_1/runs/Sep19_02-12-13_skampere1,False,True,1.0,steps,cosine,1.0,20.0,32768.0,-1.0,28.0,,0.0,62873440.0,"{'attn_implementation': 'flash_attention_2', 'model_name': 'Qwen3/Qwen3-62M', 'torch_dtype': 'bfloat16'}",qwen3,,,False,0.0,32.0,1.0,1.0,5.0,32.0,1.0,1.0,adamw_torch_fused,,,False,models/pt_language_model/mem_Qwen3-62M_minerva_math_rep_100_sbst_1.0000_epch_1_ot_1,False,False,False,151669.0,,-1.0,36.0,36.0,,,False,,,False,,,<PUSH_TO_HUB_TOKEN>,last,False,True,1.0,['wandb'],False,,True,False,1e-06,,10000.0,earnest-sweep-16,False,False,True,500.0,no,1.0,0,,True,,,,1.0,,False,False,False,,50.0,1.0,True,inductor,,,,False,False,,"{'base_learning_rate': 1e-06, 'data_seed': 0, 'dataloader_drop_last': True, 'dataloader_num_workers': 4, 'dataloader_prefetch_factor': 4, 'eval_on_start': True, 'eval_steps': 2000, 'eval_strategy': 'steps', 'gradient_checkpointing': False, 'hub_strategy': 'end', 'logging_steps': 1, 'lr_scheduler_type': 'cosine', 'max_grad_norm': 1, 'max_length': 2048, 'max_steps': -1, 'num_train_epochs': 1, 'optim': 'adamw_torch_fused', 'overtrain_multiplier': 1, 'per_device_eval_batch_size': 36, 'per_device_train_batch_size': 36, 'remove_unused_columns': True, 'report_to': 'wandb', 'save_strategy': 'no', 'save_total_limit': 1, 'torch_compile': True, 'warmup_steps': 250, 'weight_decay': 0}",4.56.1,1.0,False,True,False,False,False,False,False,False,151670.0,0.0,250.0,0.0,finished,u7dxxphm,9tc1qph8
26247.0,6852.0,1758148567.2234476,26247.0,0.13210710883140564,11.9321,419.037,11.649,4.262968063354492,794.5745,163.183,4.533,1.0,0.13210710883140564,11.9321,419.037,11.649,4.262968063354492,794.5745,163.183,4.533,1926195702.0,446179041360216060,1.0,6841.0,0.18359375,5.629620105884297e-11,3.246,1926195702.0,77307.576,3.6718122301142113,24916.003,138.377,0.275,"{'dispatch_batches': None, 'even_batches': True, 'gradient_accumulation_kwargs': None, 'non_blocking': False, 'split_batches': False, 'use_seedable_sampler': True}",False,0.9,0.999,1e-08,False,,False,0.0,False,False,,False,,True,False,,0.0,,"{'benchmark': 'EleutherAI/minerva_math', 'benchmark_shuffle_seed': 0, 'benchmark_subset_fraction': 1, 'corpus': 'fineweb-edu-dedup', 'num_benchmark_replicas_per_epoch': 316, 'shuffle_seed': 0}",0.0,True,4.0,False,True,4.0,,,,,1800.0,[],,,False,0.0,True,False,False,False,bfloat16,False,0.0,151643.0,,0.0,True,True,2000.0,steps,False,,,,,False,auto,False,O1,[],"{'min_num_params': 0, 'xla': False, 'xla_fsdp_grad_ckpt': False, 'xla_fsdp_v2': False}",0.0,,False,14.0,False,,,False,auto,128.0,silu,160.0,False,RylanSchaeffer/mem_Qwen3-62M_minerva_math_rep_316_sbst_1.0000_epch_1_ot_2,True,,end,<HUB_TOKEN>,"{'0': 'LABEL_0', '1': 'LABEL_1'}",False,[],False,True,False,0.02,512.0,False,False,False,"{'LABEL_0': 0, 'LABEL_1': 1}",,0.0,"['full_attention', 'full_attention', 'full_attention', 'full_attention', 'full_attention']",0.00099115589086682,length,1.0,,False,0.0,passive,warning,True,models/pt_language_model/mem_Qwen3-62M_minerva_math_rep_316_sbst_1.0000_epch_1_ot_2/runs/Sep17_08-19-00_skampere1,False,True,1.0,steps,cosine,1.0,20.0,32768.0,-1.0,28.0,,0.0,62873440.0,"{'attn_implementation': 'flash_attention_2', 'model_name': 'Qwen3/Qwen3-62M', 'torch_dtype': 'bfloat16'}",qwen3,,,False,0.0,32.0,1.0,1.0,5.0,32.0,1.0,1.0,adamw_torch_fused,,,False,models/pt_language_model/mem_Qwen3-62M_minerva_math_rep_316_sbst_1.0000_epch_1_ot_2,False,False,False,151669.0,,-1.0,36.0,36.0,,,False,,,False,,,<PUSH_TO_HUB_TOKEN>,last,False,True,1.0,['wandb'],False,,True,False,1e-06,,10000.0,ethereal-sweep-7,False,False,True,500.0,no,1.0,0,,True,,,,1.0,,False,False,False,,50.0,1.0,True,inductor,,,,False,False,,"{'base_learning_rate': 1e-06, 'data_seed': 0, 'dataloader_drop_last': True, 'dataloader_num_workers': 4, 'dataloader_prefetch_factor': 4, 'eval_on_start': True, 'eval_steps': 2000, 'eval_strategy': 'steps', 'gradient_checkpointing': False, 'hub_strategy': 'end', 'logging_steps': 1, 'lr_scheduler_type': 'cosine', 'max_grad_norm': 1, 'max_length': 2048, 'max_steps': -1, 'num_train_epochs': 1, 'optim': 'adamw_torch_fused', 'overtrain_multiplier': 2, 'per_device_eval_batch_size': 36, 'per_device_train_batch_size': 36, 'remove_unused_columns': True, 'report_to': 'wandb', 'save_strategy': 'no', 'save_total_limit': 1, 'torch_compile': True, 'warmup_steps': 250, 'weight_decay': 0}",4.56.1,1.0,False,True,False,False,False,False,False,False,151670.0,0.0,250.0,0.0,finished,u7dxxphm,r388wmmu
9274.0,3039.0,1758250311.6701186,9274.0,3.0070712566375732,9.9343,503.307,12.079,5.009635925292969,642.7776,201.72,4.804,1.0,3.0070712566375732,9.9343,503.307,12.079,5.009635925292969,642.7776,201.72,4.804,976595249.0,114270644425719800,1.0,3032.0,0.26171875,2.9142653319919417e-10,4.9734,976595249.0,117339.782,5.564668176671131,8322.7986,153.011,0.364,"{'dispatch_batches': None, 'even_batches': True, 'gradient_accumulation_kwargs': None, 'non_blocking': False, 'split_batches': False, 'use_seedable_sampler': True}",False,0.9,0.999,1e-08,False,,False,0.0,False,False,,False,,True,False,,0.0,,"{'benchmark': 'EleutherAI/minerva_math', 'benchmark_shuffle_seed': 0, 'benchmark_subset_fraction': 1, 'corpus': 'fineweb-edu-dedup', 'num_benchmark_replicas_per_epoch': 10, 'shuffle_seed': 0}",0.0,True,8.0,False,True,4.0,,,,,1800.0,[],,,False,0.0,True,False,False,False,bfloat16,False,0.0,151643.0,,0.0,True,True,2000.0,steps,False,,,,,False,auto,False,O1,[],"{'min_num_params': 0, 'xla': False, 'xla_fsdp_grad_ckpt': False, 'xla_fsdp_v2': False}",0.0,,False,10.0,False,,,False,auto,128.0,silu,96.0,False,RylanSchaeffer/mem_Qwen3-34M_minerva_math_rep_10_sbst_1.0000_epch_1_ot_2,True,,end,<HUB_TOKEN>,"{'0': 'LABEL_0', '1': 'LABEL_1'}",False,[],False,True,False,0.02,256.0,False,False,False,"{'LABEL_0': 0, 'LABEL_1': 1}",,0.0,"['full_attention', 'full_attention', 'full_attention']",0.000914120889160728,length,1.0,,False,0.0,passive,warning,True,models/pt_language_model/mem_Qwen3-34M_minerva_math_rep_10_sbst_1.0000_epch_1_ot_2/runs/Sep18_17-17-32_skampere1,False,True,1.0,steps,cosine,1.0,20.0,32768.0,-1.0,28.0,,0.0,34061856.0,"{'attn_implementation': 'flash_attention_2', 'model_name': 'Qwen3/Qwen3-34M', 'torch_dtype': 'bfloat16'}",qwen3,,,False,0.0,32.0,1.0,1.0,3.0,32.0,1.0,1.0,adamw_torch_fused,,,False,models/pt_language_model/mem_Qwen3-34M_minerva_math_rep_10_sbst_1.0000_epch_1_ot_2,False,False,False,151669.0,,-1.0,42.0,42.0,,,False,,,False,,,<PUSH_TO_HUB_TOKEN>,last,False,True,1.0,['wandb'],False,,True,False,1e-06,,10000.0,vague-sweep-27,False,False,True,500.0,no,1.0,0,,True,,,,1.0,,False,False,False,,50.0,1.0,True,inductor,,,,False,False,,"{'base_learning_rate': 1e-06, 'data_seed': 0, 'dataloader_drop_last': True, 'dataloader_num_workers': 8, 'dataloader_prefetch_factor': 4, 'eval_on_start': True, 'eval_steps': 2000, 'eval_strategy': 'steps', 'gradient_checkpointing': False, 'hub_strategy': 'end', 'logging_steps': 1, 'lr_scheduler_type': 'cosine', 'max_grad_norm': 1, 'max_length': 2048, 'max_steps': -1, 'num_train_epochs': 1, 'optim': 'adamw_torch_fused', 'overtrain_multiplier': 2, 'per_device_eval_batch_size': 42, 'per_device_train_batch_size': 42, 'remove_unused_columns': True, 'report_to': 'wandb', 'save_strategy': 'no', 'save_total_limit': 1, 'torch_compile': True, 'warmup_steps': 250, 'weight_decay': 0}",4.56.1,1.0,False,True,False,False,False,False,False,False,151670.0,0.0,250.0,0.0,finished,g31f7bsb,94pojlr9
7594.0,4728.0,1758090290.522044,7594.0,0.5242831707000732,10.1616,492.051,11.809,5.925685405731201,639.6109,202.719,4.828,1.0,0.5242831707000732,10.1616,492.051,11.809,5.925685405731201,639.6109,202.719,4.828,617169216.0,72214486077145090,1.0,4719.0,0.4765625,1.030592145881349e-10,1.8457,617169216.0,97075.189,2.532215449713529,6357.6424,280.527,0.742,"{'dispatch_batches': None, 'even_batches': True, 'gradient_accumulation_kwargs': None, 'non_blocking': False, 'split_batches': False, 'use_seedable_sampler': True}",False,0.9,0.999,1e-08,False,,False,0.0,False,False,,False,,True,False,,0.0,,"{'benchmark': 'EleutherAI/minerva_math', 'benchmark_shuffle_seed': 0, 'benchmark_subset_fraction': 1, 'corpus': 'fineweb-edu-dedup', 'num_benchmark_replicas_per_epoch': 316, 'shuffle_seed': 0}",0.0,True,8.0,False,True,4.0,,,,,1800.0,[],,,False,0.0,True,False,False,False,bfloat16,False,0.0,151643.0,,0.0,True,True,2000.0,steps,False,,,,,False,auto,False,O1,[],"{'min_num_params': 0, 'xla': False, 'xla_fsdp_grad_ckpt': False, 'xla_fsdp_v2': False}",0.0,,False,9.0,False,,,False,auto,128.0,silu,96.0,False,RylanSchaeffer/mem_Qwen3-34M_minerva_math_rep_316_sbst_1.0000_epch_1_ot_1,True,,end,<HUB_TOKEN>,"{'0': 'LABEL_0', '1': 'LABEL_1'}",False,[],False,True,False,0.02,256.0,False,False,False,"{'LABEL_0': 0, 'LABEL_1': 1}",,0.0,"['full_attention', 'full_attention', 'full_attention']",0.0008341954207498384,length,1.0,,False,0.0,passive,warning,True,models/pt_language_model/mem_Qwen3-34M_minerva_math_rep_316_sbst_1.0000_epch_1_ot_1/runs/Sep16_21-18-31_skampere1,False,True,1.0,steps,cosine,1.0,20.0,32768.0,-1.0,28.0,,0.0,34061856.0,"{'attn_implementation': 'flash_attention_2', 'model_name': 'Qwen3/Qwen3-34M', 'torch_dtype': 'bfloat16'}",qwen3,,,False,0.0,32.0,1.0,1.0,3.0,32.0,1.0,1.0,adamw_torch_fused,,,False,models/pt_language_model/mem_Qwen3-34M_minerva_math_rep_316_sbst_1.0000_epch_1_ot_1,False,False,False,151669.0,,-1.0,42.0,42.0,,,False,,,False,,,<PUSH_TO_HUB_TOKEN>,last,False,True,1.0,['wandb'],False,,True,False,1e-06,,10000.0,gentle-sweep-6,False,False,True,500.0,no,1.0,0,,True,,,,1.0,,False,False,False,,50.0,1.0,True,inductor,,,,False,False,,"{'base_learning_rate': 1e-06, 'data_seed': 0, 'dataloader_drop_last': True, 'dataloader_num_workers': 8, 'dataloader_prefetch_factor': 4, 'eval_on_start': True, 'eval_steps': 2000, 'eval_strategy': 'steps', 'gradient_checkpointing': False, 'hub_strategy': 'end', 'logging_steps': 1, 'lr_scheduler_type': 'cosine', 'max_grad_norm': 1, 'max_length': 2048, 'max_steps': -1, 'num_train_epochs': 1, 'optim': 'adamw_torch_fused', 'overtrain_multiplier': 1, 'per_device_eval_batch_size': 42, 'per_device_train_batch_size': 42, 'remove_unused_columns': True, 'report_to': 'wandb', 'save_strategy': 'no', 'save_total_limit': 1, 'torch_compile': True, 'warmup_steps': 250, 'weight_decay': 0}",4.56.1,1.0,False,True,False,False,False,False,False,False,151670.0,0.0,250.0,0.0,finished,g31f7bsb,51enpg31
16896.0,4990.0,1758261567.6274443,16896.0,2.7947309017181396,9.7468,512.987,12.312,4.66599702835083,638.9454,202.93,4.833,1.0,2.7947309017181396,9.7468,512.987,12.312,4.66599702835083,638.9454,202.93,4.833,1949257312.0,228081069884178430,1.0,4981.0,0.345703125,1.1042654574261095e-10,4.6842,1949257312.0,123831.276,5.088064190949381,15741.2368,159.459,0.316,"{'dispatch_batches': None, 'even_batches': True, 'gradient_accumulation_kwargs': None, 'non_blocking': False, 'split_batches': False, 'use_seedable_sampler': True}",False,0.9,0.999,1e-08,False,,False,0.0,False,False,,False,,True,False,,0.0,,"{'benchmark': 'EleutherAI/minerva_math', 'benchmark_shuffle_seed': 0, 'benchmark_subset_fraction': 1, 'corpus': 'fineweb-edu-dedup', 'num_benchmark_replicas_per_epoch': 10, 'shuffle_seed': 0}",0.0,True,8.0,False,True,4.0,,,,,1800.0,[],,,False,0.0,True,False,False,False,bfloat16,False,0.0,151643.0,,0.0,True,True,2000.0,steps,False,,,,,False,auto,False,O1,[],"{'min_num_params': 0, 'xla': False, 'xla_fsdp_grad_ckpt': False, 'xla_fsdp_v2': False}",0.0,,False,12.0,False,,,False,auto,128.0,silu,96.0,False,RylanSchaeffer/mem_Qwen3-34M_minerva_math_rep_10_sbst_1.0000_epch_1_ot_4,True,,end,<HUB_TOKEN>,"{'0': 'LABEL_0', '1': 'LABEL_1'}",False,[],False,True,False,0.02,256.0,False,False,False,"{'LABEL_0': 0, 'LABEL_1': 1}",,0.0,"['full_attention', 'full_attention', 'full_attention']",0.0010017045472593205,length,1.0,,False,0.0,passive,warning,True,models/pt_language_model/mem_Qwen3-34M_minerva_math_rep_10_sbst_1.0000_epch_1_ot_4/runs/Sep18_18-18-06_skampere1,False,True,1.0,steps,cosine,1.0,20.0,32768.0,-1.0,28.0,,0.0,34061856.0,"{'attn_implementation': 'flash_attention_2', 'model_name': 'Qwen3/Qwen3-34M', 'torch_dtype': 'bfloat16'}",qwen3,,,False,0.0,32.0,1.0,1.0,3.0,32.0,1.0,1.0,adamw_torch_fused,,,False,models/pt_language_model/mem_Qwen3-34M_minerva_math_rep_10_sbst_1.0000_epch_1_ot_4,False,False,False,151669.0,,-1.0,42.0,42.0,,,False,,,False,,,<PUSH_TO_HUB_TOKEN>,last,False,True,1.0,['wandb'],False,,True,False,1e-06,,10000.0,soft-sweep-28,False,False,True,500.0,no,1.0,0,,True,,,,1.0,,False,False,False,,50.0,1.0,True,inductor,,,,False,False,,"{'base_learning_rate': 1e-06, 'data_seed': 0, 'dataloader_drop_last': True, 'dataloader_num_workers': 8, 'dataloader_prefetch_factor': 4, 'eval_on_start': True, 'eval_steps': 2000, 'eval_strategy': 'steps', 'gradient_checkpointing': False, 'hub_strategy': 'end', 'logging_steps': 1, 'lr_scheduler_type': 'cosine', 'max_grad_norm': 1, 'max_length': 2048, 'max_steps': -1, 'num_train_epochs': 1, 'optim': 'adamw_torch_fused', 'overtrain_multiplier': 4, 'per_device_eval_batch_size': 42, 'per_device_train_batch_size': 42, 'remove_unused_columns': True, 'report_to': 'wandb', 'save_strategy': 'no', 'save_total_limit': 1, 'torch_compile': True, 'warmup_steps': 250, 'weight_decay': 0}",4.56.1,1.0,False,True,False,False,False,False,False,False,151670.0,0.0,250.0,0.0,finished,g31f7bsb,14loy2u8
24587.0,5270.0,1758311561.841499,24587.0,0.5511173009872437,11.9777,417.442,11.605,4.167068958282471,797.5813,162.568,4.516,1.0,0.5511173009872437,11.9777,417.442,11.605,4.167068958282471,797.5813,162.568,4.516,1836750952.0,425460288653885440,1.0,5261.0,0.232421875,9.739415654406707e-11,3.8554,1836750952.0,79068.795,4.334642656672887,23229.7842,114.135,0.226,"{'dispatch_batches': None, 'even_batches': True, 'gradient_accumulation_kwargs': None, 'non_blocking': False, 'split_batches': False, 'use_seedable_sampler': True}",False,0.9,0.999,1e-08,False,,False,0.0,False,False,,False,,True,False,,0.0,,"{'benchmark': 'EleutherAI/minerva_math', 'benchmark_shuffle_seed': 0, 'benchmark_subset_fraction': 1, 'corpus': 'fineweb-edu-dedup', 'num_benchmark_replicas_per_epoch': 100, 'shuffle_seed': 0}",0.0,True,4.0,False,True,4.0,,,,,1800.0,[],,,False,0.0,True,False,False,False,bfloat16,False,0.0,151643.0,,0.0,True,True,2000.0,steps,False,,,,,False,auto,False,O1,[],"{'min_num_params': 0, 'xla': False, 'xla_fsdp_grad_ckpt': False, 'xla_fsdp_v2': False}",0.0,,False,14.0,False,,,False,auto,128.0,silu,160.0,False,RylanSchaeffer/mem_Qwen3-62M_minerva_math_rep_100_sbst_1.0000_epch_1_ot_2,True,,end,<HUB_TOKEN>,"{'0': 'LABEL_0', '1': 'LABEL_1'}",False,[],False,True,False,0.02,512.0,False,False,False,"{'LABEL_0': 0, 'LABEL_1': 1}",,0.0,"['full_attention', 'full_attention', 'full_attention', 'full_attention', 'full_attention']",0.00099115589086682,length,1.0,,False,0.0,passive,warning,True,models/pt_language_model/mem_Qwen3-62M_minerva_math_rep_100_sbst_1.0000_epch_1_ot_2/runs/Sep19_06-03-12_skampere1,False,True,1.0,steps,cosine,1.0,20.0,32768.0,-1.0,28.0,,0.0,62873440.0,"{'attn_implementation': 'flash_attention_2', 'model_name': 'Qwen3/Qwen3-62M', 'torch_dtype': 'bfloat16'}",qwen3,,,False,0.0,32.0,1.0,1.0,5.0,32.0,1.0,1.0,adamw_torch_fused,,,False,models/pt_language_model/mem_Qwen3-62M_minerva_math_rep_100_sbst_1.0000_epch_1_ot_2,False,False,False,151669.0,,-1.0,36.0,36.0,,,False,,,False,,,<PUSH_TO_HUB_TOKEN>,last,False,True,1.0,['wandb'],False,,True,False,1e-06,,10000.0,misunderstood-sweep-17,False,False,True,500.0,no,1.0,0,,True,,,,1.0,,False,False,False,,50.0,1.0,True,inductor,,,,False,False,,"{'base_learning_rate': 1e-06, 'data_seed': 0, 'dataloader_drop_last': True, 'dataloader_num_workers': 4, 'dataloader_prefetch_factor': 4, 'eval_on_start': True, 'eval_steps': 2000, 'eval_strategy': 'steps', 'gradient_checkpointing': False, 'hub_strategy': 'end', 'logging_steps': 1, 'lr_scheduler_type': 'cosine', 'max_grad_norm': 1, 'max_length': 2048, 'max_steps': -1, 'num_train_epochs': 1, 'optim': 'adamw_torch_fused', 'overtrain_multiplier': 2, 'per_device_eval_batch_size': 36, 'per_device_train_batch_size': 36, 'remove_unused_columns': True, 'report_to': 'wandb', 'save_strategy': 'no', 'save_total_limit': 1, 'torch_compile': True, 'warmup_steps': 250, 'weight_decay': 0}",4.56.1,1.0,False,True,False,False,False,False,False,False,151670.0,0.0,250.0,0.0,finished,u7dxxphm,9ilu36pr
48559.0,9377.0,1758178054.121419,48559.0,0.15084494650363922,12.6212,396.158,11.013,4.019771099090576,798.8229,162.315,4.509,1.0,0.15084494650363922,12.6212,396.158,11.013,4.019771099090576,798.8229,162.315,4.509,3722014785.0,862157976281022500,1.0,9364.0,0.25390625,3.226261577850706e-11,3.5804,3722014785.0,79290.218,3.8443835912378157,46941.6655,122.075,0.199,"{'dispatch_batches': None, 'even_batches': True, 'gradient_accumulation_kwargs': None, 'non_blocking': False, 'split_batches': False, 'use_seedable_sampler': True}",False,0.9,0.999,1e-08,False,,False,0.0,False,False,,False,,True,False,,0.0,,"{'benchmark': 'EleutherAI/minerva_math', 'benchmark_shuffle_seed': 0, 'benchmark_subset_fraction': 1, 'corpus': 'fineweb-edu-dedup', 'num_benchmark_replicas_per_epoch': 316, 'shuffle_seed': 0}",0.0,True,4.0,False,True,4.0,,,,,1800.0,[],,,False,0.0,True,False,False,False,bfloat16,False,0.0,151643.0,,0.0,True,True,2000.0,steps,False,,,,,False,auto,False,O1,[],"{'min_num_params': 0, 'xla': False, 'xla_fsdp_grad_ckpt': False, 'xla_fsdp_v2': False}",0.0,,False,17.0,False,,,False,auto,128.0,silu,160.0,False,RylanSchaeffer/mem_Qwen3-62M_minerva_math_rep_316_sbst_1.0000_epch_1_ot_4,True,,end,<HUB_TOKEN>,"{'0': 'LABEL_0', '1': 'LABEL_1'}",False,[],False,True,False,0.02,512.0,False,False,False,"{'LABEL_0': 0, 'LABEL_1': 1}",,0.0,"['full_attention', 'full_attention', 'full_attention', 'full_attention', 'full_attention']",0.0010861201590984305,length,1.0,,False,0.0,passive,warning,True,models/pt_language_model/mem_Qwen3-62M_minerva_math_rep_316_sbst_1.0000_epch_1_ot_4/runs/Sep17_10-18-35_skampere1,False,True,1.0,steps,cosine,1.0,20.0,32768.0,-1.0,28.0,,0.0,62873440.0,"{'attn_implementation': 'flash_attention_2', 'model_name': 'Qwen3/Qwen3-62M', 'torch_dtype': 'bfloat16'}",qwen3,,,False,0.0,32.0,1.0,1.0,5.0,32.0,1.0,1.0,adamw_torch_fused,,,False,models/pt_language_model/mem_Qwen3-62M_minerva_math_rep_316_sbst_1.0000_epch_1_ot_4,False,False,False,151669.0,,-1.0,36.0,36.0,,,False,,,False,,,<PUSH_TO_HUB_TOKEN>,last,False,True,1.0,['wandb'],False,,True,False,1e-06,,10000.0,brisk-sweep-8,False,False,True,500.0,no,1.0,0,,True,,,,1.0,,False,False,False,,50.0,1.0,True,inductor,,,,False,False,,"{'base_learning_rate': 1e-06, 'data_seed': 0, 'dataloader_drop_last': True, 'dataloader_num_workers': 4, 'dataloader_prefetch_factor': 4, 'eval_on_start': True, 'eval_steps': 2000, 'eval_strategy': 'steps', 'gradient_checkpointing': False, 'hub_strategy': 'end', 'logging_steps': 1, 'lr_scheduler_type': 'cosine', 'max_grad_norm': 1, 'max_length': 2048, 'max_steps': -1, 'num_train_epochs': 1, 'optim': 'adamw_torch_fused', 'overtrain_multiplier': 4, 'per_device_eval_batch_size': 36, 'per_device_train_batch_size': 36, 'remove_unused_columns': True, 'report_to': 'wandb', 'save_strategy': 'no', 'save_total_limit': 1, 'torch_compile': True, 'warmup_steps': 250, 'weight_decay': 0}",4.56.1,1.0,False,True,False,False,False,False,False,False,151670.0,0.0,250.0,0.0,finished,u7dxxphm,q3qmuf18
53152.0,9781.0,1758135366.1842568,53152.0,3.9014954566955566,6.9249,722.034,9.098,3.204322099685669,449.1183,288.701,3.609,1.0,3.9014954566955566,6.9249,722.034,9.098,3.204322099685669,449.1183,288.701,3.609,4911989599.0,7564317490944147000,1.0,9758.0,0.12158203125,3.0895793820159865e-11,3.2485,4911989599.0,95695.444,3.5491675837749974,51329.3997,121.662,0.19,"{'dispatch_batches': None, 'even_batches': True, 'gradient_accumulation_kwargs': None, 'non_blocking': False, 'split_batches': False, 'use_seedable_sampler': True}",False,0.9,0.999,1e-08,False,,False,0.0,False,True,,False,,True,False,,0.0,,"{'benchmark': 'EleutherAI/minerva_math', 'benchmark_shuffle_seed': 0, 'benchmark_subset_fraction': 1, 'corpus': 'fineweb-edu-dedup', 'num_benchmark_replicas_per_epoch': 0, 'shuffle_seed': 0}",0.0,True,4.0,False,True,4.0,nccl,,,False,1800.0,[],,,False,0.0,True,False,False,False,bfloat16,False,0.0,151643.0,,0.0,True,True,1000.0,steps,False,,,,,False,auto,False,O1,[],"{'min_num_params': 0, 'xla': False, 'xla_fsdp_grad_ckpt': False, 'xla_fsdp_v2': False}",0.0,,False,8.0,False,,,False,auto,128.0,silu,576.0,False,RylanSchaeffer/mem_Qwen3-344M_minerva_math_rep_0_sbst_1.0000_epch_1_ot_1.000,True,,end,<HUB_TOKEN>,"{'0': 'LABEL_0', '1': 'LABEL_1'}",False,[],False,True,False,0.02,1536.0,False,False,False,"{'LABEL_0': 0, 'LABEL_1': 1}",,0.0,"['full_attention', 'full_attention', 'full_attention', 'full_attention', 'full_attention', 'full_attention', 'full_attention', 'full_attention', 'full_attention', 'full_attention', 'full_attention', 'full_attention', 'full_attention', 'full_attention']",0.00113197791497891,length,1.0,,False,0.0,passive,warning,True,models/pt_language_model/mem_Qwen3-344M_minerva_math_rep_0_sbst_1.0000_epch_1_ot_1.000/runs/Sep16_21-11-01_skampere2.stanford.edu,False,True,1.0,steps,cosine,1.0,20.0,32768.0,-1.0,28.0,,0.0,344023616.0,"{'attn_implementation': 'flash_attention_2', 'model_name': 'Qwen3/Qwen3-344M', 'torch_dtype': 'bfloat16'}",qwen3,,,False,0.0,32.0,1.0,1.0,14.0,32.0,1.0,1.0,adamw_torch_fused,,,False,models/pt_language_model/mem_Qwen3-344M_minerva_math_rep_0_sbst_1.0000_epch_1_ot_1.000,False,False,False,151669.0,,-1.0,40.0,40.0,,,False,,,False,,,<PUSH_TO_HUB_TOKEN>,last,False,True,1.0,['wandb'],False,,True,False,1e-06,,10000.0,solar-sweep-1,False,False,True,500.0,no,1.0,0,,True,,,,1.0,,False,False,False,,50.0,1.0,True,inductor,,,,False,False,,"{'base_learning_rate': 1e-06, 'data_seed': 0, 'dataloader_drop_last': True, 'dataloader_num_workers': 4, 'dataloader_prefetch_factor': 4, 'eval_on_start': True, 'eval_steps': 1000, 'eval_strategy': 'steps', 'gradient_checkpointing': False, 'hub_strategy': 'end', 'logging_steps': 1, 'lr_scheduler_type': 'cosine', 'max_grad_norm': 1, 'max_length': 2048, 'max_steps': -1, 'num_train_epochs': 1, 'optim': 'adamw_torch_fused', 'overtrain_multiplier': 1, 'per_device_eval_batch_size': 40, 'per_device_train_batch_size': 40, 'remove_unused_columns': True, 'report_to': 'wandb', 'save_strategy': 'no', 'save_total_limit': 1, 'torch_compile': True, 'warmup_steps': 250, 'weight_decay': 0}",4.56.1,1.0,False,True,False,False,False,False,False,False,151670.0,0.0,250.0,0.0,finished,09c432gh,nf5flx5o
127.0,,,127.0,,,,,,,,,,,,,,,,,,,,,,,,,,,,,,,,,,,,,,,,,,,,,,,,,,"{'benchmark': 'EleutherAI/minerva_math', 'benchmark_shuffle_seed': 0, 'benchmark_subset_fraction': 1, 'corpus': 'fineweb-edu-dedup', 'num_benchmark_replicas_per_epoch': 3162, 'shuffle_seed': 0}",,,,,,,,,,,,,,,,,,,,,,,,,,,,,,,,,,,,,,,,,,,,,,,,,,,,,,,,,,,,,,,,,,,,,,,,,,,,,,,,,,,,,,,,,,,,,,,,,,"{'attn_implementation': 'flash_attention_2', 'model_name': 'Qwen3/Qwen3-34M', 'torch_dtype': 'bfloat16'}",,,,,,,,,,,,,,,,,models/pt_language_model/mem_Qwen3-34M_minerva_math_rep_3162_sbst_1.0000_epch_1_ot_1,,,,,,,,,,,,,,,,,,,,,,,,,,,,,,young-sweep-2,,,,,,,0,,,,,,,,,,,,,,,,,,,,,,"{'base_learning_rate': 1e-06, 'data_seed': 0, 'dataloader_drop_last': True, 'dataloader_num_workers': 8, 'dataloader_prefetch_factor': 4, 'eval_on_start': True, 'eval_steps': 2000, 'eval_strategy': 'steps', 'gradient_checkpointing': False, 'hub_strategy': 'end', 'logging_steps': 1, 'lr_scheduler_type': 'cosine', 'max_grad_norm': 1, 'max_length': 2048, 'max_steps': -1, 'num_train_epochs': 1, 'optim': 'adamw_torch_fused', 'overtrain_multiplier': 1, 'per_device_eval_batch_size': 42, 'per_device_train_batch_size': 42, 'remove_unused_columns': True, 'report_to': 'wandb', 'save_strategy': 'no', 'save_total_limit': 1, 'torch_compile': True, 'warmup_steps': 250, 'weight_decay': 0}",,,,,,,,,,,,,,,failed,rkx5xfde,m3v55yb0
31686.0,7880.0,1758366622.8134904,31686.0,3.215481996536255,9.9956,500.222,12.005,4.458456039428711,640.7179,202.368,4.82,1.0,3.215481996536255,9.9956,500.222,12.005,4.458456039428711,640.7179,202.368,4.82,3891858790.0,455383345807753200,1.0,7869.0,0.2177734375,4.6657287139424357e-11,4.4388,3891858790.0,127868.821,4.768395379532215,30436.3401,162.881,0.259,"{'dispatch_batches': None, 'even_batches': True, 'gradient_accumulation_kwargs': None, 'non_blocking': False, 'split_batches': False, 'use_seedable_sampler': True}",False,0.9,0.999,1e-08,False,,False,0.0,False,False,,False,,True,False,,0.0,,"{'benchmark': 'EleutherAI/minerva_math', 'benchmark_shuffle_seed': 0, 'benchmark_subset_fraction': 1, 'corpus': 'fineweb-edu-dedup', 'num_benchmark_replicas_per_epoch': 3, 'shuffle_seed': 0}",0.0,True,8.0,False,True,4.0,,,,,1800.0,[],,,False,0.0,True,False,False,False,bfloat16,False,0.0,151643.0,,0.0,True,True,2000.0,steps,False,,,,,False,auto,False,O1,[],"{'min_num_params': 0, 'xla': False, 'xla_fsdp_grad_ckpt': False, 'xla_fsdp_v2': False}",0.0,,False,15.0,False,,,False,auto,128.0,silu,96.0,False,RylanSchaeffer/mem_Qwen3-34M_minerva_math_rep_3_sbst_1.0000_epch_1_ot_8,True,,end,<HUB_TOKEN>,"{'0': 'LABEL_0', '1': 'LABEL_1'}",False,[],False,True,False,0.02,256.0,False,False,False,"{'LABEL_0': 0, 'LABEL_1': 1}",,0.0,"['full_attention', 'full_attention', 'full_attention']",0.0010976798258144312,length,1.0,,False,0.0,passive,warning,True,models/pt_language_model/mem_Qwen3-34M_minerva_math_rep_3_sbst_1.0000_epch_1_ot_8/runs/Sep19_19-22-31_skampere1,False,True,1.0,steps,cosine,1.0,20.0,32768.0,-1.0,28.0,,0.0,34061856.0,"{'attn_implementation': 'flash_attention_2', 'model_name': 'Qwen3/Qwen3-34M', 'torch_dtype': 'bfloat16'}",qwen3,,,False,0.0,32.0,1.0,1.0,3.0,32.0,1.0,1.0,adamw_torch_fused,,,False,models/pt_language_model/mem_Qwen3-34M_minerva_math_rep_3_sbst_1.0000_epch_1_ot_8,False,False,False,151669.0,,-1.0,42.0,42.0,,,False,,,False,,,<PUSH_TO_HUB_TOKEN>,last,False,True,1.0,['wandb'],False,,True,False,1e-06,,10000.0,tough-sweep-39,False,False,True,500.0,no,1.0,0,,True,,,,1.0,,False,False,False,,50.0,1.0,True,inductor,,,,False,False,,"{'base_learning_rate': 1e-06, 'data_seed': 0, 'dataloader_drop_last': True, 'dataloader_num_workers': 8, 'dataloader_prefetch_factor': 4, 'eval_on_start': True, 'eval_steps': 2000, 'eval_strategy': 'steps', 'gradient_checkpointing': False, 'hub_strategy': 'end', 'logging_steps': 1, 'lr_scheduler_type': 'cosine', 'max_grad_norm': 1, 'max_length': 2048, 'max_steps': -1, 'num_train_epochs': 1, 'optim': 'adamw_torch_fused', 'overtrain_multiplier': 8, 'per_device_eval_batch_size': 42, 'per_device_train_batch_size': 42, 'remove_unused_columns': True, 'report_to': 'wandb', 'save_strategy': 'no', 'save_total_limit': 1, 'torch_compile': True, 'warmup_steps': 250, 'weight_decay': 0}",4.56.1,1.0,False,True,False,False,False,False,False,False,151670.0,0.0,250.0,0.0,finished,g31f7bsb,26idyf4w
9203.0,2952.0,1758167888.6689348,9203.0,6.31859016418457,9.7111,514.873,12.357,5.0306572914123535,642.3359,201.859,4.807,1.0,6.31859016418457,9.7111,514.873,12.357,5.0306572914123535,642.3359,201.859,4.807,972467832.0,113787698558271490,1.0,2945.0,0.35546875,3.1054589959513946e-10,5.0888,972467832.0,117460.063,5.622363290964849,8279.1372,149.364,0.356,"{'dispatch_batches': None, 'even_batches': True, 'gradient_accumulation_kwargs': None, 'non_blocking': False, 'split_batches': False, 'use_seedable_sampler': True}",False,0.9,0.999,1e-08,False,,False,0.0,False,False,,False,,True,False,,0.0,,"{'benchmark': 'EleutherAI/minerva_math', 'benchmark_shuffle_seed': 0, 'benchmark_subset_fraction': 1, 'corpus': 'fineweb-edu-dedup', 'num_benchmark_replicas_per_epoch': 0, 'shuffle_seed': 0}",0.0,True,8.0,False,True,4.0,,,,,1800.0,[],,,False,0.0,True,False,False,False,bfloat16,False,0.0,151643.0,,0.0,True,True,2000.0,steps,False,,,,,False,auto,False,O1,[],"{'min_num_params': 0, 'xla': False, 'xla_fsdp_grad_ckpt': False, 'xla_fsdp_v2': False}",0.0,,False,10.0,False,,,False,auto,128.0,silu,96.0,False,RylanSchaeffer/mem_Qwen3-34M_minerva_math_rep_0_sbst_1.0000_epch_1_ot_2,True,,end,<HUB_TOKEN>,"{'0': 'LABEL_0', '1': 'LABEL_1'}",False,[],False,True,False,0.02,256.0,False,False,False,"{'LABEL_0': 0, 'LABEL_1': 1}",,0.0,"['full_attention', 'full_attention', 'full_attention']",0.000914120889160728,length,1.0,,False,0.0,passive,warning,True,models/pt_language_model/mem_Qwen3-34M_minerva_math_rep_0_sbst_1.0000_epch_1_ot_2/runs/Sep17_18-25-03_skampere1,False,True,1.0,steps,cosine,1.0,20.0,32768.0,-1.0,28.0,,0.0,34061856.0,"{'attn_implementation': 'flash_attention_2', 'model_name': 'Qwen3/Qwen3-34M', 'torch_dtype': 'bfloat16'}",qwen3,,,False,0.0,32.0,1.0,1.0,3.0,32.0,1.0,1.0,adamw_torch_fused,,,False,models/pt_language_model/mem_Qwen3-34M_minerva_math_rep_0_sbst_1.0000_epch_1_ot_2,False,False,False,151669.0,,-1.0,42.0,42.0,,,False,,,False,,,<PUSH_TO_HUB_TOKEN>,last,False,True,1.0,['wandb'],False,,True,False,1e-06,,10000.0,solar-sweep-17,False,False,True,500.0,no,1.0,0,,True,,,,1.0,,False,False,False,,50.0,1.0,True,inductor,,,,False,False,,"{'base_learning_rate': 1e-06, 'data_seed': 0, 'dataloader_drop_last': True, 'dataloader_num_workers': 8, 'dataloader_prefetch_factor': 4, 'eval_on_start': True, 'eval_steps': 2000, 'eval_strategy': 'steps', 'gradient_checkpointing': False, 'hub_strategy': 'end', 'logging_steps': 1, 'lr_scheduler_type': 'cosine', 'max_grad_norm': 1, 'max_length': 2048, 'max_steps': -1, 'num_train_epochs': 1, 'optim': 'adamw_torch_fused', 'overtrain_multiplier': 2, 'per_device_eval_batch_size': 42, 'per_device_train_batch_size': 42, 'remove_unused_columns': True, 'report_to': 'wandb', 'save_strategy': 'no', 'save_total_limit': 1, 'torch_compile': True, 'warmup_steps': 250, 'weight_decay': 0}",4.56.1,1.0,False,True,False,False,False,False,False,False,151670.0,0.0,250.0,0.0,finished,g31f7bsb,ud7ecpq8
105565.0,17108.0,1758358476.816776,105565.0,0.03760896995663643,6.9748,716.864,9.032,2.991931200027466,449.0535,288.743,3.61,1.0,0.03760896995663643,6.9748,716.864,9.032,2.991931200027466,449.0535,288.743,3.61,9953306311.0,15327794869489893000,1.0,17069.0,0.09716796875,1.0819655282983815e-11,2.7697,9953306311.0,96682.53,3.0706862398188144,102948.345,132.638,0.166,"{'dispatch_batches': None, 'even_batches': True, 'gradient_accumulation_kwargs': None, 'non_blocking': False, 'split_batches': False, 'use_seedable_sampler': True}",False,0.9,0.999,1e-08,False,,False,0.0,False,True,,False,,True,False,,0.0,,"{'benchmark': 'EleutherAI/minerva_math', 'benchmark_shuffle_seed': 0, 'benchmark_subset_fraction': 1, 'corpus': 'fineweb-edu-dedup', 'num_benchmark_replicas_per_epoch': 316, 'shuffle_seed': 0}",0.0,True,4.0,False,True,4.0,nccl,,,False,1800.0,[],,,False,0.0,True,False,False,False,bfloat16,False,0.0,151643.0,,0.0,True,True,1000.0,steps,False,,,,,False,auto,False,O1,[],"{'min_num_params': 0, 'xla': False, 'xla_fsdp_grad_ckpt': False, 'xla_fsdp_v2': False}",0.0,,False,10.0,False,,,False,auto,128.0,silu,576.0,False,RylanSchaeffer/mem_Qwen3-344M_minerva_math_rep_316_sbst_1.0000_epch_1_ot_2.000,True,,end,<HUB_TOKEN>,"{'0': 'LABEL_0', '1': 'LABEL_1'}",False,[],False,True,False,0.02,1536.0,False,False,False,"{'LABEL_0': 0, 'LABEL_1': 1}",,0.0,"['full_attention', 'full_attention', 'full_attention', 'full_attention', 'full_attention', 'full_attention', 'full_attention', 'full_attention', 'full_attention', 'full_attention', 'full_attention', 'full_attention', 'full_attention', 'full_attention']",0.0012404350043432343,length,1.0,,False,0.0,passive,warning,True,models/pt_language_model/mem_Qwen3-344M_minerva_math_rep_316_sbst_1.0000_epch_1_ot_2.000/runs/Sep18_20-35-59_skampere2.stanford.edu,False,True,1.0,steps,cosine,1.0,20.0,32768.0,-1.0,28.0,,0.0,344023616.0,"{'attn_implementation': 'flash_attention_2', 'model_name': 'Qwen3/Qwen3-344M', 'torch_dtype': 'bfloat16'}",qwen3,,,False,0.0,32.0,1.0,1.0,14.0,32.0,1.0,1.0,adamw_torch_fused,,,False,models/pt_language_model/mem_Qwen3-344M_minerva_math_rep_316_sbst_1.0000_epch_1_ot_2.000,False,False,False,151669.0,,-1.0,40.0,40.0,,,False,,,False,,,<PUSH_TO_HUB_TOKEN>,last,False,True,1.0,['wandb'],False,,True,False,1e-06,,10000.0,leafy-sweep-7,False,False,True,500.0,no,1.0,0,,True,,,,1.0,,False,False,False,,50.0,1.0,True,inductor,,,,False,False,,"{'base_learning_rate': 1e-06, 'data_seed': 0, 'dataloader_drop_last': True, 'dataloader_num_workers': 4, 'dataloader_prefetch_factor': 4, 'eval_on_start': True, 'eval_steps': 1000, 'eval_strategy': 'steps', 'gradient_checkpointing': False, 'hub_strategy': 'end', 'logging_steps': 1, 'lr_scheduler_type': 'cosine', 'max_grad_norm': 1, 'max_length': 2048, 'max_steps': -1, 'num_train_epochs': 1, 'optim': 'adamw_torch_fused', 'overtrain_multiplier': 2, 'per_device_eval_batch_size': 40, 'per_device_train_batch_size': 40, 'remove_unused_columns': True, 'report_to': 'wandb', 'save_strategy': 'no', 'save_total_limit': 1, 'torch_compile': True, 'warmup_steps': 250, 'weight_decay': 0}",4.56.1,1.0,False,True,False,False,False,False,False,False,151670.0,0.0,250.0,0.0,finished,09c432gh,uljo9348
53.0,,,53.0,,,,,,,,,,,,,,,,,,,,,,,,,,,,,,,,,,,,,,,,,,,,,,,,,,"{'benchmark': 'EleutherAI/minerva_math', 'benchmark_shuffle_seed': 0, 'benchmark_subset_fraction': 1, 'corpus': 'fineweb-edu-dedup', 'num_benchmark_replicas_per_epoch': 1000, 'shuffle_seed': 0}",,,,,,,,,,,,,,,,,,,,,,,,,,,,,,,,,,,,,,,,,,,,,,,,,,,,,,,,,,,,,,,,,,,,,,,,,,,,,,,,,,,,,,,,,,,,,,,,,,"{'attn_implementation': 'flash_attention_2', 'model_name': 'Qwen3/Qwen3-34M', 'torch_dtype': 'bfloat16'}",,,,,,,,,,,,,,,,,models/pt_language_model/mem_Qwen3-34M_minerva_math_rep_1000_sbst_1.0000_epch_1_ot_1,,,,,,,,,,,,,,,,,,,,,,,,,,,,,,sleek-sweep-1,,,,,,,0,,,,,,,,,,,,,,,,,,,,,,"{'base_learning_rate': 1e-06, 'data_seed': 0, 'dataloader_drop_last': True, 'dataloader_num_workers': 8, 'dataloader_prefetch_factor': 4, 'eval_on_start': True, 'eval_steps': 2000, 'eval_strategy': 'steps', 'gradient_checkpointing': False, 'hub_strategy': 'end', 'logging_steps': 1, 'lr_scheduler_type': 'cosine', 'max_grad_norm': 1, 'max_length': 2048, 'max_steps': -1, 'num_train_epochs': 1, 'optim': 'adamw_torch_fused', 'overtrain_multiplier': 1, 'per_device_eval_batch_size': 42, 'per_device_train_batch_size': 42, 'remove_unused_columns': True, 'report_to': 'wandb', 'save_strategy': 'no', 'save_total_limit': 1, 'torch_compile': True, 'warmup_steps': 250, 'weight_decay': 0}",,,,,,,,,,,,,,,failed,rkx5xfde,0h9blqmr
10847.0,5728.0,1758094858.5381742,10847.0,0.6245344877243042,10.0773,496.162,11.908,5.263851165771484,643.1874,201.591,4.801,1.0,0.6245344877243042,10.0773,496.162,11.908,5.263851165771484,643.1874,201.591,4.801,1103244963.0,129089828134322180,1.0,5719.0,0.3359375,7.540975480040249e-11,3.395,1103244963.0,112151.787,3.8107255980526156,9837.071,244.157,0.581,"{'dispatch_batches': None, 'even_batches': True, 'gradient_accumulation_kwargs': None, 'non_blocking': False, 'split_batches': False, 'use_seedable_sampler': True}",False,0.9,0.999,1e-08,False,,False,0.0,False,False,,False,,True,False,,0.0,,"{'benchmark': 'EleutherAI/minerva_math', 'benchmark_shuffle_seed': 0, 'benchmark_subset_fraction': 1, 'corpus': 'fineweb-edu-dedup', 'num_benchmark_replicas_per_epoch': 316, 'shuffle_seed': 0}",0.0,True,8.0,False,True,4.0,,,,,1800.0,[],,,False,0.0,True,False,False,False,bfloat16,False,0.0,151643.0,,0.0,True,True,2000.0,steps,False,,,,,False,auto,False,O1,[],"{'min_num_params': 0, 'xla': False, 'xla_fsdp_grad_ckpt': False, 'xla_fsdp_v2': False}",0.0,,False,10.0,False,,,False,auto,128.0,silu,96.0,False,RylanSchaeffer/mem_Qwen3-34M_minerva_math_rep_316_sbst_1.0000_epch_1_ot_2,True,,end,<HUB_TOKEN>,"{'0': 'LABEL_0', '1': 'LABEL_1'}",False,[],False,True,False,0.02,256.0,False,False,False,"{'LABEL_0': 0, 'LABEL_1': 1}",,0.0,"['full_attention', 'full_attention', 'full_attention']",0.000914120889160728,length,1.0,,False,0.0,passive,warning,True,models/pt_language_model/mem_Qwen3-34M_minerva_math_rep_316_sbst_1.0000_epch_1_ot_2/runs/Sep16_21-40-27_skampere1,False,True,1.0,steps,cosine,1.0,20.0,32768.0,-1.0,28.0,,0.0,34061856.0,"{'attn_implementation': 'flash_attention_2', 'model_name': 'Qwen3/Qwen3-34M', 'torch_dtype': 'bfloat16'}",qwen3,,,False,0.0,32.0,1.0,1.0,3.0,32.0,1.0,1.0,adamw_torch_fused,,,False,models/pt_language_model/mem_Qwen3-34M_minerva_math_rep_316_sbst_1.0000_epch_1_ot_2,False,False,False,151669.0,,-1.0,42.0,42.0,,,False,,,False,,,<PUSH_TO_HUB_TOKEN>,last,False,True,1.0,['wandb'],False,,True,False,1e-06,,10000.0,fallen-sweep-7,False,False,True,500.0,no,1.0,0,,True,,,,1.0,,False,False,False,,50.0,1.0,True,inductor,,,,False,False,,"{'base_learning_rate': 1e-06, 'data_seed': 0, 'dataloader_drop_last': True, 'dataloader_num_workers': 8, 'dataloader_prefetch_factor': 4, 'eval_on_start': True, 'eval_steps': 2000, 'eval_strategy': 'steps', 'gradient_checkpointing': False, 'hub_strategy': 'end', 'logging_steps': 1, 'lr_scheduler_type': 'cosine', 'max_grad_norm': 1, 'max_length': 2048, 'max_steps': -1, 'num_train_epochs': 1, 'optim': 'adamw_torch_fused', 'overtrain_multiplier': 2, 'per_device_eval_batch_size': 42, 'per_device_train_batch_size': 42, 'remove_unused_columns': True, 'report_to': 'wandb', 'save_strategy': 'no', 'save_total_limit': 1, 'torch_compile': True, 'warmup_steps': 250, 'weight_decay': 0}",4.56.1,1.0,False,True,False,False,False,False,False,False,151670.0,0.0,250.0,0.0,finished,g31f7bsb,2xy8z8qv
47643.0,8075.0,1758359224.7855194,47643.0,0.8202646970748901,11.7488,425.577,11.831,3.9605305194854736,796.9095,162.705,4.52,1.0,0.8202646970748901,11.7488,425.577,11.831,3.9605305194854736,796.9095,162.705,4.52,3632733313.0,841477044851179500,1.0,8062.0,0.169921875,4.3913004633783584e-11,3.7727,3632733313.0,79292.151,4.159935731889,45814.5396,107.694,0.176,"{'dispatch_batches': None, 'even_batches': True, 'gradient_accumulation_kwargs': None, 'non_blocking': False, 'split_batches': False, 'use_seedable_sampler': True}",False,0.9,0.999,1e-08,False,,False,0.0,False,False,,False,,True,False,,0.0,,"{'benchmark': 'EleutherAI/minerva_math', 'benchmark_shuffle_seed': 0, 'benchmark_subset_fraction': 1, 'corpus': 'fineweb-edu-dedup', 'num_benchmark_replicas_per_epoch': 100, 'shuffle_seed': 0}",0.0,True,4.0,False,True,4.0,,,,,1800.0,[],,,False,0.0,True,False,False,False,bfloat16,False,0.0,151643.0,,0.0,True,True,2000.0,steps,False,,,,,False,auto,False,O1,[],"{'min_num_params': 0, 'xla': False, 'xla_fsdp_grad_ckpt': False, 'xla_fsdp_v2': False}",0.0,,False,17.0,False,,,False,auto,128.0,silu,160.0,False,RylanSchaeffer/mem_Qwen3-62M_minerva_math_rep_100_sbst_1.0000_epch_1_ot_4,True,,end,<HUB_TOKEN>,"{'0': 'LABEL_0', '1': 'LABEL_1'}",False,[],False,True,False,0.02,512.0,False,False,False,"{'LABEL_0': 0, 'LABEL_1': 1}",,0.0,"['full_attention', 'full_attention', 'full_attention', 'full_attention', 'full_attention']",0.0010861201590984305,length,1.0,,False,0.0,passive,warning,True,models/pt_language_model/mem_Qwen3-62M_minerva_math_rep_100_sbst_1.0000_epch_1_ot_4/runs/Sep19_12-53-20_skampere1,False,True,1.0,steps,cosine,1.0,20.0,32768.0,-1.0,28.0,,0.0,62873440.0,"{'attn_implementation': 'flash_attention_2', 'model_name': 'Qwen3/Qwen3-62M', 'torch_dtype': 'bfloat16'}",qwen3,,,False,0.0,32.0,1.0,1.0,5.0,32.0,1.0,1.0,adamw_torch_fused,,,False,models/pt_language_model/mem_Qwen3-62M_minerva_math_rep_100_sbst_1.0000_epch_1_ot_4,False,False,False,151669.0,,-1.0,36.0,36.0,,,False,,,False,,,<PUSH_TO_HUB_TOKEN>,last,False,True,1.0,['wandb'],False,,True,False,1e-06,,10000.0,rich-sweep-18,False,False,True,500.0,no,1.0,0,,True,,,,1.0,,False,False,False,,50.0,1.0,True,inductor,,,,False,False,,"{'base_learning_rate': 1e-06, 'data_seed': 0, 'dataloader_drop_last': True, 'dataloader_num_workers': 4, 'dataloader_prefetch_factor': 4, 'eval_on_start': True, 'eval_steps': 2000, 'eval_strategy': 'steps', 'gradient_checkpointing': False, 'hub_strategy': 'end', 'logging_steps': 1, 'lr_scheduler_type': 'cosine', 'max_grad_norm': 1, 'max_length': 2048, 'max_steps': -1, 'num_train_epochs': 1, 'optim': 'adamw_torch_fused', 'overtrain_multiplier': 4, 'per_device_eval_batch_size': 36, 'per_device_train_batch_size': 36, 'remove_unused_columns': True, 'report_to': 'wandb', 'save_strategy': 'no', 'save_total_limit': 1, 'torch_compile': True, 'warmup_steps': 250, 'weight_decay': 0}",4.56.1,1.0,False,True,False,False,False,False,False,False,151670.0,0.0,250.0,0.0,finished,u7dxxphm,1qfthnn8
21988.0,3564.0,1758395236.2344842,21988.0,2.554614543914795,13.7545,363.518,10.76,3.9428048133850098,885.1908,146.478,4.309,1.0,2.554614543914795,13.7545,363.518,10.76,3.9428048133850098,885.1908,146.478,4.309,1329082602.0,471254412996640800,1.0,3557.0,0.16015625,2.1491271161448467e-10,3.9149,1329082602.0,64119.961,4.491686965630301,20728.0644,81.682,0.172,"{'dispatch_batches': None, 'even_batches': True, 'gradient_accumulation_kwargs': None, 'non_blocking': False, 'split_batches': False, 'use_seedable_sampler': True}",False,0.9,0.999,1e-08,False,,False,0.0,False,False,,False,,True,False,,0.0,,"{'benchmark': 'EleutherAI/minerva_math', 'benchmark_shuffle_seed': 0, 'benchmark_subset_fraction': 1, 'corpus': 'fineweb-edu-dedup', 'num_benchmark_replicas_per_epoch': 1, 'shuffle_seed': 0}",0.0,True,8.0,False,True,4.0,,,,,1800.0,[],,,False,0.0,True,False,False,False,bfloat16,False,0.0,151643.0,,0.0,True,True,2000.0,steps,False,,,,,False,auto,False,O1,[],"{'min_num_params': 0, 'xla': False, 'xla_fsdp_grad_ckpt': False, 'xla_fsdp_v2': False}",0.0,,False,14.0,False,,,False,auto,128.0,silu,224.0,False,RylanSchaeffer/mem_Qwen3-93M_minerva_math_rep_1_sbst_1.0000_epch_1_ot_1,True,,end,<HUB_TOKEN>,"{'0': 'LABEL_0', '1': 'LABEL_1'}",False,[],False,True,False,0.02,768.0,False,False,False,"{'LABEL_0': 0, 'LABEL_1': 1}",,0.0,"['full_attention', 'full_attention', 'full_attention', 'full_attention', 'full_attention', 'full_attention']",0.0009525565600005072,length,1.0,,False,0.0,passive,warning,True,models/pt_language_model/mem_Qwen3-93M_minerva_math_rep_1_sbst_1.0000_epch_1_ot_1/runs/Sep20_06-01-11_skampere1,False,True,1.0,steps,cosine,1.0,20.0,32768.0,-1.0,28.0,,0.0,93069280.0,"{'attn_implementation': 'flash_attention_2', 'model_name': 'Qwen3/Qwen3-93M', 'torch_dtype': 'bfloat16'}",qwen3,,,False,0.0,32.0,1.0,1.0,6.0,32.0,1.0,1.0,adamw_torch_fused,,,False,models/pt_language_model/mem_Qwen3-93M_minerva_math_rep_1_sbst_1.0000_epch_1_ot_1,False,False,False,151669.0,,-1.0,34.0,34.0,,,False,,,False,,,<PUSH_TO_HUB_TOKEN>,last,False,True,1.0,['wandb'],False,,True,False,1e-06,,10000.0,noble-sweep-2,False,False,True,500.0,no,1.0,0,,True,,,,1.0,,False,False,False,,50.0,1.0,True,inductor,,,,False,False,,"{'base_learning_rate': 1e-06, 'data_seed': 0, 'dataloader_drop_last': True, 'dataloader_num_workers': 8, 'dataloader_prefetch_factor': 4, 'eval_on_start': True, 'eval_steps': 2000, 'eval_strategy': 'steps', 'gradient_checkpointing': False, 'hub_strategy': 'end', 'logging_steps': 1, 'lr_scheduler_type': 'cosine', 'max_grad_norm': 1, 'max_length': 2048, 'max_steps': -1, 'num_train_epochs': 1, 'optim': 'adamw_torch_fused', 'overtrain_multiplier': 1, 'per_device_eval_batch_size': 34, 'per_device_train_batch_size': 34, 'remove_unused_columns': True, 'report_to': 'wandb', 'save_strategy': 'no', 'save_total_limit': 1, 'torch_compile': True, 'warmup_steps': 250, 'weight_decay': 0}",4.56.1,1.0,False,True,False,False,False,False,False,False,151670.0,0.0,250.0,0.0,finished,x8gmmzlo,o3ubxn76
181246.0,22511.0,1758355040.7423794,181246.0,0.4191197156906128,12.0978,413.298,11.49,3.747530221939087,799.5095,162.176,4.505,1.0,0.4191197156906128,12.0978,413.298,11.49,3.747530221939087,799.5095,162.176,4.505,14495097375.0,3357607247155822600,1.0,22484.0,0.1513671875,6.509601563228908e-12,3.6323,14495097375.0,81510.918,3.800376039926871,177830.1348,109.239,0.126,"{'dispatch_batches': None, 'even_batches': True, 'gradient_accumulation_kwargs': None, 'non_blocking': False, 'split_batches': False, 'use_seedable_sampler': True}",False,0.9,0.999,1e-08,False,,False,0.0,False,False,,False,,True,False,,0.0,,"{'benchmark': 'EleutherAI/minerva_math', 'benchmark_shuffle_seed': 0, 'benchmark_subset_fraction': 1, 'corpus': 'fineweb-edu-dedup', 'num_benchmark_replicas_per_epoch': 316, 'shuffle_seed': 0}",0.0,True,4.0,False,True,4.0,,,,,1800.0,[],,,False,0.0,True,False,False,False,bfloat16,False,0.0,151643.0,,0.0,True,True,2000.0,steps,False,,,,,False,auto,False,O1,[],"{'min_num_params': 0, 'xla': False, 'xla_fsdp_grad_ckpt': False, 'xla_fsdp_v2': False}",0.0,,False,24.0,False,,,False,auto,128.0,silu,160.0,False,RylanSchaeffer/mem_Qwen3-62M_minerva_math_rep_316_sbst_1.0000_epch_1_ot_16,True,,end,<HUB_TOKEN>,"{'0': 'LABEL_0', '1': 'LABEL_1'}",False,[],False,True,False,0.02,512.0,False,False,False,"{'LABEL_0': 0, 'LABEL_1': 1}",,0.0,"['full_attention', 'full_attention', 'full_attention', 'full_attention', 'full_attention']",0.0013042170064832,length,1.0,,False,0.0,passive,warning,True,models/pt_language_model/mem_Qwen3-62M_minerva_math_rep_316_sbst_1.0000_epch_1_ot_16/runs/Sep17_22-36-53_skampere1,False,True,1.0,steps,cosine,1.0,20.0,32768.0,-1.0,28.0,,0.0,62873440.0,"{'attn_implementation': 'flash_attention_2', 'model_name': 'Qwen3/Qwen3-62M', 'torch_dtype': 'bfloat16'}",qwen3,,,False,0.0,32.0,1.0,1.0,5.0,32.0,1.0,1.0,adamw_torch_fused,,,False,models/pt_language_model/mem_Qwen3-62M_minerva_math_rep_316_sbst_1.0000_epch_1_ot_16,False,False,False,151669.0,,-1.0,36.0,36.0,,,False,,,False,,,<PUSH_TO_HUB_TOKEN>,last,False,True,1.0,['wandb'],False,,True,False,1e-06,,10000.0,logical-sweep-10,False,False,True,500.0,no,1.0,0,,True,,,,1.0,,False,False,False,,50.0,1.0,True,inductor,,,,False,False,,"{'base_learning_rate': 1e-06, 'data_seed': 0, 'dataloader_drop_last': True, 'dataloader_num_workers': 4, 'dataloader_prefetch_factor': 4, 'eval_on_start': True, 'eval_steps': 2000, 'eval_strategy': 'steps', 'gradient_checkpointing': False, 'hub_strategy': 'end', 'logging_steps': 1, 'lr_scheduler_type': 'cosine', 'max_grad_norm': 1, 'max_length': 2048, 'max_steps': -1, 'num_train_epochs': 1, 'optim': 'adamw_torch_fused', 'overtrain_multiplier': 16, 'per_device_eval_batch_size': 36, 'per_device_train_batch_size': 36, 'remove_unused_columns': True, 'report_to': 'wandb', 'save_strategy': 'no', 'save_total_limit': 1, 'torch_compile': True, 'warmup_steps': 250, 'weight_decay': 0}",4.56.1,1.0,False,True,False,False,False,False,False,False,151670.0,0.0,250.0,0.0,finished,u7dxxphm,67s7xpem
31994.0,7921.0,1758282326.2864268,31994.0,2.7562801837921143,10.1164,494.249,11.862,4.453913688659668,643.4485,201.51,4.799,1.0,2.7562801837921143,10.1164,494.249,11.862,4.453913688659668,643.4485,201.51,4.799,3894779496.0,455725095264976900,1.0,7910.0,0.2197265625,4.615915936685847e-11,4.4376,3894779496.0,127839.679,4.757623292100716,30466.1252,163.569,0.26,"{'dispatch_batches': None, 'even_batches': True, 'gradient_accumulation_kwargs': None, 'non_blocking': False, 'split_batches': False, 'use_seedable_sampler': True}",False,0.9,0.999,1e-08,False,,False,0.0,False,False,,False,,True,False,,0.0,,"{'benchmark': 'EleutherAI/minerva_math', 'benchmark_shuffle_seed': 0, 'benchmark_subset_fraction': 1, 'corpus': 'fineweb-edu-dedup', 'num_benchmark_replicas_per_epoch': 10, 'shuffle_seed': 0}",0.0,True,8.0,False,True,4.0,,,,,1800.0,[],,,False,0.0,True,False,False,False,bfloat16,False,0.0,151643.0,,0.0,True,True,2000.0,steps,False,,,,,False,auto,False,O1,[],"{'min_num_params': 0, 'xla': False, 'xla_fsdp_grad_ckpt': False, 'xla_fsdp_v2': False}",0.0,,False,15.0,False,,,False,auto,128.0,silu,96.0,False,RylanSchaeffer/mem_Qwen3-34M_minerva_math_rep_10_sbst_1.0000_epch_1_ot_8,True,,end,<HUB_TOKEN>,"{'0': 'LABEL_0', '1': 'LABEL_1'}",False,[],False,True,False,0.02,256.0,False,False,False,"{'LABEL_0': 0, 'LABEL_1': 1}",,0.0,"['full_attention', 'full_attention', 'full_attention']",0.0010976798258144312,length,1.0,,False,0.0,passive,warning,True,models/pt_language_model/mem_Qwen3-34M_minerva_math_rep_10_sbst_1.0000_epch_1_ot_8/runs/Sep18_19-52-27_skampere1,False,True,1.0,steps,cosine,1.0,20.0,32768.0,-1.0,28.0,,0.0,34061856.0,"{'attn_implementation': 'flash_attention_2', 'model_name': 'Qwen3/Qwen3-34M', 'torch_dtype': 'bfloat16'}",qwen3,,,False,0.0,32.0,1.0,1.0,3.0,32.0,1.0,1.0,adamw_torch_fused,,,False,models/pt_language_model/mem_Qwen3-34M_minerva_math_rep_10_sbst_1.0000_epch_1_ot_8,False,False,False,151669.0,,-1.0,42.0,42.0,,,False,,,False,,,<PUSH_TO_HUB_TOKEN>,last,False,True,1.0,['wandb'],False,,True,False,1e-06,,10000.0,pleasant-sweep-29,False,False,True,500.0,no,1.0,0,,True,,,,1.0,,False,False,False,,50.0,1.0,True,inductor,,,,False,False,,"{'base_learning_rate': 1e-06, 'data_seed': 0, 'dataloader_drop_last': True, 'dataloader_num_workers': 8, 'dataloader_prefetch_factor': 4, 'eval_on_start': True, 'eval_steps': 2000, 'eval_strategy': 'steps', 'gradient_checkpointing': False, 'hub_strategy': 'end', 'logging_steps': 1, 'lr_scheduler_type': 'cosine', 'max_grad_norm': 1, 'max_length': 2048, 'max_steps': -1, 'num_train_epochs': 1, 'optim': 'adamw_torch_fused', 'overtrain_multiplier': 8, 'per_device_eval_batch_size': 42, 'per_device_train_batch_size': 42, 'remove_unused_columns': True, 'report_to': 'wandb', 'save_strategy': 'no', 'save_total_limit': 1, 'torch_compile': True, 'warmup_steps': 250, 'weight_decay': 0}",4.56.1,1.0,False,True,False,False,False,False,False,False,151670.0,0.0,250.0,0.0,finished,g31f7bsb,qoh95t20
133788.769172292,17711.0,1758418748.124052,133788.0,0.04865897446870804,7.1089,703.345,8.862,2.980086326599121,449.8816,288.211,3.603,,,,,,,,,,,,0.6490436251365485,17676.0,0.08203125,0.0003791975962576241,2.8409,12837737616.0,98785.621,,129955.529,,,"{'dispatch_batches': None, 'even_batches': True, 'gradient_accumulation_kwargs': None, 'non_blocking': False, 'split_batches': False, 'use_seedable_sampler': True}",False,0.9,0.999,1e-08,False,,False,0.0,False,True,,False,,True,False,,0.0,,"{'benchmark': 'EleutherAI/minerva_math', 'benchmark_shuffle_seed': 0, 'benchmark_subset_fraction': 1, 'corpus': 'fineweb-edu-dedup', 'num_benchmark_replicas_per_epoch': 316, 'shuffle_seed': 0}",0.0,True,4.0,False,True,4.0,nccl,,,False,1800.0,[],,,False,0.0,True,False,False,False,bfloat16,False,0.0,151643.0,,0.0,True,True,1000.0,steps,False,,,,,False,auto,False,O1,[],"{'min_num_params': 0, 'xla': False, 'xla_fsdp_grad_ckpt': False, 'xla_fsdp_v2': False}",0.0,,False,12.0,False,,,False,auto,128.0,silu,576.0,False,RylanSchaeffer/mem_Qwen3-344M_minerva_math_rep_316_sbst_1.0000_epch_1_ot_4.000,True,,end,<HUB_TOKEN>,"{'0': 'LABEL_0', '1': 'LABEL_1'}",False,[],False,True,False,0.02,1536.0,False,False,False,"{'LABEL_0': 0, 'LABEL_1': 1}",,0.0,"['full_attention', 'full_attention', 'full_attention', 'full_attention', 'full_attention', 'full_attention', 'full_attention', 'full_attention', 'full_attention', 'full_attention', 'full_attention', 'full_attention', 'full_attention', 'full_attention']",0.001359283267019792,length,1.0,,False,0.0,passive,warning,True,models/pt_language_model/mem_Qwen3-344M_minerva_math_rep_316_sbst_1.0000_epch_1_ot_4.000/runs/Sep19_05-29-33_skampere2.stanford.edu,False,True,1.0,steps,cosine,1.0,20.0,32768.0,-1.0,28.0,,0.0,344023616.0,"{'attn_implementation': 'flash_attention_2', 'model_name': 'Qwen3/Qwen3-344M', 'torch_dtype': 'bfloat16'}",qwen3,,,False,0.0,32.0,1.0,1.0,14.0,32.0,1.0,1.0,adamw_torch_fused,,,False,models/pt_language_model/mem_Qwen3-344M_minerva_math_rep_316_sbst_1.0000_epch_1_ot_4.000,False,False,False,151669.0,,-1.0,40.0,40.0,,,False,,,False,,,<PUSH_TO_HUB_TOKEN>,last,False,True,1.0,['wandb'],False,,True,False,1e-06,,10000.0,floral-sweep-8,False,False,True,500.0,no,1.0,0,,True,,,,1.0,,False,False,False,,50.0,1.0,True,inductor,,,,False,False,,"{'base_learning_rate': 1e-06, 'data_seed': 0, 'dataloader_drop_last': True, 'dataloader_num_workers': 4, 'dataloader_prefetch_factor': 4, 'eval_on_start': True, 'eval_steps': 1000, 'eval_strategy': 'steps', 'gradient_checkpointing': False, 'hub_strategy': 'end', 'logging_steps': 1, 'lr_scheduler_type': 'cosine', 'max_grad_norm': 1, 'max_length': 2048, 'max_steps': -1, 'num_train_epochs': 1, 'optim': 'adamw_torch_fused', 'overtrain_multiplier': 4, 'per_device_eval_batch_size': 40, 'per_device_train_batch_size': 40, 'remove_unused_columns': True, 'report_to': 'wandb', 'save_strategy': 'no', 'save_total_limit': 1, 'torch_compile': True, 'warmup_steps': 250, 'weight_decay': 0}",4.56.1,1.0,False,True,False,False,False,False,False,False,151670.0,0.0,250.0,0.0,running,09c432gh,errnpo4a
23842.0,4333.0,1758400711.538587,23842.0,0.18554724752902985,13.7094,364.715,10.796,3.9814746379852295,891.8294,145.388,4.277,1.0,0.18554724752902985,13.7094,364.715,10.796,3.9814746379852295,891.8294,145.388,4.277,1369810115.0,485695216414621700,1.0,4324.0,0.158203125,1.4160821726253522e-10,3.5829,1369810115.0,60958.8,4.093254408276159,22471.0819,91.591,0.192,"{'dispatch_batches': None, 'even_batches': True, 'gradient_accumulation_kwargs': None, 'non_blocking': False, 'split_batches': False, 'use_seedable_sampler': True}",False,0.9,0.999,1e-08,False,,False,0.0,False,False,,False,,True,False,,0.0,,"{'benchmark': 'EleutherAI/minerva_math', 'benchmark_shuffle_seed': 0, 'benchmark_subset_fraction': 1, 'corpus': 'fineweb-edu-dedup', 'num_benchmark_replicas_per_epoch': 100, 'shuffle_seed': 0}",0.0,True,8.0,False,True,4.0,,,,,1800.0,[],,,False,0.0,True,False,False,False,bfloat16,False,0.0,151643.0,,0.0,True,True,2000.0,steps,False,,,,,False,auto,False,O1,[],"{'min_num_params': 0, 'xla': False, 'xla_fsdp_grad_ckpt': False, 'xla_fsdp_v2': False}",0.0,,False,14.0,False,,,False,auto,128.0,silu,224.0,False,RylanSchaeffer/mem_Qwen3-93M_minerva_math_rep_100_sbst_1.0000_epch_1_ot_1,True,,end,<HUB_TOKEN>,"{'0': 'LABEL_0', '1': 'LABEL_1'}",False,[],False,True,False,0.02,768.0,False,False,False,"{'LABEL_0': 0, 'LABEL_1': 1}",,0.0,"['full_attention', 'full_attention', 'full_attention', 'full_attention', 'full_attention', 'full_attention']",0.0009525565600005072,length,1.0,,False,0.0,passive,warning,True,models/pt_language_model/mem_Qwen3-93M_minerva_math_rep_100_sbst_1.0000_epch_1_ot_1/runs/Sep20_07-01-31_skampere1,False,True,1.0,steps,cosine,1.0,20.0,32768.0,-1.0,28.0,,0.0,93069280.0,"{'attn_implementation': 'flash_attention_2', 'model_name': 'Qwen3/Qwen3-93M', 'torch_dtype': 'bfloat16'}",qwen3,,,False,0.0,32.0,1.0,1.0,6.0,32.0,1.0,1.0,adamw_torch_fused,,,False,models/pt_language_model/mem_Qwen3-93M_minerva_math_rep_100_sbst_1.0000_epch_1_ot_1,False,False,False,151669.0,,-1.0,34.0,34.0,,,False,,,False,,,<PUSH_TO_HUB_TOKEN>,last,False,True,1.0,['wandb'],False,,True,False,1e-06,,10000.0,firm-sweep-3,False,False,True,500.0,no,1.0,0,,True,,,,1.0,,False,False,False,,50.0,1.0,True,inductor,,,,False,False,,"{'base_learning_rate': 1e-06, 'data_seed': 0, 'dataloader_drop_last': True, 'dataloader_num_workers': 8, 'dataloader_prefetch_factor': 4, 'eval_on_start': True, 'eval_steps': 2000, 'eval_strategy': 'steps', 'gradient_checkpointing': False, 'hub_strategy': 'end', 'logging_steps': 1, 'lr_scheduler_type': 'cosine', 'max_grad_norm': 1, 'max_length': 2048, 'max_steps': -1, 'num_train_epochs': 1, 'optim': 'adamw_torch_fused', 'overtrain_multiplier': 1, 'per_device_eval_batch_size': 34, 'per_device_train_batch_size': 34, 'remove_unused_columns': True, 'report_to': 'wandb', 'save_strategy': 'no', 'save_total_limit': 1, 'torch_compile': True, 'warmup_steps': 250, 'weight_decay': 0}",4.56.1,1.0,False,True,False,False,False,False,False,False,151670.0,0.0,250.0,0.0,finished,x8gmmzlo,7j8w6863
87607.899241277,12985.0,1758418761.349546,87576.0,1.2144156694412231,12.2133,409.389,11.381,3.81038236618042,794.5128,163.196,4.534,,,,,,,,,,,,0.9832300608265591,12972.0,0.154296875,8.714057341656576e-07,3.7552,7100386498.0,81908.002,,86656.1675,,,"{'dispatch_batches': None, 'even_batches': True, 'gradient_accumulation_kwargs': None, 'non_blocking': False, 'split_batches': False, 'use_seedable_sampler': True}",False,0.9,0.999,1e-08,False,,False,0.0,False,False,,False,,True,False,,0.0,,"{'benchmark': 'EleutherAI/minerva_math', 'benchmark_shuffle_seed': 0, 'benchmark_subset_fraction': 1, 'corpus': 'fineweb-edu-dedup', 'num_benchmark_replicas_per_epoch': 100, 'shuffle_seed': 0}",0.0,True,4.0,False,True,4.0,,,,,1800.0,[],,,False,0.0,True,False,False,False,bfloat16,False,0.0,151643.0,,0.0,True,True,2000.0,steps,False,,,,,False,auto,False,O1,[],"{'min_num_params': 0, 'xla': False, 'xla_fsdp_grad_ckpt': False, 'xla_fsdp_v2': False}",0.0,,False,20.0,False,,,False,auto,128.0,silu,160.0,False,RylanSchaeffer/mem_Qwen3-62M_minerva_math_rep_100_sbst_1.0000_epch_1_ot_8,True,,end,<HUB_TOKEN>,"{'0': 'LABEL_0', '1': 'LABEL_1'}",False,[],False,True,False,0.02,512.0,False,False,False,"{'LABEL_0': 0, 'LABEL_1': 1}",,0.0,"['full_attention', 'full_attention', 'full_attention', 'full_attention', 'full_attention']",0.0011901835992820604,length,1.0,,False,0.0,passive,warning,True,models/pt_language_model/mem_Qwen3-62M_minerva_math_rep_100_sbst_1.0000_epch_1_ot_8/runs/Sep19_18-19-16_skampere1,False,True,1.0,steps,cosine,1.0,20.0,32768.0,-1.0,28.0,,0.0,62873440.0,"{'attn_implementation': 'flash_attention_2', 'model_name': 'Qwen3/Qwen3-62M', 'torch_dtype': 'bfloat16'}",qwen3,,,False,0.0,32.0,1.0,1.0,5.0,32.0,1.0,1.0,adamw_torch_fused,,,False,models/pt_language_model/mem_Qwen3-62M_minerva_math_rep_100_sbst_1.0000_epch_1_ot_8,False,False,False,151669.0,,-1.0,36.0,36.0,,,False,,,False,,,<PUSH_TO_HUB_TOKEN>,last,False,True,1.0,['wandb'],False,,True,False,1e-06,,10000.0,ruby-sweep-19,False,False,True,500.0,no,1.0,0,,True,,,,1.0,,False,False,False,,50.0,1.0,True,inductor,,,,False,False,,"{'base_learning_rate': 1e-06, 'data_seed': 0, 'dataloader_drop_last': True, 'dataloader_num_workers': 4, 'dataloader_prefetch_factor': 4, 'eval_on_start': True, 'eval_steps': 2000, 'eval_strategy': 'steps', 'gradient_checkpointing': False, 'hub_strategy': 'end', 'logging_steps': 1, 'lr_scheduler_type': 'cosine', 'max_grad_norm': 1, 'max_length': 2048, 'max_steps': -1, 'num_train_epochs': 1, 'optim': 'adamw_torch_fused', 'overtrain_multiplier': 8, 'per_device_eval_batch_size': 36, 'per_device_train_batch_size': 36, 'remove_unused_columns': True, 'report_to': 'wandb', 'save_strategy': 'no', 'save_total_limit': 1, 'torch_compile': True, 'warmup_steps': 250, 'weight_decay': 0}",4.56.1,1.0,False,True,False,False,False,False,False,False,151670.0,0.0,250.0,0.0,running,u7dxxphm,6nzxbr1w
62060.0,13925.0,1758323647.0969946,62060.0,2.778587579727173,9.6735,516.875,12.405,4.308478355407715,638.6056,203.038,4.836,1.0,2.778587579727173,9.6735,516.875,12.405,4.308478355407715,638.6056,203.038,4.836,7783920561.0,910790442059038700,1.0,13908.0,0.408203125,1.591025494306236e-11,4.2869,7783920561.0,130767.281,4.504924124501579,59524.9873,166.816,0.234,"{'dispatch_batches': None, 'even_batches': True, 'gradient_accumulation_kwargs': None, 'non_blocking': False, 'split_batches': False, 'use_seedable_sampler': True}",False,0.9,0.999,1e-08,False,,False,0.0,False,False,,False,,True,False,,0.0,,"{'benchmark': 'EleutherAI/minerva_math', 'benchmark_shuffle_seed': 0, 'benchmark_subset_fraction': 1, 'corpus': 'fineweb-edu-dedup', 'num_benchmark_replicas_per_epoch': 10, 'shuffle_seed': 0}",0.0,True,8.0,False,True,4.0,,,,,1800.0,[],,,False,0.0,True,False,False,False,bfloat16,False,0.0,151643.0,,0.0,True,True,2000.0,steps,False,,,,,False,auto,False,O1,[],"{'min_num_params': 0, 'xla': False, 'xla_fsdp_grad_ckpt': False, 'xla_fsdp_v2': False}",0.0,,False,17.0,False,,,False,auto,128.0,silu,96.0,False,RylanSchaeffer/mem_Qwen3-34M_minerva_math_rep_10_sbst_1.0000_epch_1_ot_16,True,,end,<HUB_TOKEN>,"{'0': 'LABEL_0', '1': 'LABEL_1'}",False,[],False,True,False,0.02,256.0,False,False,False,"{'LABEL_0': 0, 'LABEL_1': 1}",,0.0,"['full_attention', 'full_attention', 'full_attention']",0.0012028503647586429,length,1.0,,False,0.0,passive,warning,True,models/pt_language_model/mem_Qwen3-34M_minerva_math_rep_10_sbst_1.0000_epch_1_ot_16/runs/Sep18_23-00-02_skampere1,False,True,1.0,steps,cosine,1.0,20.0,32768.0,-1.0,28.0,,0.0,34061856.0,"{'attn_implementation': 'flash_attention_2', 'model_name': 'Qwen3/Qwen3-34M', 'torch_dtype': 'bfloat16'}",qwen3,,,False,0.0,32.0,1.0,1.0,3.0,32.0,1.0,1.0,adamw_torch_fused,,,False,models/pt_language_model/mem_Qwen3-34M_minerva_math_rep_10_sbst_1.0000_epch_1_ot_16,False,False,False,151669.0,,-1.0,42.0,42.0,,,False,,,False,,,<PUSH_TO_HUB_TOKEN>,last,False,True,1.0,['wandb'],False,,True,False,1e-06,,10000.0,peach-sweep-30,False,False,True,500.0,no,1.0,0,,True,,,,1.0,,False,False,False,,50.0,1.0,True,inductor,,,,False,False,,"{'base_learning_rate': 1e-06, 'data_seed': 0, 'dataloader_drop_last': True, 'dataloader_num_workers': 8, 'dataloader_prefetch_factor': 4, 'eval_on_start': True, 'eval_steps': 2000, 'eval_strategy': 'steps', 'gradient_checkpointing': False, 'hub_strategy': 'end', 'logging_steps': 1, 'lr_scheduler_type': 'cosine', 'max_grad_norm': 1, 'max_length': 2048, 'max_steps': -1, 'num_train_epochs': 1, 'optim': 'adamw_torch_fused', 'overtrain_multiplier': 16, 'per_device_eval_batch_size': 42, 'per_device_train_batch_size': 42, 'remove_unused_columns': True, 'report_to': 'wandb', 'save_strategy': 'no', 'save_total_limit': 1, 'torch_compile': True, 'warmup_steps': 250, 'weight_decay': 0}",4.56.1,1.0,False,True,False,False,False,False,False,False,151670.0,0.0,250.0,0.0,finished,g31f7bsb,5dq9gk4n
5104.0,1953.0,1758285530.0955174,5104.0,2.513819694519043,9.8875,505.691,12.137,5.481043815612793,637.277,203.461,4.846,1.0,2.513819694519043,9.8875,505.691,12.137,5.481043815612793,637.277,203.461,4.846,499322819.0,58425371604811780,1.0,1948.0,0.283203125,7.138912514861135e-10,5.1688,499322819.0,119961.25,5.932124355245665,4162.3686,176.894,0.468,"{'dispatch_batches': None, 'even_batches': True, 'gradient_accumulation_kwargs': None, 'non_blocking': False, 'split_batches': False, 'use_seedable_sampler': True}",False,0.9,0.999,1e-08,False,,False,0.0,False,False,,False,,True,False,,0.0,,"{'benchmark': 'EleutherAI/minerva_math', 'benchmark_shuffle_seed': 0, 'benchmark_subset_fraction': 1, 'corpus': 'fineweb-edu-dedup', 'num_benchmark_replicas_per_epoch': 32, 'shuffle_seed': 0}",0.0,True,8.0,False,True,4.0,,,,,1800.0,[],,,False,0.0,True,False,False,False,bfloat16,False,0.0,151643.0,,0.0,True,True,2000.0,steps,False,,,,,False,auto,False,O1,[],"{'min_num_params': 0, 'xla': False, 'xla_fsdp_grad_ckpt': False, 'xla_fsdp_v2': False}",0.0,,False,9.0,False,,,False,auto,128.0,silu,96.0,False,RylanSchaeffer/mem_Qwen3-34M_minerva_math_rep_32_sbst_1.0000_epch_1_ot_1,True,,end,<HUB_TOKEN>,"{'0': 'LABEL_0', '1': 'LABEL_1'}",False,[],False,True,False,0.02,256.0,False,False,False,"{'LABEL_0': 0, 'LABEL_1': 1}",,0.0,"['full_attention', 'full_attention', 'full_attention']",0.0008341954207498384,length,1.0,,False,0.0,passive,warning,True,models/pt_language_model/mem_Qwen3-34M_minerva_math_rep_32_sbst_1.0000_epch_1_ot_1/runs/Sep19_04-14-01_skampere1,False,True,1.0,steps,cosine,1.0,20.0,32768.0,-1.0,28.0,,0.0,34061856.0,"{'attn_implementation': 'flash_attention_2', 'model_name': 'Qwen3/Qwen3-34M', 'torch_dtype': 'bfloat16'}",qwen3,,,False,0.0,32.0,1.0,1.0,3.0,32.0,1.0,1.0,adamw_torch_fused,,,False,models/pt_language_model/mem_Qwen3-34M_minerva_math_rep_32_sbst_1.0000_epch_1_ot_1,False,False,False,151669.0,,-1.0,42.0,42.0,,,False,,,False,,,<PUSH_TO_HUB_TOKEN>,last,False,True,1.0,['wandb'],False,,True,False,1e-06,,10000.0,toasty-sweep-31,False,False,True,500.0,no,1.0,0,,True,,,,1.0,,False,False,False,,50.0,1.0,True,inductor,,,,False,False,,"{'base_learning_rate': 1e-06, 'data_seed': 0, 'dataloader_drop_last': True, 'dataloader_num_workers': 8, 'dataloader_prefetch_factor': 4, 'eval_on_start': True, 'eval_steps': 2000, 'eval_strategy': 'steps', 'gradient_checkpointing': False, 'hub_strategy': 'end', 'logging_steps': 1, 'lr_scheduler_type': 'cosine', 'max_grad_norm': 1, 'max_length': 2048, 'max_steps': -1, 'num_train_epochs': 1, 'optim': 'adamw_torch_fused', 'overtrain_multiplier': 1, 'per_device_eval_batch_size': 42, 'per_device_train_batch_size': 42, 'remove_unused_columns': True, 'report_to': 'wandb', 'save_strategy': 'no', 'save_total_limit': 1, 'torch_compile': True, 'warmup_steps': 250, 'weight_decay': 0}",4.56.1,1.0,False,True,False,False,False,False,False,False,151670.0,0.0,250.0,0.0,finished,g31f7bsb,3m32qtmz
16821.0,4917.0,1758177744.177598,16821.0,5.749030113220215,10.0325,498.38,11.961,4.663064002990723,639.8138,202.654,4.826,1.0,5.749030113220215,10.0325,498.38,11.961,4.663064002990723,639.8138,202.654,4.826,1945139538.0,227599252263534600,1.0,4908.0,0.42578125,1.1391486884811722e-10,4.7415,1945139538.0,123637.48,5.101588081905486,15732.6054,157.203,0.312,"{'dispatch_batches': None, 'even_batches': True, 'gradient_accumulation_kwargs': None, 'non_blocking': False, 'split_batches': False, 'use_seedable_sampler': True}",False,0.9,0.999,1e-08,False,,False,0.0,False,False,,False,,True,False,,0.0,,"{'benchmark': 'EleutherAI/minerva_math', 'benchmark_shuffle_seed': 0, 'benchmark_subset_fraction': 1, 'corpus': 'fineweb-edu-dedup', 'num_benchmark_replicas_per_epoch': 0, 'shuffle_seed': 0}",0.0,True,8.0,False,True,4.0,,,,,1800.0,[],,,False,0.0,True,False,False,False,bfloat16,False,0.0,151643.0,,0.0,True,True,2000.0,steps,False,,,,,False,auto,False,O1,[],"{'min_num_params': 0, 'xla': False, 'xla_fsdp_grad_ckpt': False, 'xla_fsdp_v2': False}",0.0,,False,12.0,False,,,False,auto,128.0,silu,96.0,False,RylanSchaeffer/mem_Qwen3-34M_minerva_math_rep_0_sbst_1.0000_epch_1_ot_4,True,,end,<HUB_TOKEN>,"{'0': 'LABEL_0', '1': 'LABEL_1'}",False,[],False,True,False,0.02,256.0,False,False,False,"{'LABEL_0': 0, 'LABEL_1': 1}",,0.0,"['full_attention', 'full_attention', 'full_attention']",0.0010017045472593205,length,1.0,,False,0.0,passive,warning,True,models/pt_language_model/mem_Qwen3-34M_minerva_math_rep_0_sbst_1.0000_epch_1_ot_4/runs/Sep17_19-02-19_skampere1,False,True,1.0,steps,cosine,1.0,20.0,32768.0,-1.0,28.0,,0.0,34061856.0,"{'attn_implementation': 'flash_attention_2', 'model_name': 'Qwen3/Qwen3-34M', 'torch_dtype': 'bfloat16'}",qwen3,,,False,0.0,32.0,1.0,1.0,3.0,32.0,1.0,1.0,adamw_torch_fused,,,False,models/pt_language_model/mem_Qwen3-34M_minerva_math_rep_0_sbst_1.0000_epch_1_ot_4,False,False,False,151669.0,,-1.0,42.0,42.0,,,False,,,False,,,<PUSH_TO_HUB_TOKEN>,last,False,True,1.0,['wandb'],False,,True,False,1e-06,,10000.0,legendary-sweep-18,False,False,True,500.0,no,1.0,0,,True,,,,1.0,,False,False,False,,50.0,1.0,True,inductor,,,,False,False,,"{'base_learning_rate': 1e-06, 'data_seed': 0, 'dataloader_drop_last': True, 'dataloader_num_workers': 8, 'dataloader_prefetch_factor': 4, 'eval_on_start': True, 'eval_steps': 2000, 'eval_strategy': 'steps', 'gradient_checkpointing': False, 'hub_strategy': 'end', 'logging_steps': 1, 'lr_scheduler_type': 'cosine', 'max_grad_norm': 1, 'max_length': 2048, 'max_steps': -1, 'num_train_epochs': 1, 'optim': 'adamw_torch_fused', 'overtrain_multiplier': 4, 'per_device_eval_batch_size': 42, 'per_device_train_batch_size': 42, 'remove_unused_columns': True, 'report_to': 'wandb', 'save_strategy': 'no', 'save_total_limit': 1, 'torch_compile': True, 'warmup_steps': 250, 'weight_decay': 0}",4.56.1,1.0,False,True,False,False,False,False,False,False,151670.0,0.0,250.0,0.0,finished,g31f7bsb,2y0aqyfq
21936.0,3634.0,1758398815.204627,21936.0,1.8451662063598633,13.4314,372.261,11.019,3.9823310375213623,880.4294,147.27,4.332,1.0,1.8451662063598633,13.4314,372.261,11.019,3.9823310375213623,880.4294,147.27,4.332,1332831794.0,472583768691965950,1.0,3627.0,0.1845703125,2.0609543568245776e-10,3.9798,1332831794.0,64713.372,4.5042518291520715,20595.9266,83.818,0.176,"{'dispatch_batches': None, 'even_batches': True, 'gradient_accumulation_kwargs': None, 'non_blocking': False, 'split_batches': False, 'use_seedable_sampler': True}",False,0.9,0.999,1e-08,False,,False,0.0,False,False,,False,,True,False,,0.0,,"{'benchmark': 'EleutherAI/minerva_math', 'benchmark_shuffle_seed': 0, 'benchmark_subset_fraction': 1, 'corpus': 'fineweb-edu-dedup', 'num_benchmark_replicas_per_epoch': 10, 'shuffle_seed': 0}",0.0,True,8.0,False,True,4.0,,,,,1800.0,[],,,False,0.0,True,False,False,False,bfloat16,False,0.0,151643.0,,0.0,True,True,2000.0,steps,False,,,,,False,auto,False,O1,[],"{'min_num_params': 0, 'xla': False, 'xla_fsdp_grad_ckpt': False, 'xla_fsdp_v2': False}",0.0,,False,14.0,False,,,False,auto,128.0,silu,224.0,False,RylanSchaeffer/mem_Qwen3-93M_minerva_math_rep_10_sbst_1.0000_epch_1_ot_1,True,,end,<HUB_TOKEN>,"{'0': 'LABEL_0', '1': 'LABEL_1'}",False,[],False,True,False,0.02,768.0,False,False,False,"{'LABEL_0': 0, 'LABEL_1': 1}",,0.0,"['full_attention', 'full_attention', 'full_attention', 'full_attention', 'full_attention', 'full_attention']",0.0009525565600005072,length,1.0,,False,0.0,passive,warning,True,models/pt_language_model/mem_Qwen3-93M_minerva_math_rep_10_sbst_1.0000_epch_1_ot_1/runs/Sep20_07-01-43_skampere1,False,True,1.0,steps,cosine,1.0,20.0,32768.0,-1.0,28.0,,0.0,93069280.0,"{'attn_implementation': 'flash_attention_2', 'model_name': 'Qwen3/Qwen3-93M', 'torch_dtype': 'bfloat16'}",qwen3,,,False,0.0,32.0,1.0,1.0,6.0,32.0,1.0,1.0,adamw_torch_fused,,,False,models/pt_language_model/mem_Qwen3-93M_minerva_math_rep_10_sbst_1.0000_epch_1_ot_1,False,False,False,151669.0,,-1.0,34.0,34.0,,,False,,,False,,,<PUSH_TO_HUB_TOKEN>,last,False,True,1.0,['wandb'],False,,True,False,1e-06,,10000.0,decent-sweep-4,False,False,True,500.0,no,1.0,0,,True,,,,1.0,,False,False,False,,50.0,1.0,True,inductor,,,,False,False,,"{'base_learning_rate': 1e-06, 'data_seed': 0, 'dataloader_drop_last': True, 'dataloader_num_workers': 8, 'dataloader_prefetch_factor': 4, 'eval_on_start': True, 'eval_steps': 2000, 'eval_strategy': 'steps', 'gradient_checkpointing': False, 'hub_strategy': 'end', 'logging_steps': 1, 'lr_scheduler_type': 'cosine', 'max_grad_norm': 1, 'max_length': 2048, 'max_steps': -1, 'num_train_epochs': 1, 'optim': 'adamw_torch_fused', 'overtrain_multiplier': 1, 'per_device_eval_batch_size': 34, 'per_device_train_batch_size': 34, 'remove_unused_columns': True, 'report_to': 'wandb', 'save_strategy': 'no', 'save_total_limit': 1, 'torch_compile': True, 'warmup_steps': 250, 'weight_decay': 0}",4.56.1,1.0,False,True,False,False,False,False,False,False,151670.0,0.0,250.0,0.0,finished,x8gmmzlo,qf4metyu
30123.0,5118.0,1758407093.1553764,30123.0,4.2287917137146,9.2841,538.553,7.971,3.5309767723083496,615.2441,210.747,3.1,1.0,4.2287917137146,9.2841,538.553,7.971,3.5309767723083496,615.2441,210.747,3.1,2186040497.0,1371645065465692200,1.0,5109.0,0.12255859375,1.0631021347548913e-10,3.5699,2186040497.0,75643.917,3.976706135457312,28899.0928,96.173,0.177,"{'dispatch_batches': None, 'even_batches': True, 'gradient_accumulation_kwargs': None, 'non_blocking': False, 'split_batches': False, 'use_seedable_sampler': True}",False,0.9,0.999,1e-08,False,,False,0.0,False,True,,False,,True,False,,0.0,,"{'benchmark': 'EleutherAI/minerva_math', 'benchmark_shuffle_seed': 0, 'benchmark_subset_fraction': 1, 'corpus': 'fineweb-edu-dedup', 'num_benchmark_replicas_per_epoch': 0, 'shuffle_seed': 0}",0.0,True,4.0,False,True,4.0,nccl,,,False,1800.0,[],,,False,0.0,True,False,False,False,bfloat16,False,0.0,151643.0,,0.0,True,True,2000.0,steps,False,,,,,False,auto,False,O1,[],"{'min_num_params': 0, 'xla': False, 'xla_fsdp_grad_ckpt': False, 'xla_fsdp_v2': False}",0.0,,False,8.0,False,,,False,auto,128.0,silu,320.0,False,RylanSchaeffer/mem_Qwen3-153M_minerva_math_rep_0_sbst_1.0000_epch_1_ot_1,True,,end,<HUB_TOKEN>,"{'0': 'LABEL_0', '1': 'LABEL_1'}",False,[],False,True,False,0.02,1024.0,False,False,False,"{'LABEL_0': 0, 'LABEL_1': 1}",,0.0,"['full_attention', 'full_attention', 'full_attention', 'full_attention', 'full_attention', 'full_attention', 'full_attention', 'full_attention', 'full_attention']",0.0010172531641631792,length,1.0,,False,0.0,passive,warning,True,models/pt_language_model/mem_Qwen3-153M_minerva_math_rep_0_sbst_1.0000_epch_1_ot_1/runs/Sep20_07-03-29_skampere1,False,True,1.0,steps,cosine,1.0,20.0,32768.0,-1.0,28.0,,0.0,153110464.0,"{'attn_implementation': 'flash_attention_2', 'model_name': 'Qwen3/Qwen3-153M', 'torch_dtype': 'bfloat16'}",qwen3,,,False,0.0,32.0,1.0,1.0,9.0,32.0,1.0,1.0,adamw_torch_fused,,,False,models/pt_language_model/mem_Qwen3-153M_minerva_math_rep_0_sbst_1.0000_epch_1_ot_1,False,False,False,151669.0,,-1.0,34.0,34.0,,,False,,,False,,,<PUSH_TO_HUB_TOKEN>,last,False,True,1.0,['wandb'],False,,True,False,1e-06,,10000.0,deep-sweep-1,False,False,True,500.0,no,1.0,0,,True,,,,1.0,,False,False,False,,50.0,1.0,True,inductor,,,,False,False,,"{'base_learning_rate': 1e-06, 'data_seed': 0, 'dataloader_drop_last': True, 'dataloader_num_workers': 4, 'dataloader_prefetch_factor': 4, 'eval_on_start': True, 'eval_steps': 2000, 'eval_strategy': 'steps', 'gradient_checkpointing': False, 'hub_strategy': 'end', 'logging_steps': 1, 'lr_scheduler_type': 'cosine', 'max_grad_norm': 1, 'max_length': 2048, 'max_steps': -1, 'num_train_epochs': 1, 'optim': 'adamw_torch_fused', 'overtrain_multiplier': 1, 'per_device_eval_batch_size': 34, 'per_device_train_batch_size': 34, 'remove_unused_columns': True, 'report_to': 'wandb', 'save_strategy': 'no', 'save_total_limit': 1, 'torch_compile': True, 'warmup_steps': 250, 'weight_decay': 0}",4.56.1,1.0,False,True,False,False,False,False,False,False,151670.0,0.0,250.0,0.0,finished,sl086kx0,j8wre53p
31891.0,7863.0,1758199802.4973154,31891.0,5.471460819244385,10.0997,495.063,11.882,4.46356725692749,642.9306,201.672,4.803,1.0,5.471460819244385,10.0997,495.063,11.882,4.46356725692749,642.9306,201.672,4.803,3890680840.0,455245514758160400,1.0,7852.0,0.28125,4.686619547237313e-11,4.5138,3890680840.0,127839.377,4.7764439304082655,30434.1361,162.529,0.258,"{'dispatch_batches': None, 'even_batches': True, 'gradient_accumulation_kwargs': None, 'non_blocking': False, 'split_batches': False, 'use_seedable_sampler': True}",False,0.9,0.999,1e-08,False,,False,0.0,False,False,,False,,True,False,,0.0,,"{'benchmark': 'EleutherAI/minerva_math', 'benchmark_shuffle_seed': 0, 'benchmark_subset_fraction': 1, 'corpus': 'fineweb-edu-dedup', 'num_benchmark_replicas_per_epoch': 0, 'shuffle_seed': 0}",0.0,True,8.0,False,True,4.0,,,,,1800.0,[],,,False,0.0,True,False,False,False,bfloat16,False,0.0,151643.0,,0.0,True,True,2000.0,steps,False,,,,,False,auto,False,O1,[],"{'min_num_params': 0, 'xla': False, 'xla_fsdp_grad_ckpt': False, 'xla_fsdp_v2': False}",0.0,,False,15.0,False,,,False,auto,128.0,silu,96.0,False,RylanSchaeffer/mem_Qwen3-34M_minerva_math_rep_0_sbst_1.0000_epch_1_ot_8,True,,end,<HUB_TOKEN>,"{'0': 'LABEL_0', '1': 'LABEL_1'}",False,[],False,True,False,0.02,256.0,False,False,False,"{'LABEL_0': 0, 'LABEL_1': 1}",,0.0,"['full_attention', 'full_attention', 'full_attention']",0.0010976798258144312,length,1.0,,False,0.0,passive,warning,True,models/pt_language_model/mem_Qwen3-34M_minerva_math_rep_0_sbst_1.0000_epch_1_ot_8/runs/Sep17_20-58-46_skampere1,False,True,1.0,steps,cosine,1.0,20.0,32768.0,-1.0,28.0,,0.0,34061856.0,"{'attn_implementation': 'flash_attention_2', 'model_name': 'Qwen3/Qwen3-34M', 'torch_dtype': 'bfloat16'}",qwen3,,,False,0.0,32.0,1.0,1.0,3.0,32.0,1.0,1.0,adamw_torch_fused,,,False,models/pt_language_model/mem_Qwen3-34M_minerva_math_rep_0_sbst_1.0000_epch_1_ot_8,False,False,False,151669.0,,-1.0,42.0,42.0,,,False,,,False,,,<PUSH_TO_HUB_TOKEN>,last,False,True,1.0,['wandb'],False,,True,False,1e-06,,10000.0,fine-sweep-19,False,False,True,500.0,no,1.0,0,,True,,,,1.0,,False,False,False,,50.0,1.0,True,inductor,,,,False,False,,"{'base_learning_rate': 1e-06, 'data_seed': 0, 'dataloader_drop_last': True, 'dataloader_num_workers': 8, 'dataloader_prefetch_factor': 4, 'eval_on_start': True, 'eval_steps': 2000, 'eval_strategy': 'steps', 'gradient_checkpointing': False, 'hub_strategy': 'end', 'logging_steps': 1, 'lr_scheduler_type': 'cosine', 'max_grad_norm': 1, 'max_length': 2048, 'max_steps': -1, 'num_train_epochs': 1, 'optim': 'adamw_torch_fused', 'overtrain_multiplier': 8, 'per_device_eval_batch_size': 42, 'per_device_train_batch_size': 42, 'remove_unused_columns': True, 'report_to': 'wandb', 'save_strategy': 'no', 'save_total_limit': 1, 'torch_compile': True, 'warmup_steps': 250, 'weight_decay': 0}",4.56.1,1.0,False,True,False,False,False,False,False,False,151670.0,0.0,250.0,0.0,finished,g31f7bsb,03ykocmi
22285.0,3557.0,1758105803.9802957,22285.0,4.831086158752441,13.7723,363.048,10.746,3.9487698078155518,889.8271,145.715,4.286,1.0,4.831086158752441,13.7723,363.048,10.746,3.9487698078155518,889.8271,145.715,4.286,1328685442.0,471113591546708000,1.0,3550.0,0.3125,2.1582542943740022e-10,3.9124,1328685442.0,63692.715,4.4906001063467755,20860.871,80.986,0.17,"{'dispatch_batches': None, 'even_batches': True, 'gradient_accumulation_kwargs': None, 'non_blocking': False, 'split_batches': False, 'use_seedable_sampler': True}",False,0.9,0.999,1e-08,False,,False,0.0,False,False,,False,,True,False,,0.0,,"{'benchmark': 'EleutherAI/minerva_math', 'benchmark_shuffle_seed': 0, 'benchmark_subset_fraction': 1, 'corpus': 'fineweb-edu-dedup', 'num_benchmark_replicas_per_epoch': 0, 'shuffle_seed': 0}",0.0,True,8.0,False,True,4.0,,,,,1800.0,[],,,False,0.0,True,False,False,False,bfloat16,False,0.0,151643.0,,0.0,True,True,2000.0,steps,False,,,,,False,auto,False,O1,[],"{'min_num_params': 0, 'xla': False, 'xla_fsdp_grad_ckpt': False, 'xla_fsdp_v2': False}",0.0,,False,14.0,False,,,False,auto,128.0,silu,224.0,False,RylanSchaeffer/mem_Qwen3-93M_minerva_math_rep_0_sbst_1.0000_epch_1_ot_1,True,,end,<HUB_TOKEN>,"{'0': 'LABEL_0', '1': 'LABEL_1'}",False,[],False,True,False,0.02,768.0,False,False,False,"{'LABEL_0': 0, 'LABEL_1': 1}",,0.0,"['full_attention', 'full_attention', 'full_attention', 'full_attention', 'full_attention', 'full_attention']",0.0009525565600005072,length,1.0,,False,0.0,passive,warning,True,models/pt_language_model/mem_Qwen3-93M_minerva_math_rep_0_sbst_1.0000_epch_1_ot_1/runs/Sep16_21-32-21_skampere1,False,True,1.0,steps,cosine,1.0,20.0,32768.0,-1.0,28.0,,0.0,93069280.0,"{'attn_implementation': 'flash_attention_2', 'model_name': 'Qwen3/Qwen3-93M', 'torch_dtype': 'bfloat16'}",qwen3,,,False,0.0,32.0,1.0,1.0,6.0,32.0,1.0,1.0,adamw_torch_fused,,,False,models/pt_language_model/mem_Qwen3-93M_minerva_math_rep_0_sbst_1.0000_epch_1_ot_1,False,False,False,151669.0,,-1.0,34.0,34.0,,,False,,,False,,,<PUSH_TO_HUB_TOKEN>,last,False,True,1.0,['wandb'],False,,True,False,1e-06,,10000.0,denim-sweep-1,False,False,True,500.0,no,1.0,0,,True,,,,1.0,,False,False,False,,50.0,1.0,True,inductor,,,,False,False,,"{'base_learning_rate': 1e-06, 'data_seed': 0, 'dataloader_drop_last': True, 'dataloader_num_workers': 8, 'dataloader_prefetch_factor': 4, 'eval_on_start': True, 'eval_steps': 2000, 'eval_strategy': 'steps', 'gradient_checkpointing': False, 'hub_strategy': 'end', 'logging_steps': 1, 'lr_scheduler_type': 'cosine', 'max_grad_norm': 1, 'max_length': 2048, 'max_steps': -1, 'num_train_epochs': 1, 'optim': 'adamw_torch_fused', 'overtrain_multiplier': 1, 'per_device_eval_batch_size': 34, 'per_device_train_batch_size': 34, 'remove_unused_columns': True, 'report_to': 'wandb', 'save_strategy': 'no', 'save_total_limit': 1, 'torch_compile': True, 'warmup_steps': 250, 'weight_decay': 0}",4.56.1,1.0,False,True,False,False,False,False,False,False,151670.0,0.0,250.0,0.0,finished,ho49sshi,urae47h4
61628.0,13873.0,1758239392.8312118,61628.0,5.219422340393066,10.0587,497.084,11.93,4.304557800292969,640.4018,202.468,4.822,1.0,5.219422340393066,10.0587,497.084,11.93,4.304557800292969,640.4018,202.468,4.822,7779873779.0,910316931481862100,1.0,13856.0,0.2451171875,1.6032100375209846e-11,4.3052,7779873779.0,130811.143,4.503463959514957,59474.0924,166.339,0.233,"{'dispatch_batches': None, 'even_batches': True, 'gradient_accumulation_kwargs': None, 'non_blocking': False, 'split_batches': False, 'use_seedable_sampler': True}",False,0.9,0.999,1e-08,False,,False,0.0,False,False,,False,,True,False,,0.0,,"{'benchmark': 'EleutherAI/minerva_math', 'benchmark_shuffle_seed': 0, 'benchmark_subset_fraction': 1, 'corpus': 'fineweb-edu-dedup', 'num_benchmark_replicas_per_epoch': 0, 'shuffle_seed': 0}",0.0,True,8.0,False,True,4.0,,,,,1800.0,[],,,False,0.0,True,False,False,False,bfloat16,False,0.0,151643.0,,0.0,True,True,2000.0,steps,False,,,,,False,auto,False,O1,[],"{'min_num_params': 0, 'xla': False, 'xla_fsdp_grad_ckpt': False, 'xla_fsdp_v2': False}",0.0,,False,17.0,False,,,False,auto,128.0,silu,96.0,False,RylanSchaeffer/mem_Qwen3-34M_minerva_math_rep_0_sbst_1.0000_epch_1_ot_16,True,,end,<HUB_TOKEN>,"{'0': 'LABEL_0', '1': 'LABEL_1'}",False,[],False,True,False,0.02,256.0,False,False,False,"{'LABEL_0': 0, 'LABEL_1': 1}",,0.0,"['full_attention', 'full_attention', 'full_attention']",0.0012028503647586429,length,1.0,,False,0.0,passive,warning,True,models/pt_language_model/mem_Qwen3-34M_minerva_math_rep_0_sbst_1.0000_epch_1_ot_16/runs/Sep17_23-43-01_skampere1,False,True,1.0,steps,cosine,1.0,20.0,32768.0,-1.0,28.0,,0.0,34061856.0,"{'attn_implementation': 'flash_attention_2', 'model_name': 'Qwen3/Qwen3-34M', 'torch_dtype': 'bfloat16'}",qwen3,,,False,0.0,32.0,1.0,1.0,3.0,32.0,1.0,1.0,adamw_torch_fused,,,False,models/pt_language_model/mem_Qwen3-34M_minerva_math_rep_0_sbst_1.0000_epch_1_ot_16,False,False,False,151669.0,,-1.0,42.0,42.0,,,False,,,False,,,<PUSH_TO_HUB_TOKEN>,last,False,True,1.0,['wandb'],False,,True,False,1e-06,,10000.0,rose-sweep-20,False,False,True,500.0,no,1.0,0,,True,,,,1.0,,False,False,False,,50.0,1.0,True,inductor,,,,False,False,,"{'base_learning_rate': 1e-06, 'data_seed': 0, 'dataloader_drop_last': True, 'dataloader_num_workers': 8, 'dataloader_prefetch_factor': 4, 'eval_on_start': True, 'eval_steps': 2000, 'eval_strategy': 'steps', 'gradient_checkpointing': False, 'hub_strategy': 'end', 'logging_steps': 1, 'lr_scheduler_type': 'cosine', 'max_grad_norm': 1, 'max_length': 2048, 'max_steps': -1, 'num_train_epochs': 1, 'optim': 'adamw_torch_fused', 'overtrain_multiplier': 16, 'per_device_eval_batch_size': 42, 'per_device_train_batch_size': 42, 'remove_unused_columns': True, 'report_to': 'wandb', 'save_strategy': 'no', 'save_total_limit': 1, 'torch_compile': True, 'warmup_steps': 250, 'weight_decay': 0}",4.56.1,1.0,False,True,False,False,False,False,False,False,151670.0,0.0,250.0,0.0,finished,g31f7bsb,dum5l7i6
22078.0,3805.0,1758417338.6806965,22078.0,1.168316125869751,14.0202,356.629,10.556,3.942146062850952,888.3251,145.961,4.293,1.0,1.168316125869751,14.0202,356.629,10.556,3.942146062850952,888.3251,145.961,4.293,1341900069.0,475799118038433800,1.0,3798.0,0.5703125,1.8670814993869982e-10,3.6571,1341900069.0,64310.773,4.387255330095798,20865.8686,86.621,0.182,"{'dispatch_batches': None, 'even_batches': True, 'gradient_accumulation_kwargs': None, 'non_blocking': False, 'split_batches': False, 'use_seedable_sampler': True}",False,0.9,0.999,1e-08,False,,False,0.0,False,False,,False,,True,False,,0.0,,"{'benchmark': 'EleutherAI/minerva_math', 'benchmark_shuffle_seed': 0, 'benchmark_subset_fraction': 1, 'corpus': 'fineweb-edu-dedup', 'num_benchmark_replicas_per_epoch': 32, 'shuffle_seed': 0}",0.0,True,8.0,False,True,4.0,,,,,1800.0,[],,,False,0.0,True,False,False,False,bfloat16,False,0.0,151643.0,,0.0,True,True,2000.0,steps,False,,,,,False,auto,False,O1,[],"{'min_num_params': 0, 'xla': False, 'xla_fsdp_grad_ckpt': False, 'xla_fsdp_v2': False}",0.0,,False,14.0,False,,,False,auto,128.0,silu,224.0,False,RylanSchaeffer/mem_Qwen3-93M_minerva_math_rep_32_sbst_1.0000_epch_1_ot_1,True,,end,<HUB_TOKEN>,"{'0': 'LABEL_0', '1': 'LABEL_1'}",False,[],False,True,False,0.02,768.0,False,False,False,"{'LABEL_0': 0, 'LABEL_1': 1}",,0.0,"['full_attention', 'full_attention', 'full_attention', 'full_attention', 'full_attention', 'full_attention']",0.0009525565600005072,length,1.0,,False,0.0,passive,warning,True,models/pt_language_model/mem_Qwen3-93M_minerva_math_rep_32_sbst_1.0000_epch_1_ot_1/runs/Sep20_12-08-03_skampere1,False,True,1.0,steps,cosine,1.0,20.0,32768.0,-1.0,28.0,,0.0,93069280.0,"{'attn_implementation': 'flash_attention_2', 'model_name': 'Qwen3/Qwen3-93M', 'torch_dtype': 'bfloat16'}",qwen3,,,False,0.0,32.0,1.0,1.0,6.0,32.0,1.0,1.0,adamw_torch_fused,,,False,models/pt_language_model/mem_Qwen3-93M_minerva_math_rep_32_sbst_1.0000_epch_1_ot_1,False,False,False,151669.0,,-1.0,34.0,34.0,,,False,,,False,,,<PUSH_TO_HUB_TOKEN>,last,False,True,1.0,['wandb'],False,,True,False,1e-06,,10000.0,robust-sweep-5,False,False,True,500.0,no,1.0,0,,True,,,,1.0,,False,False,False,,50.0,1.0,True,inductor,,,,False,False,,"{'base_learning_rate': 1e-06, 'data_seed': 0, 'dataloader_drop_last': True, 'dataloader_num_workers': 8, 'dataloader_prefetch_factor': 4, 'eval_on_start': True, 'eval_steps': 2000, 'eval_strategy': 'steps', 'gradient_checkpointing': False, 'hub_strategy': 'end', 'logging_steps': 1, 'lr_scheduler_type': 'cosine', 'max_grad_norm': 1, 'max_length': 2048, 'max_steps': -1, 'num_train_epochs': 1, 'optim': 'adamw_torch_fused', 'overtrain_multiplier': 1, 'per_device_eval_batch_size': 34, 'per_device_train_batch_size': 34, 'remove_unused_columns': True, 'report_to': 'wandb', 'save_strategy': 'no', 'save_total_limit': 1, 'torch_compile': True, 'warmup_steps': 250, 'weight_decay': 0}",4.56.1,1.0,False,True,False,False,False,False,False,False,151670.0,0.0,250.0,0.0,finished,x8gmmzlo,6fpx65yw
24963.0,6007.0,1758373229.356011,24963.0,0.06385581940412521,13.3781,373.746,11.063,4.052614212036133,884.7551,146.55,4.311,1.0,0.06385581940412521,13.3781,373.746,11.063,4.052614212036133,884.7551,146.55,4.311,1459371641.0,517451153848926200,1.0,5998.0,0.5703125,7.11372375867264e-11,2.6391,1459371641.0,61897.031,3.2087383024213154,23577.4104,121.074,0.254,"{'dispatch_batches': None, 'even_batches': True, 'gradient_accumulation_kwargs': None, 'non_blocking': False, 'split_batches': False, 'use_seedable_sampler': True}",False,0.9,0.999,1e-08,False,,False,0.0,False,False,,False,,True,False,,0.0,,"{'benchmark': 'EleutherAI/minerva_math', 'benchmark_shuffle_seed': 0, 'benchmark_subset_fraction': 1, 'corpus': 'fineweb-edu-dedup', 'num_benchmark_replicas_per_epoch': 316, 'shuffle_seed': 0}",0.0,True,8.0,False,True,4.0,,,,,1800.0,[],,,False,0.0,True,False,False,False,bfloat16,False,0.0,151643.0,,0.0,True,True,2000.0,steps,False,,,,,False,auto,False,O1,[],"{'min_num_params': 0, 'xla': False, 'xla_fsdp_grad_ckpt': False, 'xla_fsdp_v2': False}",0.0,,False,14.0,False,,,False,auto,128.0,silu,224.0,False,RylanSchaeffer/mem_Qwen3-93M_minerva_math_rep_316_sbst_1.0000_epch_1_ot_1,True,,end,<HUB_TOKEN>,"{'0': 'LABEL_0', '1': 'LABEL_1'}",False,[],False,True,False,0.02,768.0,False,False,False,"{'LABEL_0': 0, 'LABEL_1': 1}",,0.0,"['full_attention', 'full_attention', 'full_attention', 'full_attention', 'full_attention', 'full_attention']",0.0009525565600005072,length,1.0,,False,0.0,passive,warning,True,models/pt_language_model/mem_Qwen3-93M_minerva_math_rep_316_sbst_1.0000_epch_1_ot_1/runs/Sep19_23-04-48_skampere1,False,True,1.0,steps,cosine,1.0,20.0,32768.0,-1.0,28.0,,0.0,93069280.0,"{'attn_implementation': 'flash_attention_2', 'model_name': 'Qwen3/Qwen3-93M', 'torch_dtype': 'bfloat16'}",qwen3,,,False,0.0,32.0,1.0,1.0,6.0,32.0,1.0,1.0,adamw_torch_fused,,,False,models/pt_language_model/mem_Qwen3-93M_minerva_math_rep_316_sbst_1.0000_epch_1_ot_1,False,False,False,151669.0,,-1.0,34.0,34.0,,,False,,,False,,,<PUSH_TO_HUB_TOKEN>,last,False,True,1.0,['wandb'],False,,True,False,1e-06,,10000.0,fallen-sweep-1,False,False,True,500.0,no,1.0,0,,True,,,,1.0,,False,False,False,,50.0,1.0,True,inductor,,,,False,False,,"{'base_learning_rate': 1e-06, 'data_seed': 0, 'dataloader_drop_last': True, 'dataloader_num_workers': 8, 'dataloader_prefetch_factor': 4, 'eval_on_start': True, 'eval_steps': 2000, 'eval_strategy': 'steps', 'gradient_checkpointing': False, 'hub_strategy': 'end', 'logging_steps': 1, 'lr_scheduler_type': 'cosine', 'max_grad_norm': 1, 'max_length': 2048, 'max_steps': -1, 'num_train_epochs': 1, 'optim': 'adamw_torch_fused', 'overtrain_multiplier': 1, 'per_device_eval_batch_size': 34, 'per_device_train_batch_size': 34, 'remove_unused_columns': True, 'report_to': 'wandb', 'save_strategy': 'no', 'save_total_limit': 1, 'torch_compile': True, 'warmup_steps': 250, 'weight_decay': 0}",4.56.1,1.0,False,True,False,False,False,False,False,False,151670.0,0.0,250.0,0.0,finished,x8gmmzlo,rj1f3jiz
